#-----------------------------------------------------------
# Vivado v2019.2 (64-bit)
# SW Build 2708876 on Wed Nov  6 21:40:23 MST 2019
# IP Build 2700528 on Thu Nov  7 00:09:20 MST 2019
# Start of session at: Sun May 11 10:13:05 2025
# Process ID: 11484
# Current directory: C:/Users/HP/OneDrive/桌面/stu/计组/组成与结构实验5/cache实验基础代码/cache_lab_v0.05/soc_axi_lite_loongson/run_vivado/mycpu_prj1
# Command line: vivado.exe -gui_launcher_event rodinguilauncherevent1940 C:\Users\HP\OneDrive\桌面\stu\计组\组成与结构实验5\cache实验基础代码\cache_lab_v0.05\soc_axi_lite_loongson\run_vivado\mycpu_prj1\mycpu.xpr
# Log file: C:/Users/HP/OneDrive/桌面/stu/计组/组成与结构实验5/cache实验基础代码/cache_lab_v0.05/soc_axi_lite_loongson/run_vivado/mycpu_prj1/vivado.log
# Journal file: C:/Users/HP/OneDrive/桌面/stu/计组/组成与结构实验5/cache实验基础代码/cache_lab_v0.05/soc_axi_lite_loongson/run_vivado/mycpu_prj1\vivado.jou
#-----------------------------------------------------------
start_gui
open_project C:/Users/HP/OneDrive/桌面/stu/计组/组成与结构实验5/cache实验基础代码/cache_lab_v0.05/soc_axi_lite_loongson/run_vivado/mycpu_prj1/mycpu.xpr
INFO: [ProjectBase 1-489] The host OS only allows 260 characters in a normal path. The project is stored in a path with more than 80 characters. If you experience issues with IP, Block Designs, or files not being found, please consider moving the project to a location with a shorter path. Alternately consider using the OS subst command to map part of the path to a drive letter.
Current project path is 'C:/Users/HP/OneDrive/桌面/stu/计组/组成与结构实验5/cache实验基础代码/cache_lab_v0.05/soc_axi_lite_loongson/run_vivado/mycpu_prj1'
INFO: [Common 17-41] Interrupt caught. Command should exit soon.
INFO: [Common 17-344] 'open_project' was cancelled
exit
INFO: [Common 17-206] Exiting Vivado at Sun May 11 10:13:50 2025...
ources...
Finished scanning sources
WARNING: [filemgmt 56-2] IPUserFilesDir: Could not find the directory 'C:/Users/HP/OneDrive/桌面/stu/计组/组成与结构实验5/cache实验基础代码/cache_lab_v0.05/soc_axi_lite_loongson/run_vivado/mycpu_prj1/mycpu.ip_user_files', nor could it be found using path 'd:/nscscc2020/团队赛/nscscc2019-info/nscscc2019_release_v0.01/perf_test_v0.01/soc_axi_perf/run_vivado/mycpu_prj1/mycpu.ip_user_files'.
INFO: [IP_Flow 19-234] Refreshing IP repositories
INFO: [IP_Flow 19-1704] No user IP repositories specified
INFO: [IP_Flow 19-2313] Loaded Vivado IP repository 'F:/vivado/Vivado/2019.2/data/ip'.
open_project: Time (s): cpu = 00:01:20 ; elapsed = 00:01:01 . Memory (MB): peak = 1161.848 ; gain = 473.309
update_compile_order -fileset sources_1
generate_target all [get_files C:/Users/HP/OneDrive/桌面/stu/计组/组成与结构实验5/cache实验基础代码/cache_lab_v0.05/soc_axi_lite_loongson/rtl/xilinx_ip/clk_pll/clk_pll.xci]
INFO: [IP_Flow 19-1686] Generating 'Instantiation Template' target for IP 'clk_pll'...
INFO: [IP_Flow 19-1686] Generating 'Synthesis' target for IP 'clk_pll'...
INFO: [IP_Flow 19-1686] Generating 'Simulation' target for IP 'clk_pll'...
INFO: [IP_Flow 19-1686] Generating 'Implementation' target for IP 'clk_pll'...
INFO: [IP_Flow 19-1686] Generating 'Change Log' target for IP 'clk_pll'...
export_ip_user_files -of_objects [get_files C:/Users/HP/OneDrive/桌面/stu/计组/组成与结构实验5/cache实验基础代码/cache_lab_v0.05/soc_axi_lite_loongson/rtl/xilinx_ip/clk_pll/clk_pll.xci] -no_script -sync -force -quiet
export_simulation -of_objects [get_files C:/Users/HP/OneDrive/桌面/stu/计组/组成与结构实验5/cache实验基础代码/cache_lab_v0.05/soc_axi_lite_loongson/rtl/xilinx_ip/clk_pll/clk_pll.xci] -directory C:/Users/HP/OneDrive/桌面/stu/计组/组成与结构实验5/cache实验基础代码/cache_lab_v0.05/soc_axi_lite_loongson/run_vivado/mycpu_prj1/mycpu.ip_user_files/sim_scripts -ip_user_files_dir C:/Users/HP/OneDrive/桌面/stu/计组/组成与结构实验5/cache实验基础代码/cache_lab_v0.05/soc_axi_lite_loongson/run_vivado/mycpu_prj1/mycpu.ip_user_files -ipstatic_source_dir C:/Users/HP/OneDrive/桌面/stu/计组/组成与结构实验5/cache实验基础代码/cache_lab_v0.05/soc_axi_lite_loongson/run_vivado/mycpu_prj1/mycpu.ip_user_files/ipstatic -lib_map_path [list {modelsim=C:/Users/HP/OneDrive/桌面/Modeltech_pe_edu_10.4a/xilinx_lib} {questa=C:/Users/HP/OneDrive/桌面/stu/计组/组成与结构实验5/cache实验基础代码/cache_lab_v0.05/soc_axi_lite_loongson/run_vivado/mycpu_prj1/mycpu.cache/compile_simlib/questa} {riviera=C:/Users/HP/OneDrive/桌面/stu/计组/组成与结构实验5/cache实验基础代码/cache_lab_v0.05/soc_axi_lite_loongson/run_vivado/mycpu_prj1/mycpu.cache/compile_simlib/riviera} {activehdl=C:/Users/HP/OneDrive/桌面/stu/计组/组成与结构实验5/cache实验基础代码/cache_lab_v0.05/soc_axi_lite_loongson/run_vivado/mycpu_prj1/mycpu.cache/compile_simlib/activehdl}] -use_ip_compiled_libs -force -quiet
create_fileset -blockset clk_pll
set_property top clk_pll [get_fileset clk_pll]
move_files -fileset [get_fileset clk_pll] [get_files -of_objects [get_fileset sources_1] C:/Users/HP/OneDrive/桌面/stu/计组/组成与结构实验5/cache实验基础代码/cache_lab_v0.05/soc_axi_lite_loongson/rtl/xilinx_ip/clk_pll/clk_pll.xci]
generate_target all [get_files C:/Users/HP/OneDrive/桌面/stu/计组/组成与结构实验5/cache实验基础代码/cache_lab_v0.05/soc_axi_lite_loongson/rtl/xilinx_ip/axi_ram/axi_ram.xci]
INFO: [IP_Flow 19-1686] Generating 'Instantiation Template' target for IP 'axi_ram'...
INFO: [IP_Flow 19-1686] Generating 'Synthesis' target for IP 'axi_ram'...
INFO: [IP_Flow 19-1686] Generating 'Simulation' target for IP 'axi_ram'...
INFO: [IP_Flow 19-1686] Generating 'Miscellaneous' target for IP 'axi_ram'...
INFO: [IP_Flow 19-1686] Generating 'Change Log' target for IP 'axi_ram'...
export_ip_user_files -of_objects [get_files C:/Users/HP/OneDrive/桌面/stu/计组/组成与结构实验5/cache实验基础代码/cache_lab_v0.05/soc_axi_lite_loongson/rtl/xilinx_ip/axi_ram/axi_ram.xci] -no_script -sync -force -quiet
export_simulation -of_objects [get_files C:/Users/HP/OneDrive/桌面/stu/计组/组成与结构实验5/cache实验基础代码/cache_lab_v0.05/soc_axi_lite_loongson/rtl/xilinx_ip/axi_ram/axi_ram.xci] -directory C:/Users/HP/OneDrive/桌面/stu/计组/组成与结构实验5/cache实验基础代码/cache_lab_v0.05/soc_axi_lite_loongson/run_vivado/mycpu_prj1/mycpu.ip_user_files/sim_scripts -ip_user_files_dir C:/Users/HP/OneDrive/桌面/stu/计组/组成与结构实验5/cache实验基础代码/cache_lab_v0.05/soc_axi_lite_loongson/run_vivado/mycpu_prj1/mycpu.ip_user_files -ipstatic_source_dir C:/Users/HP/OneDrive/桌面/stu/计组/组成与结构实验5/cache实验基础代码/cache_lab_v0.05/soc_axi_lite_loongson/run_vivado/mycpu_prj1/mycpu.ip_user_files/ipstatic -lib_map_path [list {modelsim=C:/Users/HP/OneDrive/桌面/Modeltech_pe_edu_10.4a/xilinx_lib} {questa=C:/Users/HP/OneDrive/桌面/stu/计组/组成与结构实验5/cache实验基础代码/cache_lab_v0.05/soc_axi_lite_loongson/run_vivado/mycpu_prj1/mycpu.cache/compile_simlib/questa} {riviera=C:/Users/HP/OneDrive/桌面/stu/计组/组成与结构实验5/cache实验基础代码/cache_lab_v0.05/soc_axi_lite_loongson/run_vivado/mycpu_prj1/mycpu.cache/compile_simlib/riviera} {activehdl=C:/Users/HP/OneDrive/桌面/stu/计组/组成与结构实验5/cache实验基础代码/cache_lab_v0.05/soc_axi_lite_loongson/run_vivado/mycpu_prj1/mycpu.cache/compile_simlib/activehdl}] -use_ip_compiled_libs -force -quiet
create_fileset -blockset axi_ram
set_property top axi_ram [get_fileset axi_ram]
move_files -fileset [get_fileset axi_ram] [get_files -of_objects [get_fileset sources_1] C:/Users/HP/OneDrive/桌面/stu/计组/组成与结构实验5/cache实验基础代码/cache_lab_v0.05/soc_axi_lite_loongson/rtl/xilinx_ip/axi_ram/axi_ram.xci]
generate_target all [get_files C:/Users/HP/OneDrive/桌面/stu/计组/组成与结构实验5/cache实验基础代码/cache_lab_v0.05/soc_axi_lite_loongson/rtl/xilinx_ip/axi_crossbar_1x2/axi_crossbar_1x2.xci]
INFO: [IP_Flow 19-1686] Generating 'Instantiation Template' target for IP 'axi_crossbar_1x2'...
INFO: [IP_Flow 19-1686] Generating 'Synthesis' target for IP 'axi_crossbar_1x2'...
INFO: [IP_Flow 19-1686] Generating 'Simulation' target for IP 'axi_crossbar_1x2'...
INFO: [IP_Flow 19-1686] Generating 'Change Log' target for IP 'axi_crossbar_1x2'...
export_ip_user_files -of_objects [get_files C:/Users/HP/OneDrive/桌面/stu/计组/组成与结构实验5/cache实验基础代码/cache_lab_v0.05/soc_axi_lite_loongson/rtl/xilinx_ip/axi_crossbar_1x2/axi_crossbar_1x2.xci] -no_script -sync -force -quiet
export_simulation -of_objects [get_files C:/Users/HP/OneDrive/桌面/stu/计组/组成与结构实验5/cache实验基础代码/cache_lab_v0.05/soc_axi_lite_loongson/rtl/xilinx_ip/axi_crossbar_1x2/axi_crossbar_1x2.xci] -directory C:/Users/HP/OneDrive/桌面/stu/计组/组成与结构实验5/cache实验基础代码/cache_lab_v0.05/soc_axi_lite_loongson/run_vivado/mycpu_prj1/mycpu.ip_user_files/sim_scripts -ip_user_files_dir C:/Users/HP/OneDrive/桌面/stu/计组/组成与结构实验5/cache实验基础代码/cache_lab_v0.05/soc_axi_lite_loongson/run_vivado/mycpu_prj1/mycpu.ip_user_files -ipstatic_source_dir C:/Users/HP/OneDrive/桌面/stu/计组/组成与结构实验5/cache实验基础代码/cache_lab_v0.05/soc_axi_lite_loongson/run_vivado/mycpu_prj1/mycpu.ip_user_files/ipstatic -lib_map_path [list {modelsim=C:/Users/HP/OneDrive/桌面/Modeltech_pe_edu_10.4a/xilinx_lib} {questa=C:/Users/HP/OneDrive/桌面/stu/计组/组成与结构实验5/cache实验基础代码/cache_lab_v0.05/soc_axi_lite_loongson/run_vivado/mycpu_prj1/mycpu.cache/compile_simlib/questa} {riviera=C:/Users/HP/OneDrive/桌面/stu/计组/组成与结构实验5/cache实验基础代码/cache_lab_v0.05/soc_axi_lite_loongson/run_vivado/mycpu_prj1/mycpu.cache/compile_simlib/riviera} {activehdl=C:/Users/HP/OneDrive/桌面/stu/计组/组成与结构实验5/cache实验基础代码/cache_lab_v0.05/soc_axi_lite_loongson/run_vivado/mycpu_prj1/mycpu.cache/compile_simlib/activehdl}] -use_ip_compiled_libs -force -quiet
create_fileset -blockset axi_crossbar_1x2
set_property top axi_crossbar_1x2 [get_fileset axi_crossbar_1x2]
move_files -fileset [get_fileset axi_crossbar_1x2] [get_files -of_objects [get_fileset sources_1] C:/Users/HP/OneDrive/桌面/stu/计组/组成与结构实验5/cache实验基础代码/cache_lab_v0.05/soc_axi_lite_loongson/rtl/xilinx_ip/axi_crossbar_1x2/axi_crossbar_1x2.xci]
generate_target all [get_files C:/Users/HP/OneDrive/桌面/stu/计组/组成与结构实验5/cache实验基础代码/cache_lab_v0.05/soc_axi_lite_loongson/rtl/xilinx_ip/axi_clock_converter/axi_clock_converter.xci]
INFO: [IP_Flow 19-1686] Generating 'Instantiation Template' target for IP 'axi_clock_converter'...
INFO: [IP_Flow 19-1686] Generating 'Synthesis' target for IP 'axi_clock_converter'...
WARNING: [IP_Flow 19-4994] Overwriting existing constraint file 'c:/Users/HP/OneDrive/桌面/stu/计组/组成与结构实验5/cache实验基础代码/cache_lab_v0.05/soc_axi_lite_loongson/rtl/xilinx_ip/axi_clock_converter/axi_clock_converter_ooc.xdc'
INFO: [IP_Flow 19-1686] Generating 'Simulation' target for IP 'axi_clock_converter'...
INFO: [IP_Flow 19-1686] Generating 'Implementation' target for IP 'axi_clock_converter'...
INFO: [IP_Flow 19-1686] Generating 'Change Log' target for IP 'axi_clock_converter'...
export_ip_user_files -of_objects [get_files C:/Users/HP/OneDrive/桌面/stu/计组/组成与结构实验5/cache实验基础代码/cache_lab_v0.05/soc_axi_lite_loongson/rtl/xilinx_ip/axi_clock_converter/axi_clock_converter.xci] -no_script -sync -force -quiet
export_simulation -of_objects [get_files C:/Users/HP/OneDrive/桌面/stu/计组/组成与结构实验5/cache实验基础代码/cache_lab_v0.05/soc_axi_lite_loongson/rtl/xilinx_ip/axi_clock_converter/axi_clock_converter.xci] -directory C:/Users/HP/OneDrive/桌面/stu/计组/组成与结构实验5/cache实验基础代码/cache_lab_v0.05/soc_axi_lite_loongson/run_vivado/mycpu_prj1/mycpu.ip_user_files/sim_scripts -ip_user_files_dir C:/Users/HP/OneDrive/桌面/stu/计组/组成与结构实验5/cache实验基础代码/cache_lab_v0.05/soc_axi_lite_loongson/run_vivado/mycpu_prj1/mycpu.ip_user_files -ipstatic_source_dir C:/Users/HP/OneDrive/桌面/stu/计组/组成与结构实验5/cache实验基础代码/cache_lab_v0.05/soc_axi_lite_loongson/run_vivado/mycpu_prj1/mycpu.ip_user_files/ipstatic -lib_map_path [list {modelsim=C:/Users/HP/OneDrive/桌面/Modeltech_pe_edu_10.4a/xilinx_lib} {questa=C:/Users/HP/OneDrive/桌面/stu/计组/组成与结构实验5/cache实验基础代码/cache_lab_v0.05/soc_axi_lite_loongson/run_vivado/mycpu_prj1/mycpu.cache/compile_simlib/questa} {riviera=C:/Users/HP/OneDrive/桌面/stu/计组/组成与结构实验5/cache实验基础代码/cache_lab_v0.05/soc_axi_lite_loongson/run_vivado/mycpu_prj1/mycpu.cache/compile_simlib/riviera} {activehdl=C:/Users/HP/OneDrive/桌面/stu/计组/组成与结构实验5/cache实验基础代码/cache_lab_v0.05/soc_axi_lite_loongson/run_vivado/mycpu_prj1/mycpu.cache/compile_simlib/activehdl}] -use_ip_compiled_libs -force -quiet
create_fileset -blockset axi_clock_converter
set_property top axi_clock_converter [get_fileset axi_clock_converter]
move_files -fileset [get_fileset axi_clock_converter] [get_files -of_objects [get_fileset sources_1] C:/Users/HP/OneDrive/桌面/stu/计组/组成与结构实验5/cache实验基础代码/cache_lab_v0.05/soc_axi_lite_loongson/rtl/xilinx_ip/axi_clock_converter/axi_clock_converter.xci]
generate_target all [get_files C:/Users/HP/OneDrive/桌面/stu/计组/组成与结构实验5/cache实验基础代码/cache_lab_v0.05/soc_axi_lite_loongson/rtl/xilinx_ip/unsigned_mult/unsigned_mult.xci]
INFO: [IP_Flow 19-1686] Generating 'Instantiation Template' target for IP 'unsigned_mult'...
INFO: [IP_Flow 19-1686] Generating 'Synthesis' target for IP 'unsigned_mult'...
INFO: [IP_Flow 19-1686] Generating 'Simulation' target for IP 'unsigned_mult'...
INFO: [IP_Flow 19-1686] Generating 'Change Log' target for IP 'unsigned_mult'...
export_ip_user_files -of_objects [get_files C:/Users/HP/OneDrive/桌面/stu/计组/组成与结构实验5/cache实验基础代码/cache_lab_v0.05/soc_axi_lite_loongson/rtl/xilinx_ip/unsigned_mult/unsigned_mult.xci] -no_script -sync -force -quiet
export_simulation -of_objects [get_files C:/Users/HP/OneDrive/桌面/stu/计组/组成与结构实验5/cache实验基础代码/cache_lab_v0.05/soc_axi_lite_loongson/rtl/xilinx_ip/unsigned_mult/unsigned_mult.xci] -directory C:/Users/HP/OneDrive/桌面/stu/计组/组成与结构实验5/cache实验基础代码/cache_lab_v0.05/soc_axi_lite_loongson/run_vivado/mycpu_prj1/mycpu.ip_user_files/sim_scripts -ip_user_files_dir C:/Users/HP/OneDrive/桌面/stu/计组/组成与结构实验5/cache实验基础代码/cache_lab_v0.05/soc_axi_lite_loongson/run_vivado/mycpu_prj1/mycpu.ip_user_files -ipstatic_source_dir C:/Users/HP/OneDrive/桌面/stu/计组/组成与结构实验5/cache实验基础代码/cache_lab_v0.05/soc_axi_lite_loongson/run_vivado/mycpu_prj1/mycpu.ip_user_files/ipstatic -lib_map_path [list {modelsim=C:/Users/HP/OneDrive/桌面/Modeltech_pe_edu_10.4a/xilinx_lib} {questa=C:/Users/HP/OneDrive/桌面/stu/计组/组成与结构实验5/cache实验基础代码/cache_lab_v0.05/soc_axi_lite_loongson/run_vivado/mycpu_prj1/mycpu.cache/compile_simlib/questa} {riviera=C:/Users/HP/OneDrive/桌面/stu/计组/组成与结构实验5/cache实验基础代码/cache_lab_v0.05/soc_axi_lite_loongson/run_vivado/mycpu_prj1/mycpu.cache/compile_simlib/riviera} {activehdl=C:/Users/HP/OneDrive/桌面/stu/计组/组成与结构实验5/cache实验基础代码/cache_lab_v0.05/soc_axi_lite_loongson/run_vivado/mycpu_prj1/mycpu.cache/compile_simlib/activehdl}] -use_ip_compiled_libs -force -quiet
create_fileset -blockset unsigned_mult
set_property top unsigned_mult [get_fileset unsigned_mult]
move_files -fileset [get_fileset unsigned_mult] [get_files -of_objects [get_fileset sources_1] C:/Users/HP/OneDrive/桌面/stu/计组/组成与结构实验5/cache实验基础代码/cache_lab_v0.05/soc_axi_lite_loongson/rtl/xilinx_ip/unsigned_mult/unsigned_mult.xci]
generate_target all [get_files C:/Users/HP/OneDrive/桌面/stu/计组/组成与结构实验5/cache实验基础代码/cache_lab_v0.05/soc_axi_lite_loongson/rtl/xilinx_ip/signed_mult/signed_mult.xci]
INFO: [IP_Flow 19-1686] Generating 'Instantiation Template' target for IP 'signed_mult'...
INFO: [IP_Flow 19-1686] Generating 'Synthesis' target for IP 'signed_mult'...
INFO: [IP_Flow 19-1686] Generating 'Simulation' target for IP 'signed_mult'...
INFO: [IP_Flow 19-1686] Generating 'Change Log' target for IP 'signed_mult'...
export_ip_user_files -of_objects [get_files C:/Users/HP/OneDrive/桌面/stu/计组/组成与结构实验5/cache实验基础代码/cache_lab_v0.05/soc_axi_lite_loongson/rtl/xilinx_ip/signed_mult/signed_mult.xci] -no_script -sync -force -quiet
export_simulation -of_objects [get_files C:/Users/HP/OneDrive/桌面/stu/计组/组成与结构实验5/cache实验基础代码/cache_lab_v0.05/soc_axi_lite_loongson/rtl/xilinx_ip/signed_mult/signed_mult.xci] -directory C:/Users/HP/OneDrive/桌面/stu/计组/组成与结构实验5/cache实验基础代码/cache_lab_v0.05/soc_axi_lite_loongson/run_vivado/mycpu_prj1/mycpu.ip_user_files/sim_scripts -ip_user_files_dir C:/Users/HP/OneDrive/桌面/stu/计组/组成与结构实验5/cache实验基础代码/cache_lab_v0.05/soc_axi_lite_loongson/run_vivado/mycpu_prj1/mycpu.ip_user_files -ipstatic_source_dir C:/Users/HP/OneDrive/桌面/stu/计组/组成与结构实验5/cache实验基础代码/cache_lab_v0.05/soc_axi_lite_loongson/run_vivado/mycpu_prj1/mycpu.ip_user_files/ipstatic -lib_map_path [list {modelsim=C:/Users/HP/OneDrive/桌面/Modeltech_pe_edu_10.4a/xilinx_lib} {questa=C:/Users/HP/OneDrive/桌面/stu/计组/组成与结构实验5/cache实验基础代码/cache_lab_v0.05/soc_axi_lite_loongson/run_vivado/mycpu_prj1/mycpu.cache/compile_simlib/questa} {riviera=C:/Users/HP/OneDrive/桌面/stu/计组/组成与结构实验5/cache实验基础代码/cache_lab_v0.05/soc_axi_lite_loongson/run_vivado/mycpu_prj1/mycpu.cache/compile_simlib/riviera} {activehdl=C:/Users/HP/OneDrive/桌面/stu/计组/组成与结构实验5/cache实验基础代码/cache_lab_v0.05/soc_axi_lite_loongson/run_vivado/mycpu_prj1/mycpu.cache/compile_simlib/activehdl}] -use_ip_compiled_libs -force -quiet
create_fileset -blockset signed_mult
set_property top signed_mult [get_fileset signed_mult]
move_files -fileset [get_fileset signed_mult] [get_files -of_objects [get_fileset sources_1] C:/Users/HP/OneDrive/桌面/stu/计组/组成与结构实验5/cache实验基础代码/cache_lab_v0.05/soc_axi_lite_loongson/rtl/xilinx_ip/signed_mult/signed_mult.xci]
launch_run {clk_pll_synth_1 axi_ram_synth_1 axi_crossbar_1x2_synth_1 axi_clock_converter_synth_1 unsigned_mult_synth_1 signed_mult_synth_1}
[Sun May 11 10:18:21 2025] Launched clk_pll_synth_1, axi_ram_synth_1, axi_crossbar_1x2_synth_1, axi_clock_converter_synth_1, unsigned_mult_synth_1, signed_mult_synth_1...
Run output will be captured here:
clk_pll_synth_1: C:/Users/HP/OneDrive/桌面/stu/计组/组成与结构实验5/cache实验基础代码/cache_lab_v0.05/soc_axi_lite_loongson/run_vivado/mycpu_prj1/mycpu.runs/clk_pll_synth_1/runme.log
axi_ram_synth_1: C:/Users/HP/OneDrive/桌面/stu/计组/组成与结构实验5/cache实验基础代码/cache_lab_v0.05/soc_axi_lite_loongson/run_vivado/mycpu_prj1/mycpu.runs/axi_ram_synth_1/runme.log
axi_crossbar_1x2_synth_1: C:/Users/HP/OneDrive/桌面/stu/计组/组成与结构实验5/cache实验基础代码/cache_lab_v0.05/soc_axi_lite_loongson/run_vivado/mycpu_prj1/mycpu.runs/axi_crossbar_1x2_synth_1/runme.log
axi_clock_converter_synth_1: C:/Users/HP/OneDrive/桌面/stu/计组/组成与结构实验5/cache实验基础代码/cache_lab_v0.05/soc_axi_lite_loongson/run_vivado/mycpu_prj1/mycpu.runs/axi_clock_converter_synth_1/runme.log
unsigned_mult_synth_1: C:/Users/HP/OneDrive/桌面/stu/计组/组成与结构实验5/cache实验基础代码/cache_lab_v0.05/soc_axi_lite_loongson/run_vivado/mycpu_prj1/mycpu.runs/unsigned_mult_synth_1/runme.log
signed_mult_synth_1: C:/Users/HP/OneDrive/桌面/stu/计组/组成与结构实验5/cache实验基础代码/cache_lab_v0.05/soc_axi_lite_loongson/run_vivado/mycpu_prj1/mycpu.runs/signed_mult_synth_1/runme.log
wait_on_run clk_pll_synth_1

[Sun May 11 10:18:24 2025] Waiting for clk_pll_synth_1 to finish...
[Sun May 11 10:18:29 2025] Waiting for clk_pll_synth_1 to finish...
[Sun May 11 10:18:34 2025] Waiting for clk_pll_synth_1 to finish...
[Sun May 11 10:18:40 2025] Waiting for clk_pll_synth_1 to finish...
[Sun May 11 10:18:50 2025] Waiting for clk_pll_synth_1 to finish...
[Sun May 11 10:19:00 2025] Waiting for clk_pll_synth_1 to finish...
[Sun May 11 10:19:11 2025] Waiting for clk_pll_synth_1 to finish...

*** Running vivado
    with args -log clk_pll.vds -m64 -product Vivado -mode batch -messageDb vivado.pb -notrace -source clk_pll.tcl


****** Vivado v2019.2 (64-bit)
  **** SW Build 2708876 on Wed Nov  6 21:40:23 MST 2019
  **** IP Build 2700528 on Thu Nov  7 00:09:20 MST 2019
    ** Copyright 1986-2019 Xilinx, Inc. All Rights Reserved.

source clk_pll.tcl -notrace
create_project: Time (s): cpu = 00:00:05 ; elapsed = 00:00:06 . Memory (MB): peak = 438.473 ; gain = 158.379
Command: synth_design -top clk_pll -part xc7a200tfbg676-2 -mode out_of_context
Starting synth_design
Attempting to get a license for feature 'Synthesis' and/or device 'xc7a200t'
INFO: [Common 17-349] Got license for feature 'Synthesis' and/or device 'xc7a200t'
INFO: [Device 21-403] Loading part xc7a200tfbg676-2
INFO: Launching helper process for spawning children vivado processes
INFO: Helper process launched with PID 13544 
---------------------------------------------------------------------------------
Starting RTL Elaboration : Time (s): cpu = 00:00:09 ; elapsed = 00:00:10 . Memory (MB): peak = 1027.168 ; gain = 234.387
---------------------------------------------------------------------------------
INFO: [Synth 8-6157] synthesizing module 'clk_pll' [c:/Users/HP/OneDrive/桌面/stu/计组/组成与结构实验5/cache实验基础代码/cache_lab_v0.05/soc_axi_lite_loongson/rtl/xilinx_ip/clk_pll/clk_pll.v:71]
INFO: [Synth 8-6157] synthesizing module 'clk_pll_clk_wiz' [c:/Users/HP/OneDrive/桌面/stu/计组/组成与结构实验5/cache实验基础代码/cache_lab_v0.05/soc_axi_lite_loongson/rtl/xilinx_ip/clk_pll/clk_pll_clk_wiz.v:69]
INFO: [Synth 8-6157] synthesizing module 'IBUF' [F:/vivado/Vivado/2019.2/scripts/rt/data/unisim_comp.v:32937]
	Parameter CAPACITANCE bound to: DONT_CARE - type: string 
	Parameter IBUF_DELAY_VALUE bound to: 0 - type: string 
	Parameter IBUF_LOW_PWR bound to: TRUE - type: string 
	Parameter IFD_DELAY_VALUE bound to: AUTO - type: string 
	Parameter IOSTANDARD bound to: DEFAULT - type: string 
INFO: [Synth 8-6155] done synthesizing module 'IBUF' (1#1) [F:/vivado/Vivado/2019.2/scripts/rt/data/unisim_comp.v:32937]
INFO: [Synth 8-6157] synthesizing module 'PLLE2_ADV' [F:/vivado/Vivado/2019.2/scripts/rt/data/unisim_comp.v:61416]
	Parameter BANDWIDTH bound to: OPTIMIZED - type: string 
	Parameter CLKFBOUT_MULT bound to: 9 - type: integer 
	Parameter CLKFBOUT_PHASE bound to: 0.000000 - type: double 
	Parameter CLKIN1_PERIOD bound to: 10.000000 - type: double 
	Parameter CLKIN2_PERIOD bound to: 0.000000 - type: double 
	Parameter CLKOUT0_DIVIDE bound to: 18 - type: integer 
	Parameter CLKOUT0_DUTY_CYCLE bound to: 0.500000 - type: double 
	Parameter CLKOUT0_PHASE bound to: 0.000000 - type: double 
	Parameter CLKOUT1_DIVIDE bound to: 9 - type: integer 
	Parameter CLKOUT1_DUTY_CYCLE bound to: 0.500000 - type: double 
	Parameter CLKOUT1_PHASE bound to: 0.000000 - type: double 
	Parameter CLKOUT2_DIVIDE bound to: 1 - type: integer 
	Parameter CLKOUT2_DUTY_CYCLE bound to: 0.500000 - type: double 
	Parameter CLKOUT2_PHASE bound to: 0.000000 - type: double 
	Parameter CLKOUT3_DIVIDE bound to: 1 - type: integer 
	Parameter CLKOUT3_DUTY_CYCLE bound to: 0.500000 - type: double 
	Parameter CLKOUT3_PHASE bound to: 0.000000 - type: double 
	Parameter CLKOUT4_DIVIDE bound to: 1 - type: integer 
	Parameter CLKOUT4_DUTY_CYCLE bound to: 0.500000 - type: double 
	Parameter CLKOUT4_PHASE bound to: 0.000000 - type: double 
	Parameter CLKOUT5_DIVIDE bound to: 1 - type: integer 
	Parameter CLKOUT5_DUTY_CYCLE bound to: 0.500000 - type: double 
	Parameter CLKOUT5_PHASE bound to: 0.000000 - type: double 
	Parameter COMPENSATION bound to: ZHOLD - type: string 
	Parameter DIVCLK_DIVIDE bound to: 1 - type: integer 
	Parameter IS_CLKINSEL_INVERTED bound to: 1'b0 
	Parameter IS_PWRDWN_INVERTED bound to: 1'b0 
	Parameter IS_RST_INVERTED bound to: 1'b0 
	Parameter REF_JITTER1 bound to: 0.010000 - type: double 
	Parameter REF_JITTER2 bound to: 0.010000 - type: double 
	Parameter STARTUP_WAIT bound to: FALSE - type: string 
INFO: [Synth 8-6155] done synthesizing module 'PLLE2_ADV' (2#1) [F:/vivado/Vivado/2019.2/scripts/rt/data/unisim_comp.v:61416]
INFO: [Synth 8-6157] synthesizing module 'BUFG' [F:/vivado/Vivado/2019.2/scripts/rt/data/unisim_comp.v:1075]
INFO: [Synth 8-6155] done synthesizing module 'BUFG' (3#1) [F:/vivado/Vivado/2019.2/scripts/rt/data/unisim_comp.v:1075]
INFO: [Synth 8-6155] done synthesizing module 'clk_pll_clk_wiz' (4#1) [c:/Users/HP/OneDrive/桌面/stu/计组/组成与结构实验5/cache实验基础代码/cache_lab_v0.05/soc_axi_lite_loongson/rtl/xilinx_ip/clk_pll/clk_pll_clk_wiz.v:69]
INFO: [Synth 8-6155] done synthesizing module 'clk_pll' (5#1) [c:/Users/HP/OneDrive/桌面/stu/计组/组成与结构实验5/cache实验基础代码/cache_lab_v0.05/soc_axi_lite_loongson/rtl/xilinx_ip/clk_pll/clk_pll.v:71]
TclStackFree: incorrect freePtr. Call out of sequence?
[Sun May 11 10:19:16 2025] clk_pll_synth_1 finished
WARNING: [Vivado 12-8222] Failed run(s) : 'clk_pll_synth_1'
wait_on_run: Time (s): cpu = 00:00:07 ; elapsed = 00:00:52 . Memory (MB): peak = 1169.805 ; gain = 3.953
wait_on_run clk_pll_synth_1
wait_on_run axi_ram_synth_1

[Sun May 11 10:19:16 2025] Waiting for clk_pll_synth_1 to finish...

*** Running vivado
    with args -log clk_pll.vds -m64 -product Vivado -mode batch -messageDb vivado.pb -notrace -source clk_pll.tcl


****** Vivado v2019.2 (64-bit)
  **** SW Build 2708876 on Wed Nov  6 21:40:23 MST 2019
  **** IP Build 2700528 on Thu Nov  7 00:09:20 MST 2019
    ** Copyright 1986-2019 Xilinx, Inc. All Rights Reserved.

source clk_pll.tcl -notrace
create_project: Time (s): cpu = 00:00:05 ; elapsed = 00:00:06 . Memory (MB): peak = 438.473 ; gain = 158.379
Command: synth_design -top clk_pll -part xc7a200tfbg676-2 -mode out_of_context
Starting synth_design
Attempting to get a license for feature 'Synthesis' and/or device 'xc7a200t'
INFO: [Common 17-349] Got license for feature 'Synthesis' and/or device 'xc7a200t'
INFO: [Device 21-403] Loading part xc7a200tfbg676-2
INFO: Launching helper process for spawning children vivado processes
INFO: Helper process launched with PID 13544 
---------------------------------------------------------------------------------
Starting RTL Elaboration : Time (s): cpu = 00:00:09 ; elapsed = 00:00:10 . Memory (MB): peak = 1027.168 ; gain = 234.387
---------------------------------------------------------------------------------
INFO: [Synth 8-6157] synthesizing module 'clk_pll' [c:/Users/HP/OneDrive/桌面/stu/计组/组成与结构实验5/cache实验基础代码/cache_lab_v0.05/soc_axi_lite_loongson/rtl/xilinx_ip/clk_pll/clk_pll.v:71]
INFO: [Synth 8-6157] synthesizing module 'clk_pll_clk_wiz' [c:/Users/HP/OneDrive/桌面/stu/计组/组成与结构实验5/cache实验基础代码/cache_lab_v0.05/soc_axi_lite_loongson/rtl/xilinx_ip/clk_pll/clk_pll_clk_wiz.v:69]
INFO: [Synth 8-6157] synthesizing module 'IBUF' [F:/vivado/Vivado/2019.2/scripts/rt/data/unisim_comp.v:32937]
	Parameter CAPACITANCE bound to: DONT_CARE - type: string 
	Parameter IBUF_DELAY_VALUE bound to: 0 - type: string 
	Parameter IBUF_LOW_PWR bound to: TRUE - type: string 
	Parameter IFD_DELAY_VALUE bound to: AUTO - type: string 
	Parameter IOSTANDARD bound to: DEFAULT - type: string 
INFO: [Synth 8-6155] done synthesizing module 'IBUF' (1#1) [F:/vivado/Vivado/2019.2/scripts/rt/data/unisim_comp.v:32937]
INFO: [Synth 8-6157] synthesizing module 'PLLE2_ADV' [F:/vivado/Vivado/2019.2/scripts/rt/data/unisim_comp.v:61416]
	Parameter BANDWIDTH bound to: OPTIMIZED - type: string 
	Parameter CLKFBOUT_MULT bound to: 9 - type: integer 
	Parameter CLKFBOUT_PHASE bound to: 0.000000 - type: double 
	Parameter CLKIN1_PERIOD bound to: 10.000000 - type: double 
	Parameter CLKIN2_PERIOD bound to: 0.000000 - type: double 
	Parameter CLKOUT0_DIVIDE bound to: 18 - type: integer 
	Parameter CLKOUT0_DUTY_CYCLE bound to: 0.500000 - type: double 
	Parameter CLKOUT0_PHASE bound to: 0.000000 - type: double 
	Parameter CLKOUT1_DIVIDE bound to: 9 - type: integer 
	Parameter CLKOUT1_DUTY_CYCLE bound to: 0.500000 - type: double 
	Parameter CLKOUT1_PHASE bound to: 0.000000 - type: double 
	Parameter CLKOUT2_DIVIDE bound to: 1 - type: integer 
	Parameter CLKOUT2_DUTY_CYCLE bound to: 0.500000 - type: double 
	Parameter CLKOUT2_PHASE bound to: 0.000000 - type: double 
	Parameter CLKOUT3_DIVIDE bound to: 1 - type: integer 
	Parameter CLKOUT3_DUTY_CYCLE bound to: 0.500000 - type: double 
	Parameter CLKOUT3_PHASE bound to: 0.000000 - type: double 
	Parameter CLKOUT4_DIVIDE bound to: 1 - type: integer 
	Parameter CLKOUT4_DUTY_CYCLE bound to: 0.500000 - type: double 
	Parameter CLKOUT4_PHASE bound to: 0.000000 - type: double 
	Parameter CLKOUT5_DIVIDE bound to: 1 - type: integer 
	Parameter CLKOUT5_DUTY_CYCLE bound to: 0.500000 - type: double 
	Parameter CLKOUT5_PHASE bound to: 0.000000 - type: double 
	Parameter COMPENSATION bound to: ZHOLD - type: string 
	Parameter DIVCLK_DIVIDE bound to: 1 - type: integer 
	Parameter IS_CLKINSEL_INVERTED bound to: 1'b0 
	Parameter IS_PWRDWN_INVERTED bound to: 1'b0 
	Parameter IS_RST_INVERTED bound to: 1'b0 
	Parameter REF_JITTER1 bound to: 0.010000 - type: double 
	Parameter REF_JITTER2 bound to: 0.010000 - type: double 
	Parameter STARTUP_WAIT bound to: FALSE - type: string 
INFO: [Synth 8-6155] done synthesizing module 'PLLE2_ADV' (2#1) [F:/vivado/Vivado/2019.2/scripts/rt/data/unisim_comp.v:61416]
INFO: [Synth 8-6157] synthesizing module 'BUFG' [F:/vivado/Vivado/2019.2/scripts/rt/data/unisim_comp.v:1075]
INFO: [Synth 8-6155] done synthesizing module 'BUFG' (3#1) [F:/vivado/Vivado/2019.2/scripts/rt/data/unisim_comp.v:1075]
INFO: [Synth 8-6155] done synthesizing module 'clk_pll_clk_wiz' (4#1) [c:/Users/HP/OneDrive/桌面/stu/计组/组成与结构实验5/cache实验基础代码/cache_lab_v0.05/soc_axi_lite_loongson/rtl/xilinx_ip/clk_pll/clk_pll_clk_wiz.v:69]
INFO: [Synth 8-6155] done synthesizing module 'clk_pll' (5#1) [c:/Users/HP/OneDrive/桌面/stu/计组/组成与结构实验5/cache实验基础代码/cache_lab_v0.05/soc_axi_lite_loongson/rtl/xilinx_ip/clk_pll/clk_pll.v:71]
TclStackFree: incorrect freePtr. Call out of sequence?
[Sun May 11 10:19:16 2025] clk_pll_synth_1 finished
WARNING: [Vivado 12-8222] Failed run(s) : 'clk_pll_synth_1'
[Sun May 11 10:19:17 2025] Waiting for axi_ram_synth_1 to finish...
[Sun May 11 10:19:22 2025] Waiting for axi_ram_synth_1 to finish...
[Sun May 11 10:19:27 2025] Waiting for axi_ram_synth_1 to finish...
[Sun May 11 10:19:32 2025] Waiting for axi_ram_synth_1 to finish...
[Sun May 11 10:19:43 2025] Waiting for axi_ram_synth_1 to finish...
[Sun May 11 10:19:53 2025] Waiting for axi_ram_synth_1 to finish...
[Sun May 11 10:20:04 2025] Waiting for axi_ram_synth_1 to finish...
[Sun May 11 10:20:14 2025] Waiting for axi_ram_synth_1 to finish...
[Sun May 11 10:20:35 2025] Waiting for axi_ram_synth_1 to finish...
[Sun May 11 10:20:56 2025] Waiting for axi_ram_synth_1 to finish...
[Sun May 11 10:21:17 2025] Waiting for axi_ram_synth_1 to finish...
[Sun May 11 10:21:37 2025] Waiting for axi_ram_synth_1 to finish...
[Sun May 11 10:22:19 2025] Waiting for axi_ram_synth_1 to finish...
[Sun May 11 10:23:01 2025] Waiting for axi_ram_synth_1 to finish...
[Sun May 11 10:23:42 2025] Waiting for axi_ram_synth_1 to finish...
[Sun May 11 10:24:24 2025] Waiting for axi_ram_synth_1 to finish...
[Sun May 11 10:25:47 2025] Waiting for axi_ram_synth_1 to finish...

*** Running vivado
    with args -log axi_ram.vds -m64 -product Vivado -mode batch -messageDb vivado.pb -notrace -source axi_ram.tcl


****** Vivado v2019.2 (64-bit)
  **** SW Build 2708876 on Wed Nov  6 21:40:23 MST 2019
  **** IP Build 2700528 on Thu Nov  7 00:09:20 MST 2019
    ** Copyright 1986-2019 Xilinx, Inc. All Rights Reserved.

source axi_ram.tcl -notrace
create_project: Time (s): cpu = 00:00:06 ; elapsed = 00:00:07 . Memory (MB): peak = 438.531 ; gain = 157.934
Command: synth_design -top axi_ram -part xc7a200tfbg676-2 -mode out_of_context
Starting synth_design
Attempting to get a license for feature 'Synthesis' and/or device 'xc7a200t'
INFO: [Common 17-349] Got license for feature 'Synthesis' and/or device 'xc7a200t'
INFO: [Device 21-403] Loading part xc7a200tfbg676-2
INFO: Launching helper process for spawning children vivado processes
INFO: Helper process launched with PID 23368 
---------------------------------------------------------------------------------
Starting RTL Elaboration : Time (s): cpu = 00:00:18 ; elapsed = 00:00:22 . Memory (MB): peak = 1026.668 ; gain = 234.738
---------------------------------------------------------------------------------
INFO: [Synth 8-638] synthesizing module 'axi_ram' [c:/Users/HP/OneDrive/桌面/stu/计组/组成与结构实验5/cache实验基础代码/cache_lab_v0.05/soc_axi_lite_loongson/rtl/xilinx_ip/axi_ram/synth/axi_ram.vhd:95]
	Parameter C_FAMILY bound to: artix7 - type: string 
	Parameter C_XDEVICEFAMILY bound to: artix7 - type: string 
	Parameter C_ELABORATION_DIR bound to: ./ - type: string 
	Parameter C_INTERFACE_TYPE bound to: 1 - type: integer 
	Parameter C_AXI_TYPE bound to: 1 - type: integer 
	Parameter C_AXI_SLAVE_TYPE bound to: 0 - type: integer 
	Parameter C_USE_BRAM_BLOCK bound to: 0 - type: integer 
	Parameter C_ENABLE_32BIT_ADDRESS bound to: 0 - type: integer 
	Parameter C_CTRL_ECC_ALGO bound to: NONE - type: string 
	Parameter C_HAS_AXI_ID bound to: 1 - type: integer 
	Parameter C_AXI_ID_WIDTH bound to: 4 - type: integer 
	Parameter C_MEM_TYPE bound to: 1 - type: integer 
	Parameter C_BYTE_SIZE bound to: 8 - type: integer 
	Parameter C_ALGORITHM bound to: 1 - type: integer 
	Parameter C_PRIM_TYPE bound to: 1 - type: integer 
	Parameter C_LOAD_INIT_FILE bound to: 1 - type: integer 
	Parameter C_INIT_FILE_NAME bound to: axi_ram.mif - type: string 
	Parameter C_INIT_FILE bound to: axi_ram.mem - type: string 
	Parameter C_USE_DEFAULT_DATA bound to: 1 - type: integer 
	Parameter C_DEFAULT_DATA bound to: 0 - type: string 
	Parameter C_HAS_RSTA bound to: 0 - type: integer 
	Parameter C_RST_PRIORITY_A bound to: CE - type: string 
	Parameter C_RSTRAM_A bound to: 0 - type: integer 
	Parameter C_INITA_VAL bound to: 0 - type: string 
	Parameter C_HAS_ENA bound to: 1 - type: integer 
	Parameter C_HAS_REGCEA bound to: 0 - type: integer 
	Parameter C_USE_BYTE_WEA bound to: 1 - type: integer 
	Parameter C_WEA_WIDTH bound to: 4 - type: integer 
	Parameter C_WRITE_MODE_A bound to: READ_FIRST - type: string 
	Parameter C_WRITE_WIDTH_A bound to: 32 - type: integer 
	Parameter C_READ_WIDTH_A bound to: 32 - type: integer 
	Parameter C_WRITE_DEPTH_A bound to: 262144 - type: integer 
	Parameter C_READ_DEPTH_A bound to: 262144 - type: integer 
	Parameter C_ADDRA_WIDTH bound to: 18 - type: integer 
	Parameter C_HAS_RSTB bound to: 1 - type: integer 
	Parameter C_RST_PRIORITY_B bound to: CE - type: string 
	Parameter C_RSTRAM_B bound to: 0 - type: integer 
	Parameter C_INITB_VAL bound to: 0 - type: string 
	Parameter C_HAS_ENB bound to: 1 - type: integer 
	Parameter C_HAS_REGCEB bound to: 0 - type: integer 
	Parameter C_USE_BYTE_WEB bound to: 1 - type: integer 
	Parameter C_WEB_WIDTH bound to: 4 - type: integer 
	Parameter C_WRITE_MODE_B bound to: READ_FIRST - type: string 
	Parameter C_WRITE_WIDTH_B bound to: 32 - type: integer 
	Parameter C_READ_WIDTH_B bound to: 32 - type: integer 
	Parameter C_WRITE_DEPTH_B bound to: 262144 - type: integer 
	Parameter C_READ_DEPTH_B bound to: 262144 - type: integer 
	Parameter C_ADDRB_WIDTH bound to: 18 - type: integer 
	Parameter C_HAS_MEM_OUTPUT_REGS_A bound to: 0 - type: integer 
	Parameter C_HAS_MEM_OUTPUT_REGS_B bound to: 0 - type: integer 
	Parameter C_HAS_MUX_OUTPUT_REGS_A bound to: 0 - type: integer 
	Parameter C_HAS_MUX_OUTPUT_REGS_B bound to: 0 - type: integer 
	Parameter C_MUX_PIPELINE_STAGES bound to: 0 - type: integer 
	Parameter C_HAS_SOFTECC_INPUT_REGS_A bound to: 0 - type: integer 
	Parameter C_HAS_SOFTECC_OUTPUT_REGS_B bound to: 0 - type: integer 
	Parameter C_USE_SOFTECC bound to: 0 - type: integer 
	Parameter C_USE_ECC bound to: 0 - type: integer 
	Parameter C_EN_ECC_PIPE bound to: 0 - type: integer 
	Parameter C_READ_LATENCY_A bound to: 1 - type: integer 
	Parameter C_READ_LATENCY_B bound to: 1 - type: integer 
	Parameter C_HAS_INJECTERR bound to: 0 - type: integer 
	Parameter C_SIM_COLLISION_CHECK bound to: ALL - type: string 
	Parameter C_COMMON_CLK bound to: 1 - type: integer 
	Parameter C_DISABLE_WARN_BHV_COLL bound to: 0 - type: integer 
	Parameter C_EN_SLEEP_PIN bound to: 0 - type: integer 
	Parameter C_USE_URAM bound to: 0 - type: integer 
	Parameter C_EN_RDADDRA_CHG bound to: 0 - type: integer 
	Parameter C_EN_RDADDRB_CHG bound to: 0 - type: integer 
	Parameter C_EN_DEEPSLEEP_PIN bound to: 0 - type: integer 
	Parameter C_EN_SHUTDOWN_PIN bound to: 0 - type: integer 
	Parameter C_EN_SAFETY_CKT bound to: 0 - type: integer 
	Parameter C_DISABLE_WARN_BHV_RANGE bound to: 0 - type: integer 
	Parameter C_COUNT_36K_BRAM bound to: 256 - type: string 
	Parameter C_COUNT_18K_BRAM bound to: 0 - type: string 
	Parameter C_EST_POWER_SUMMARY bound to: Estimated Power for IP     :     21.018106 mW - type: string 
INFO: [Synth 8-3491] module 'blk_mem_gen_v8_4_4' declared at 'c:/Users/HP/OneDrive/桌面/stu/计组/组成与结构实验5/cache实验基础代码/cache_lab_v0.05/soc_axi_lite_loongson/rtl/xilinx_ip/axi_ram/hdl/blk_mem_gen_v8_4_vhsyn_rfs.vhd:195321' bound to instance 'U0' of component 'blk_mem_gen_v8_4_4' [c:/Users/HP/OneDrive/桌面/stu/计组/组成与结构实验5/cache实验基础代码/cache_lab_v0.05/soc_axi_lite_loongson/rtl/xilinx_ip/axi_ram/synth/axi_ram.vhd:289]
INFO: [Synth 8-256] done synthesizing module 'axi_ram' (15#1) [c:/Users/HP/OneDrive/桌面/stu/计组/组成与结构实验5/cache实验基础代码/cache_lab_v0.05/soc_axi_lite_loongson/rtl/xilinx_ip/axi_ram/synth/axi_ram.vhd:95]
WARNING: [Synth 8-3331] design blk_mem_output_block has unconnected port CLKB
WARNING: [Synth 8-3331] design blk_mem_output_block has unconnected port DOUTA_I[31]
WARNING: [Synth 8-3331] design blk_mem_output_block has unconnected port DOUTA_I[30]
WARNING: [Synth 8-3331] design blk_mem_output_block has unconnected port DOUTA_I[29]
WARNING: [Synth 8-3331] design blk_mem_output_block has unconnected port DOUTA_I[28]
WARNING: [Synth 8-3331] design blk_mem_output_block has unconnected port DOUTA_I[27]
WARNING: [Synth 8-3331] design blk_mem_output_block has unconnected port DOUTA_I[26]
WARNING: [Synth 8-3331] design blk_mem_output_block has unconnected port DOUTA_I[25]
WARNING: [Synth 8-3331] design blk_mem_output_block has unconnected port DOUTA_I[24]
WARNING: [Synth 8-3331] design blk_mem_output_block has unconnected port DOUTA_I[23]
WARNING: [Synth 8-3331] design blk_mem_output_block has unconnected port DOUTA_I[22]
WARNING: [Synth 8-3331] design blk_mem_output_block has unconnected port DOUTA_I[21]
WARNING: [Synth 8-3331] design blk_mem_output_block has unconnected port DOUTA_I[20]
WARNING: [Synth 8-3331] design blk_mem_output_block has unconnected port DOUTA_I[19]
WARNING: [Synth 8-3331] design blk_mem_output_block has unconnected port DOUTA_I[18]
WARNING: [Synth 8-3331] design blk_mem_output_block has unconnected port DOUTA_I[17]
WARNING: [Synth 8-3331] design blk_mem_output_block has unconnected port DOUTA_I[16]
WARNING: [Synth 8-3331] design blk_mem_output_block has unconnected port DOUTA_I[15]
WARNING: [Synth 8-3331] design blk_mem_output_block has unconnected port DOUTA_I[14]
WARNING: [Synth 8-3331] design blk_mem_output_block has unconnected port DOUTA_I[13]
WARNING: [Synth 8-3331] design blk_mem_output_block has unconnected port DOUTA_I[12]
WARNING: [Synth 8-3331] design blk_mem_output_block has unconnected port DOUTA_I[11]
WARNING: [Synth 8-3331] design blk_mem_output_block has unconnected port DOUTA_I[10]
WARNING: [Synth 8-3331] design blk_mem_output_block has unconnected port DOUTA_I[9]
WARNING: [Synth 8-3331] design blk_mem_output_block has unconnected port DOUTA_I[8]
WARNING: [Synth 8-3331] design blk_mem_output_block has unconnected port DOUTA_I[7]
WARNING: [Synth 8-3331] design blk_mem_output_block has unconnected port DOUTA_I[6]
WARNING: [Synth 8-3331] design blk_mem_output_block has unconnected port DOUTA_I[5]
WARNING: [Synth 8-3331] design blk_mem_output_block has unconnected port DOUTA_I[4]
WARNING: [Synth 8-3331] design blk_mem_output_block has unconnected port DOUTA_I[3]
WARNING: [Synth 8-3331] design blk_mem_output_block has unconnected port DOUTA_I[2]
WARNING: [Synth 8-3331] design blk_mem_output_block has unconnected port DOUTA_I[1]
WARNING: [Synth 8-3331] design blk_mem_output_block has unconnected port DOUTA_I[0]
WARNING: [Synth 8-3331] design blk_mem_output_block has unconnected port SBITERR_I
WARNING: [Synth 8-3331] design blk_mem_output_block has unconnected port DBITERR_I
WARNING: [Synth 8-3331] design blk_mem_output_block has unconnected port RDADDRECC_I[17]
WARNING: [Synth 8-3331] design blk_mem_output_block has unconnected port RDADDRECC_I[16]
WARNING: [Synth 8-3331] design blk_mem_output_block has unconnected port RDADDRECC_I[15]
WARNING: [Synth 8-3331] design blk_mem_output_block has unconnected port RDADDRECC_I[14]
WARNING: [Synth 8-3331] design blk_mem_output_block has unconnected port RDADDRECC_I[13]
WARNING: [Synth 8-3331] design blk_mem_output_block has unconnected port RDADDRECC_I[12]
WARNING: [Synth 8-3331] design blk_mem_output_block has unconnected port RDADDRECC_I[11]
WARNING: [Synth 8-3331] design blk_mem_output_block has unconnected port RDADDRECC_I[10]
WARNING: [Synth 8-3331] design blk_mem_output_block has unconnected port RDADDRECC_I[9]
WARNING: [Synth 8-3331] design blk_mem_output_block has unconnected port RDADDRECC_I[8]
WARNING: [Synth 8-3331] design blk_mem_output_block has unconnected port RDADDRECC_I[7]
WARNING: [Synth 8-3331] design blk_mem_output_block has unconnected port RDADDRECC_I[6]
WARNING: [Synth 8-3331] design blk_mem_output_block has unconnected port RDADDRECC_I[5]
WARNING: [Synth 8-3331] design blk_mem_output_block has unconnected port RDADDRECC_I[4]
WARNING: [Synth 8-3331] design blk_mem_output_block has unconnected port RDADDRECC_I[3]
WARNING: [Synth 8-3331] design blk_mem_output_block has unconnected port RDADDRECC_I[2]
WARNING: [Synth 8-3331] design blk_mem_output_block has unconnected port RDADDRECC_I[1]
WARNING: [Synth 8-3331] design blk_mem_output_block has unconnected port RDADDRECC_I[0]
WARNING: [Synth 8-3331] design blk_mem_gen_prim_wrapper_init__parameterized254 has unconnected port SSRA
WARNING: [Synth 8-3331] design blk_mem_gen_prim_wrapper_init__parameterized254 has unconnected port REGCEA
WARNING: [Synth 8-3331] design blk_mem_gen_prim_wrapper_init__parameterized254 has unconnected port SSRB
WARNING: [Synth 8-3331] design blk_mem_gen_prim_wrapper_init__parameterized254 has unconnected port WEB[0]
WARNING: [Synth 8-3331] design blk_mem_gen_prim_wrapper_init__parameterized254 has unconnected port DINB[8]
WARNING: [Synth 8-3331] design blk_mem_gen_prim_wrapper_init__parameterized254 has unconnected port DINB[7]
WARNING: [Synth 8-3331] design blk_mem_gen_prim_wrapper_init__parameterized254 has unconnected port DINB[6]
WARNING: [Synth 8-3331] design blk_mem_gen_prim_wrapper_init__parameterized254 has unconnected port DINB[5]
WARNING: [Synth 8-3331] design blk_mem_gen_prim_wrapper_init__parameterized254 has unconnected port DINB[4]
WARNING: [Synth 8-3331] design blk_mem_gen_prim_wrapper_init__parameterized254 has unconnected port DINB[3]
WARNING: [Synth 8-3331] design blk_mem_gen_prim_wrapper_init__parameterized254 has unconnected port DINB[2]
WARNING: [Synth 8-3331] design blk_mem_gen_prim_wrapper_init__parameterized254 has unconnected port DINB[1]
WARNING: [Synth 8-3331] design blk_mem_gen_prim_wrapper_init__parameterized254 has unconnected port DINB[0]
WARNING: [Synth 8-3331] design blk_mem_gen_prim_wrapper_init__parameterized254 has unconnected port SLEEP
WARNING: [Synth 8-3331] design blk_mem_gen_prim_wrapper_init__parameterized254 has unconnected port INJECTSBITERR
WARNING: [Synth 8-3331] design blk_mem_gen_prim_wrapper_init__parameterized254 has unconnected port INJECTDBITERR
WARNING: [Synth 8-3331] design blk_mem_gen_prim_wrapper_init__parameterized254 has unconnected port ECCPIPECE
WARNING: [Synth 8-3331] design blk_mem_gen_prim_wrapper_init__parameterized253 has unconnected port SSRA
WARNING: [Synth 8-3331] design blk_mem_gen_prim_wrapper_init__parameterized253 has unconnected port REGCEA
WARNING: [Synth 8-3331] design blk_mem_gen_prim_wrapper_init__parameterized253 has unconnected port SSRB
WARNING: [Synth 8-3331] design blk_mem_gen_prim_wrapper_init__parameterized253 has unconnected port WEB[0]
WARNING: [Synth 8-3331] design blk_mem_gen_prim_wrapper_init__parameterized253 has unconnected port DINB[8]
WARNING: [Synth 8-3331] design blk_mem_gen_prim_wrapper_init__parameterized253 has unconnected port DINB[7]
WARNING: [Synth 8-3331] design blk_mem_gen_prim_wrapper_init__parameterized253 has unconnected port DINB[6]
WARNING: [Synth 8-3331] design blk_mem_gen_prim_wrapper_init__parameterized253 has unconnected port DINB[5]
WARNING: [Synth 8-3331] design blk_mem_gen_prim_wrapper_init__parameterized253 has unconnected port DINB[4]
WARNING: [Synth 8-3331] design blk_mem_gen_prim_wrapper_init__parameterized253 has unconnected port DINB[3]
WARNING: [Synth 8-3331] design blk_mem_gen_prim_wrapper_init__parameterized253 has unconnected port DINB[2]
WARNING: [Synth 8-3331] design blk_mem_gen_prim_wrapper_init__parameterized253 has unconnected port DINB[1]
WARNING: [Synth 8-3331] design blk_mem_gen_prim_wrapper_init__parameterized253 has unconnected port DINB[0]
WARNING: [Synth 8-3331] design blk_mem_gen_prim_wrapper_init__parameterized253 has unconnected port SLEEP
WARNING: [Synth 8-3331] design blk_mem_gen_prim_wrapper_init__parameterized253 has unconnected port INJECTSBITERR
WARNING: [Synth 8-3331] design blk_mem_gen_prim_wrapper_init__parameterized253 has unconnected port INJECTDBITERR
WARNING: [Synth 8-3331] design blk_mem_gen_prim_wrapper_init__parameterized253 has unconnected port ECCPIPECE
WARNING: [Synth 8-3331] design blk_mem_gen_prim_wrapper_init__parameterized252 has unconnected port SSRA
WARNING: [Synth 8-3331] design blk_mem_gen_prim_wrapper_init__parameterized252 has unconnected port REGCEA
WARNING: [Synth 8-3331] design blk_mem_gen_prim_wrapper_init__parameterized252 has unconnected port SSRB
WARNING: [Synth 8-3331] design blk_mem_gen_prim_wrapper_init__parameterized252 has unconnected port WEB[0]
WARNING: [Synth 8-3331] design blk_mem_gen_prim_wrapper_init__parameterized252 has unconnected port DINB[8]
WARNING: [Synth 8-3331] design blk_mem_gen_prim_wrapper_init__parameterized252 has unconnected port DINB[7]
WARNING: [Synth 8-3331] design blk_mem_gen_prim_wrapper_init__parameterized252 has unconnected port DINB[6]
WARNING: [Synth 8-3331] design blk_mem_gen_prim_wrapper_init__parameterized252 has unconnected port DINB[5]
WARNING: [Synth 8-3331] design blk_mem_gen_prim_wrapper_init__parameterized252 has unconnected port DINB[4]
WARNING: [Synth 8-3331] design blk_mem_gen_prim_wrapper_init__parameterized252 has unconnected port DINB[3]
WARNING: [Synth 8-3331] design blk_mem_gen_prim_wrapper_init__parameterized252 has unconnected port DINB[2]
WARNING: [Synth 8-3331] design blk_mem_gen_prim_wrapper_init__parameterized252 has unconnected port DINB[1]
WARNING: [Synth 8-3331] design blk_mem_gen_prim_wrapper_init__parameterized252 has unconnected port DINB[0]
INFO: [Common 17-14] Message 'Synth 8-3331' appears 100 times and further instances of the messages will be disabled. Use the Tcl command set_msg_config to change the current settings.
TclStackFree: incorrect freePtr. Call out of sequence?
[Sun May 11 10:26:29 2025] axi_ram_synth_1 finished
WARNING: [Vivado 12-8222] Failed run(s) : 'axi_ram_synth_1'
wait_on_run: Time (s): cpu = 00:00:42 ; elapsed = 00:07:13 . Memory (MB): peak = 1177.145 ; gain = 7.340
wait_on_run clk_pll_synth_1
wait_on_run axi_ram_synth_1
wait_on_run axi_crossbar_1x2_synth_1

[Sun May 11 10:26:30 2025] Waiting for clk_pll_synth_1 to finish...

*** Running vivado
    with args -log clk_pll.vds -m64 -product Vivado -mode batch -messageDb vivado.pb -notrace -source clk_pll.tcl


****** Vivado v2019.2 (64-bit)
  **** SW Build 2708876 on Wed Nov  6 21:40:23 MST 2019
  **** IP Build 2700528 on Thu Nov  7 00:09:20 MST 2019
    ** Copyright 1986-2019 Xilinx, Inc. All Rights Reserved.

source clk_pll.tcl -notrace
create_project: Time (s): cpu = 00:00:05 ; elapsed = 00:00:06 . Memory (MB): peak = 438.473 ; gain = 158.379
Command: synth_design -top clk_pll -part xc7a200tfbg676-2 -mode out_of_context
Starting synth_design
Attempting to get a license for feature 'Synthesis' and/or device 'xc7a200t'
INFO: [Common 17-349] Got license for feature 'Synthesis' and/or device 'xc7a200t'
INFO: [Device 21-403] Loading part xc7a200tfbg676-2
INFO: Launching helper process for spawning children vivado processes
INFO: Helper process launched with PID 13544 
---------------------------------------------------------------------------------
Starting RTL Elaboration : Time (s): cpu = 00:00:09 ; elapsed = 00:00:10 . Memory (MB): peak = 1027.168 ; gain = 234.387
---------------------------------------------------------------------------------
INFO: [Synth 8-6157] synthesizing module 'clk_pll' [c:/Users/HP/OneDrive/桌面/stu/计组/组成与结构实验5/cache实验基础代码/cache_lab_v0.05/soc_axi_lite_loongson/rtl/xilinx_ip/clk_pll/clk_pll.v:71]
INFO: [Synth 8-6157] synthesizing module 'clk_pll_clk_wiz' [c:/Users/HP/OneDrive/桌面/stu/计组/组成与结构实验5/cache实验基础代码/cache_lab_v0.05/soc_axi_lite_loongson/rtl/xilinx_ip/clk_pll/clk_pll_clk_wiz.v:69]
INFO: [Synth 8-6157] synthesizing module 'IBUF' [F:/vivado/Vivado/2019.2/scripts/rt/data/unisim_comp.v:32937]
	Parameter CAPACITANCE bound to: DONT_CARE - type: string 
	Parameter IBUF_DELAY_VALUE bound to: 0 - type: string 
	Parameter IBUF_LOW_PWR bound to: TRUE - type: string 
	Parameter IFD_DELAY_VALUE bound to: AUTO - type: string 
	Parameter IOSTANDARD bound to: DEFAULT - type: string 
INFO: [Synth 8-6155] done synthesizing module 'IBUF' (1#1) [F:/vivado/Vivado/2019.2/scripts/rt/data/unisim_comp.v:32937]
INFO: [Synth 8-6157] synthesizing module 'PLLE2_ADV' [F:/vivado/Vivado/2019.2/scripts/rt/data/unisim_comp.v:61416]
	Parameter BANDWIDTH bound to: OPTIMIZED - type: string 
	Parameter CLKFBOUT_MULT bound to: 9 - type: integer 
	Parameter CLKFBOUT_PHASE bound to: 0.000000 - type: double 
	Parameter CLKIN1_PERIOD bound to: 10.000000 - type: double 
	Parameter CLKIN2_PERIOD bound to: 0.000000 - type: double 
	Parameter CLKOUT0_DIVIDE bound to: 18 - type: integer 
	Parameter CLKOUT0_DUTY_CYCLE bound to: 0.500000 - type: double 
	Parameter CLKOUT0_PHASE bound to: 0.000000 - type: double 
	Parameter CLKOUT1_DIVIDE bound to: 9 - type: integer 
	Parameter CLKOUT1_DUTY_CYCLE bound to: 0.500000 - type: double 
	Parameter CLKOUT1_PHASE bound to: 0.000000 - type: double 
	Parameter CLKOUT2_DIVIDE bound to: 1 - type: integer 
	Parameter CLKOUT2_DUTY_CYCLE bound to: 0.500000 - type: double 
	Parameter CLKOUT2_PHASE bound to: 0.000000 - type: double 
	Parameter CLKOUT3_DIVIDE bound to: 1 - type: integer 
	Parameter CLKOUT3_DUTY_CYCLE bound to: 0.500000 - type: double 
	Parameter CLKOUT3_PHASE bound to: 0.000000 - type: double 
	Parameter CLKOUT4_DIVIDE bound to: 1 - type: integer 
	Parameter CLKOUT4_DUTY_CYCLE bound to: 0.500000 - type: double 
	Parameter CLKOUT4_PHASE bound to: 0.000000 - type: double 
	Parameter CLKOUT5_DIVIDE bound to: 1 - type: integer 
	Parameter CLKOUT5_DUTY_CYCLE bound to: 0.500000 - type: double 
	Parameter CLKOUT5_PHASE bound to: 0.000000 - type: double 
	Parameter COMPENSATION bound to: ZHOLD - type: string 
	Parameter DIVCLK_DIVIDE bound to: 1 - type: integer 
	Parameter IS_CLKINSEL_INVERTED bound to: 1'b0 
	Parameter IS_PWRDWN_INVERTED bound to: 1'b0 
	Parameter IS_RST_INVERTED bound to: 1'b0 
	Parameter REF_JITTER1 bound to: 0.010000 - type: double 
	Parameter REF_JITTER2 bound to: 0.010000 - type: double 
	Parameter STARTUP_WAIT bound to: FALSE - type: string 
INFO: [Synth 8-6155] done synthesizing module 'PLLE2_ADV' (2#1) [F:/vivado/Vivado/2019.2/scripts/rt/data/unisim_comp.v:61416]
INFO: [Synth 8-6157] synthesizing module 'BUFG' [F:/vivado/Vivado/2019.2/scripts/rt/data/unisim_comp.v:1075]
INFO: [Synth 8-6155] done synthesizing module 'BUFG' (3#1) [F:/vivado/Vivado/2019.2/scripts/rt/data/unisim_comp.v:1075]
INFO: [Synth 8-6155] done synthesizing module 'clk_pll_clk_wiz' (4#1) [c:/Users/HP/OneDrive/桌面/stu/计组/组成与结构实验5/cache实验基础代码/cache_lab_v0.05/soc_axi_lite_loongson/rtl/xilinx_ip/clk_pll/clk_pll_clk_wiz.v:69]
INFO: [Synth 8-6155] done synthesizing module 'clk_pll' (5#1) [c:/Users/HP/OneDrive/桌面/stu/计组/组成与结构实验5/cache实验基础代码/cache_lab_v0.05/soc_axi_lite_loongson/rtl/xilinx_ip/clk_pll/clk_pll.v:71]
TclStackFree: incorrect freePtr. Call out of sequence?
[Sun May 11 10:26:30 2025] clk_pll_synth_1 finished
WARNING: [Vivado 12-8222] Failed run(s) : 'clk_pll_synth_1'
[Sun May 11 10:26:30 2025] Waiting for axi_ram_synth_1 to finish...

*** Running vivado
    with args -log axi_ram.vds -m64 -product Vivado -mode batch -messageDb vivado.pb -notrace -source axi_ram.tcl


****** Vivado v2019.2 (64-bit)
  **** SW Build 2708876 on Wed Nov  6 21:40:23 MST 2019
  **** IP Build 2700528 on Thu Nov  7 00:09:20 MST 2019
    ** Copyright 1986-2019 Xilinx, Inc. All Rights Reserved.

source axi_ram.tcl -notrace
create_project: Time (s): cpu = 00:00:06 ; elapsed = 00:00:07 . Memory (MB): peak = 438.531 ; gain = 157.934
Command: synth_design -top axi_ram -part xc7a200tfbg676-2 -mode out_of_context
Starting synth_design
Attempting to get a license for feature 'Synthesis' and/or device 'xc7a200t'
INFO: [Common 17-349] Got license for feature 'Synthesis' and/or device 'xc7a200t'
INFO: [Device 21-403] Loading part xc7a200tfbg676-2
INFO: Launching helper process for spawning children vivado processes
INFO: Helper process launched with PID 23368 
---------------------------------------------------------------------------------
Starting RTL Elaboration : Time (s): cpu = 00:00:18 ; elapsed = 00:00:22 . Memory (MB): peak = 1026.668 ; gain = 234.738
---------------------------------------------------------------------------------
INFO: [Synth 8-638] synthesizing module 'axi_ram' [c:/Users/HP/OneDrive/桌面/stu/计组/组成与结构实验5/cache实验基础代码/cache_lab_v0.05/soc_axi_lite_loongson/rtl/xilinx_ip/axi_ram/synth/axi_ram.vhd:95]
	Parameter C_FAMILY bound to: artix7 - type: string 
	Parameter C_XDEVICEFAMILY bound to: artix7 - type: string 
	Parameter C_ELABORATION_DIR bound to: ./ - type: string 
	Parameter C_INTERFACE_TYPE bound to: 1 - type: integer 
	Parameter C_AXI_TYPE bound to: 1 - type: integer 
	Parameter C_AXI_SLAVE_TYPE bound to: 0 - type: integer 
	Parameter C_USE_BRAM_BLOCK bound to: 0 - type: integer 
	Parameter C_ENABLE_32BIT_ADDRESS bound to: 0 - type: integer 
	Parameter C_CTRL_ECC_ALGO bound to: NONE - type: string 
	Parameter C_HAS_AXI_ID bound to: 1 - type: integer 
	Parameter C_AXI_ID_WIDTH bound to: 4 - type: integer 
	Parameter C_MEM_TYPE bound to: 1 - type: integer 
	Parameter C_BYTE_SIZE bound to: 8 - type: integer 
	Parameter C_ALGORITHM bound to: 1 - type: integer 
	Parameter C_PRIM_TYPE bound to: 1 - type: integer 
	Parameter C_LOAD_INIT_FILE bound to: 1 - type: integer 
	Parameter C_INIT_FILE_NAME bound to: axi_ram.mif - type: string 
	Parameter C_INIT_FILE bound to: axi_ram.mem - type: string 
	Parameter C_USE_DEFAULT_DATA bound to: 1 - type: integer 
	Parameter C_DEFAULT_DATA bound to: 0 - type: string 
	Parameter C_HAS_RSTA bound to: 0 - type: integer 
	Parameter C_RST_PRIORITY_A bound to: CE - type: string 
	Parameter C_RSTRAM_A bound to: 0 - type: integer 
	Parameter C_INITA_VAL bound to: 0 - type: string 
	Parameter C_HAS_ENA bound to: 1 - type: integer 
	Parameter C_HAS_REGCEA bound to: 0 - type: integer 
	Parameter C_USE_BYTE_WEA bound to: 1 - type: integer 
	Parameter C_WEA_WIDTH bound to: 4 - type: integer 
	Parameter C_WRITE_MODE_A bound to: READ_FIRST - type: string 
	Parameter C_WRITE_WIDTH_A bound to: 32 - type: integer 
	Parameter C_READ_WIDTH_A bound to: 32 - type: integer 
	Parameter C_WRITE_DEPTH_A bound to: 262144 - type: integer 
	Parameter C_READ_DEPTH_A bound to: 262144 - type: integer 
	Parameter C_ADDRA_WIDTH bound to: 18 - type: integer 
	Parameter C_HAS_RSTB bound to: 1 - type: integer 
	Parameter C_RST_PRIORITY_B bound to: CE - type: string 
	Parameter C_RSTRAM_B bound to: 0 - type: integer 
	Parameter C_INITB_VAL bound to: 0 - type: string 
	Parameter C_HAS_ENB bound to: 1 - type: integer 
	Parameter C_HAS_REGCEB bound to: 0 - type: integer 
	Parameter C_USE_BYTE_WEB bound to: 1 - type: integer 
	Parameter C_WEB_WIDTH bound to: 4 - type: integer 
	Parameter C_WRITE_MODE_B bound to: READ_FIRST - type: string 
	Parameter C_WRITE_WIDTH_B bound to: 32 - type: integer 
	Parameter C_READ_WIDTH_B bound to: 32 - type: integer 
	Parameter C_WRITE_DEPTH_B bound to: 262144 - type: integer 
	Parameter C_READ_DEPTH_B bound to: 262144 - type: integer 
	Parameter C_ADDRB_WIDTH bound to: 18 - type: integer 
	Parameter C_HAS_MEM_OUTPUT_REGS_A bound to: 0 - type: integer 
	Parameter C_HAS_MEM_OUTPUT_REGS_B bound to: 0 - type: integer 
	Parameter C_HAS_MUX_OUTPUT_REGS_A bound to: 0 - type: integer 
	Parameter C_HAS_MUX_OUTPUT_REGS_B bound to: 0 - type: integer 
	Parameter C_MUX_PIPELINE_STAGES bound to: 0 - type: integer 
	Parameter C_HAS_SOFTECC_INPUT_REGS_A bound to: 0 - type: integer 
	Parameter C_HAS_SOFTECC_OUTPUT_REGS_B bound to: 0 - type: integer 
	Parameter C_USE_SOFTECC bound to: 0 - type: integer 
	Parameter C_USE_ECC bound to: 0 - type: integer 
	Parameter C_EN_ECC_PIPE bound to: 0 - type: integer 
	Parameter C_READ_LATENCY_A bound to: 1 - type: integer 
	Parameter C_READ_LATENCY_B bound to: 1 - type: integer 
	Parameter C_HAS_INJECTERR bound to: 0 - type: integer 
	Parameter C_SIM_COLLISION_CHECK bound to: ALL - type: string 
	Parameter C_COMMON_CLK bound to: 1 - type: integer 
	Parameter C_DISABLE_WARN_BHV_COLL bound to: 0 - type: integer 
	Parameter C_EN_SLEEP_PIN bound to: 0 - type: integer 
	Parameter C_USE_URAM bound to: 0 - type: integer 
	Parameter C_EN_RDADDRA_CHG bound to: 0 - type: integer 
	Parameter C_EN_RDADDRB_CHG bound to: 0 - type: integer 
	Parameter C_EN_DEEPSLEEP_PIN bound to: 0 - type: integer 
	Parameter C_EN_SHUTDOWN_PIN bound to: 0 - type: integer 
	Parameter C_EN_SAFETY_CKT bound to: 0 - type: integer 
	Parameter C_DISABLE_WARN_BHV_RANGE bound to: 0 - type: integer 
	Parameter C_COUNT_36K_BRAM bound to: 256 - type: string 
	Parameter C_COUNT_18K_BRAM bound to: 0 - type: string 
	Parameter C_EST_POWER_SUMMARY bound to: Estimated Power for IP     :     21.018106 mW - type: string 
INFO: [Synth 8-3491] module 'blk_mem_gen_v8_4_4' declared at 'c:/Users/HP/OneDrive/桌面/stu/计组/组成与结构实验5/cache实验基础代码/cache_lab_v0.05/soc_axi_lite_loongson/rtl/xilinx_ip/axi_ram/hdl/blk_mem_gen_v8_4_vhsyn_rfs.vhd:195321' bound to instance 'U0' of component 'blk_mem_gen_v8_4_4' [c:/Users/HP/OneDrive/桌面/stu/计组/组成与结构实验5/cache实验基础代码/cache_lab_v0.05/soc_axi_lite_loongson/rtl/xilinx_ip/axi_ram/synth/axi_ram.vhd:289]
INFO: [Synth 8-256] done synthesizing module 'axi_ram' (15#1) [c:/Users/HP/OneDrive/桌面/stu/计组/组成与结构实验5/cache实验基础代码/cache_lab_v0.05/soc_axi_lite_loongson/rtl/xilinx_ip/axi_ram/synth/axi_ram.vhd:95]
WARNING: [Synth 8-3331] design blk_mem_output_block has unconnected port CLKB
WARNING: [Synth 8-3331] design blk_mem_output_block has unconnected port DOUTA_I[31]
WARNING: [Synth 8-3331] design blk_mem_output_block has unconnected port DOUTA_I[30]
WARNING: [Synth 8-3331] design blk_mem_output_block has unconnected port DOUTA_I[29]
WARNING: [Synth 8-3331] design blk_mem_output_block has unconnected port DOUTA_I[28]
WARNING: [Synth 8-3331] design blk_mem_output_block has unconnected port DOUTA_I[27]
WARNING: [Synth 8-3331] design blk_mem_output_block has unconnected port DOUTA_I[26]
WARNING: [Synth 8-3331] design blk_mem_output_block has unconnected port DOUTA_I[25]
WARNING: [Synth 8-3331] design blk_mem_output_block has unconnected port DOUTA_I[24]
WARNING: [Synth 8-3331] design blk_mem_output_block has unconnected port DOUTA_I[23]
WARNING: [Synth 8-3331] design blk_mem_output_block has unconnected port DOUTA_I[22]
WARNING: [Synth 8-3331] design blk_mem_output_block has unconnected port DOUTA_I[21]
WARNING: [Synth 8-3331] design blk_mem_output_block has unconnected port DOUTA_I[20]
WARNING: [Synth 8-3331] design blk_mem_output_block has unconnected port DOUTA_I[19]
WARNING: [Synth 8-3331] design blk_mem_output_block has unconnected port DOUTA_I[18]
WARNING: [Synth 8-3331] design blk_mem_output_block has unconnected port DOUTA_I[17]
WARNING: [Synth 8-3331] design blk_mem_output_block has unconnected port DOUTA_I[16]
WARNING: [Synth 8-3331] design blk_mem_output_block has unconnected port DOUTA_I[15]
WARNING: [Synth 8-3331] design blk_mem_output_block has unconnected port DOUTA_I[14]
WARNING: [Synth 8-3331] design blk_mem_output_block has unconnected port DOUTA_I[13]
WARNING: [Synth 8-3331] design blk_mem_output_block has unconnected port DOUTA_I[12]
WARNING: [Synth 8-3331] design blk_mem_output_block has unconnected port DOUTA_I[11]
WARNING: [Synth 8-3331] design blk_mem_output_block has unconnected port DOUTA_I[10]
WARNING: [Synth 8-3331] design blk_mem_output_block has unconnected port DOUTA_I[9]
WARNING: [Synth 8-3331] design blk_mem_output_block has unconnected port DOUTA_I[8]
WARNING: [Synth 8-3331] design blk_mem_output_block has unconnected port DOUTA_I[7]
WARNING: [Synth 8-3331] design blk_mem_output_block has unconnected port DOUTA_I[6]
WARNING: [Synth 8-3331] design blk_mem_output_block has unconnected port DOUTA_I[5]
WARNING: [Synth 8-3331] design blk_mem_output_block has unconnected port DOUTA_I[4]
WARNING: [Synth 8-3331] design blk_mem_output_block has unconnected port DOUTA_I[3]
WARNING: [Synth 8-3331] design blk_mem_output_block has unconnected port DOUTA_I[2]
WARNING: [Synth 8-3331] design blk_mem_output_block has unconnected port DOUTA_I[1]
WARNING: [Synth 8-3331] design blk_mem_output_block has unconnected port DOUTA_I[0]
WARNING: [Synth 8-3331] design blk_mem_output_block has unconnected port SBITERR_I
WARNING: [Synth 8-3331] design blk_mem_output_block has unconnected port DBITERR_I
WARNING: [Synth 8-3331] design blk_mem_output_block has unconnected port RDADDRECC_I[17]
WARNING: [Synth 8-3331] design blk_mem_output_block has unconnected port RDADDRECC_I[16]
WARNING: [Synth 8-3331] design blk_mem_output_block has unconnected port RDADDRECC_I[15]
WARNING: [Synth 8-3331] design blk_mem_output_block has unconnected port RDADDRECC_I[14]
WARNING: [Synth 8-3331] design blk_mem_output_block has unconnected port RDADDRECC_I[13]
WARNING: [Synth 8-3331] design blk_mem_output_block has unconnected port RDADDRECC_I[12]
WARNING: [Synth 8-3331] design blk_mem_output_block has unconnected port RDADDRECC_I[11]
WARNING: [Synth 8-3331] design blk_mem_output_block has unconnected port RDADDRECC_I[10]
WARNING: [Synth 8-3331] design blk_mem_output_block has unconnected port RDADDRECC_I[9]
WARNING: [Synth 8-3331] design blk_mem_output_block has unconnected port RDADDRECC_I[8]
WARNING: [Synth 8-3331] design blk_mem_output_block has unconnected port RDADDRECC_I[7]
WARNING: [Synth 8-3331] design blk_mem_output_block has unconnected port RDADDRECC_I[6]
WARNING: [Synth 8-3331] design blk_mem_output_block has unconnected port RDADDRECC_I[5]
WARNING: [Synth 8-3331] design blk_mem_output_block has unconnected port RDADDRECC_I[4]
WARNING: [Synth 8-3331] design blk_mem_output_block has unconnected port RDADDRECC_I[3]
WARNING: [Synth 8-3331] design blk_mem_output_block has unconnected port RDADDRECC_I[2]
WARNING: [Synth 8-3331] design blk_mem_output_block has unconnected port RDADDRECC_I[1]
WARNING: [Synth 8-3331] design blk_mem_output_block has unconnected port RDADDRECC_I[0]
WARNING: [Synth 8-3331] design blk_mem_gen_prim_wrapper_init__parameterized254 has unconnected port SSRA
WARNING: [Synth 8-3331] design blk_mem_gen_prim_wrapper_init__parameterized254 has unconnected port REGCEA
WARNING: [Synth 8-3331] design blk_mem_gen_prim_wrapper_init__parameterized254 has unconnected port SSRB
WARNING: [Synth 8-3331] design blk_mem_gen_prim_wrapper_init__parameterized254 has unconnected port WEB[0]
WARNING: [Synth 8-3331] design blk_mem_gen_prim_wrapper_init__parameterized254 has unconnected port DINB[8]
WARNING: [Synth 8-3331] design blk_mem_gen_prim_wrapper_init__parameterized254 has unconnected port DINB[7]
WARNING: [Synth 8-3331] design blk_mem_gen_prim_wrapper_init__parameterized254 has unconnected port DINB[6]
WARNING: [Synth 8-3331] design blk_mem_gen_prim_wrapper_init__parameterized254 has unconnected port DINB[5]
WARNING: [Synth 8-3331] design blk_mem_gen_prim_wrapper_init__parameterized254 has unconnected port DINB[4]
WARNING: [Synth 8-3331] design blk_mem_gen_prim_wrapper_init__parameterized254 has unconnected port DINB[3]
WARNING: [Synth 8-3331] design blk_mem_gen_prim_wrapper_init__parameterized254 has unconnected port DINB[2]
WARNING: [Synth 8-3331] design blk_mem_gen_prim_wrapper_init__parameterized254 has unconnected port DINB[1]
WARNING: [Synth 8-3331] design blk_mem_gen_prim_wrapper_init__parameterized254 has unconnected port DINB[0]
WARNING: [Synth 8-3331] design blk_mem_gen_prim_wrapper_init__parameterized254 has unconnected port SLEEP
WARNING: [Synth 8-3331] design blk_mem_gen_prim_wrapper_init__parameterized254 has unconnected port INJECTSBITERR
WARNING: [Synth 8-3331] design blk_mem_gen_prim_wrapper_init__parameterized254 has unconnected port INJECTDBITERR
WARNING: [Synth 8-3331] design blk_mem_gen_prim_wrapper_init__parameterized254 has unconnected port ECCPIPECE
WARNING: [Synth 8-3331] design blk_mem_gen_prim_wrapper_init__parameterized253 has unconnected port SSRA
WARNING: [Synth 8-3331] design blk_mem_gen_prim_wrapper_init__parameterized253 has unconnected port REGCEA
WARNING: [Synth 8-3331] design blk_mem_gen_prim_wrapper_init__parameterized253 has unconnected port SSRB
WARNING: [Synth 8-3331] design blk_mem_gen_prim_wrapper_init__parameterized253 has unconnected port WEB[0]
WARNING: [Synth 8-3331] design blk_mem_gen_prim_wrapper_init__parameterized253 has unconnected port DINB[8]
WARNING: [Synth 8-3331] design blk_mem_gen_prim_wrapper_init__parameterized253 has unconnected port DINB[7]
WARNING: [Synth 8-3331] design blk_mem_gen_prim_wrapper_init__parameterized253 has unconnected port DINB[6]
WARNING: [Synth 8-3331] design blk_mem_gen_prim_wrapper_init__parameterized253 has unconnected port DINB[5]
WARNING: [Synth 8-3331] design blk_mem_gen_prim_wrapper_init__parameterized253 has unconnected port DINB[4]
WARNING: [Synth 8-3331] design blk_mem_gen_prim_wrapper_init__parameterized253 has unconnected port DINB[3]
WARNING: [Synth 8-3331] design blk_mem_gen_prim_wrapper_init__parameterized253 has unconnected port DINB[2]
WARNING: [Synth 8-3331] design blk_mem_gen_prim_wrapper_init__parameterized253 has unconnected port DINB[1]
WARNING: [Synth 8-3331] design blk_mem_gen_prim_wrapper_init__parameterized253 has unconnected port DINB[0]
WARNING: [Synth 8-3331] design blk_mem_gen_prim_wrapper_init__parameterized253 has unconnected port SLEEP
WARNING: [Synth 8-3331] design blk_mem_gen_prim_wrapper_init__parameterized253 has unconnected port INJECTSBITERR
WARNING: [Synth 8-3331] design blk_mem_gen_prim_wrapper_init__parameterized253 has unconnected port INJECTDBITERR
WARNING: [Synth 8-3331] design blk_mem_gen_prim_wrapper_init__parameterized253 has unconnected port ECCPIPECE
WARNING: [Synth 8-3331] design blk_mem_gen_prim_wrapper_init__parameterized252 has unconnected port SSRA
WARNING: [Synth 8-3331] design blk_mem_gen_prim_wrapper_init__parameterized252 has unconnected port REGCEA
WARNING: [Synth 8-3331] design blk_mem_gen_prim_wrapper_init__parameterized252 has unconnected port SSRB
WARNING: [Synth 8-3331] design blk_mem_gen_prim_wrapper_init__parameterized252 has unconnected port WEB[0]
WARNING: [Synth 8-3331] design blk_mem_gen_prim_wrapper_init__parameterized252 has unconnected port DINB[8]
WARNING: [Synth 8-3331] design blk_mem_gen_prim_wrapper_init__parameterized252 has unconnected port DINB[7]
WARNING: [Synth 8-3331] design blk_mem_gen_prim_wrapper_init__parameterized252 has unconnected port DINB[6]
WARNING: [Synth 8-3331] design blk_mem_gen_prim_wrapper_init__parameterized252 has unconnected port DINB[5]
WARNING: [Synth 8-3331] design blk_mem_gen_prim_wrapper_init__parameterized252 has unconnected port DINB[4]
WARNING: [Synth 8-3331] design blk_mem_gen_prim_wrapper_init__parameterized252 has unconnected port DINB[3]
WARNING: [Synth 8-3331] design blk_mem_gen_prim_wrapper_init__parameterized252 has unconnected port DINB[2]
WARNING: [Synth 8-3331] design blk_mem_gen_prim_wrapper_init__parameterized252 has unconnected port DINB[1]
WARNING: [Synth 8-3331] design blk_mem_gen_prim_wrapper_init__parameterized252 has unconnected port DINB[0]
INFO: [Common 17-14] Message 'Synth 8-3331' appears 100 times and further instances of the messages will be disabled. Use the Tcl command set_msg_config to change the current settings.
TclStackFree: incorrect freePtr. Call out of sequence?
[Sun May 11 10:26:30 2025] axi_ram_synth_1 finished
WARNING: [Vivado 12-8222] Failed run(s) : 'axi_ram_synth_1'
[Sun May 11 10:26:30 2025] Waiting for axi_crossbar_1x2_synth_1 to finish...
[Sun May 11 10:26:36 2025] Waiting for axi_crossbar_1x2_synth_1 to finish...
[Sun May 11 10:26:41 2025] Waiting for axi_crossbar_1x2_synth_1 to finish...
[Sun May 11 10:26:46 2025] Waiting for axi_crossbar_1x2_synth_1 to finish...
[Sun May 11 10:26:57 2025] Waiting for axi_crossbar_1x2_synth_1 to finish...
[Sun May 11 10:27:07 2025] Waiting for axi_crossbar_1x2_synth_1 to finish...
[Sun May 11 10:27:17 2025] Waiting for axi_crossbar_1x2_synth_1 to finish...
[Sun May 11 10:27:28 2025] Waiting for axi_crossbar_1x2_synth_1 to finish...

*** Running vivado
    with args -log axi_crossbar_1x2.vds -m64 -product Vivado -mode batch -messageDb vivado.pb -notrace -source axi_crossbar_1x2.tcl


****** Vivado v2019.2 (64-bit)
  **** SW Build 2708876 on Wed Nov  6 21:40:23 MST 2019
  **** IP Build 2700528 on Thu Nov  7 00:09:20 MST 2019
    ** Copyright 1986-2019 Xilinx, Inc. All Rights Reserved.

source axi_crossbar_1x2.tcl -notrace
create_project: Time (s): cpu = 00:00:04 ; elapsed = 00:00:06 . Memory (MB): peak = 437.074 ; gain = 156.543
Command: synth_design -top axi_crossbar_1x2 -part xc7a200tfbg676-2 -mode out_of_context
Starting synth_design
Attempting to get a license for feature 'Synthesis' and/or device 'xc7a200t'
INFO: [Common 17-349] Got license for feature 'Synthesis' and/or device 'xc7a200t'
INFO: [Device 21-403] Loading part xc7a200tfbg676-2
INFO: Launching helper process for spawning children vivado processes
INFO: Helper process launched with PID 24448 
---------------------------------------------------------------------------------
Starting RTL Elaboration : Time (s): cpu = 00:00:14 ; elapsed = 00:00:17 . Memory (MB): peak = 1031.172 ; gain = 235.164
---------------------------------------------------------------------------------
INFO: [Synth 8-6157] synthesizing module 'axi_crossbar_1x2' [c:/Users/HP/OneDrive/桌面/stu/计组/组成与结构实验5/cache实验基础代码/cache_lab_v0.05/soc_axi_lite_loongson/rtl/xilinx_ip/axi_crossbar_1x2/synth/axi_crossbar_1x2.v:59]
INFO: [Synth 8-6157] synthesizing module 'axi_crossbar_v2_1_21_axi_crossbar' [c:/Users/HP/OneDrive/桌面/stu/计组/组成与结构实验5/cache实验基础代码/cache_lab_v0.05/soc_axi_lite_loongson/rtl/xilinx_ip/axi_crossbar_1x2/hdl/axi_crossbar_v2_1_vl_rfs.v:4884]
	Parameter C_FAMILY bound to: artix7 - type: string 
	Parameter C_NUM_SLAVE_SLOTS bound to: 1 - type: integer 
	Parameter C_NUM_MASTER_SLOTS bound to: 2 - type: integer 
	Parameter C_AXI_ID_WIDTH bound to: 4 - type: integer 
	Parameter C_AXI_ADDR_WIDTH bound to: 32 - type: integer 
	Parameter C_AXI_DATA_WIDTH bound to: 32 - type: integer 
	Parameter C_AXI_PROTOCOL bound to: 1 - type: integer 
	Parameter C_NUM_ADDR_RANGES bound to: 5 - type: integer 
	Parameter C_M_AXI_BASE_ADDR bound to: 640'b0000000000000000000000000000000000000000000000000000000000000000000000000000000000000000000000001000000000000000000000000000000000000000000000000000000000000000010000000000000000000000000000000000000000000000000000000000000000100000000000000000000000000000000000000000000000000000000000000001111111000000000000000000000011111111111111111111111111111111111111111111111111111111111111111111111111111111111111111111111111111111111111111111111111111111111111111111111111111111111111111111111111111111111111111111111111111111111111111111111111111111111111111111111111111111111111110000000000000000000000000000000000011111101011110000000000000000 
	Parameter C_M_AXI_ADDR_WIDTH bound to: 320'b00000000000000000000000000011100000000000000000000000000000111110000000000000000000000000001111000000000000000000000000000011101000000000000000000000000000101100000000000000000000000000000000000000000000000000000000000000000000000000000000000000000000000000000000000000000000000000000000000000000000000000000000000010000 
	Parameter C_S_AXI_BASE_ID bound to: 0 - type: integer 
	Parameter C_S_AXI_THREAD_ID_WIDTH bound to: 4 - type: integer 
	Parameter C_AXI_SUPPORTS_USER_SIGNALS bound to: 0 - type: integer 
	Parameter C_AXI_AWUSER_WIDTH bound to: 1 - type: integer 
	Parameter C_AXI_ARUSER_WIDTH bound to: 1 - type: integer 
	Parameter C_AXI_WUSER_WIDTH bound to: 1 - type: integer 
	Parameter C_AXI_RUSER_WIDTH bound to: 1 - type: integer 
	Parameter C_AXI_BUSER_WIDTH bound to: 1 - type: integer 
	Parameter C_M_AXI_WRITE_CONNECTIVITY bound to: 64'b0000000000000000000000000000000100000000000000000000000000000001 
	Parameter C_M_AXI_READ_CONNECTIVITY bound to: 64'b0000000000000000000000000000000100000000000000000000000000000001 
	Parameter C_R_REGISTER bound to: 0 - type: integer 
	Parameter C_S_AXI_SINGLE_THREAD bound to: 0 - type: integer 
	Parameter C_S_AXI_WRITE_ACCEPTANCE bound to: 4 - type: integer 
	Parameter C_S_AXI_READ_ACCEPTANCE bound to: 4 - type: integer 
	Parameter C_M_AXI_WRITE_ISSUING bound to: 64'b0000000000000000000000000000010000000000000000000000000000000100 
	Parameter C_M_AXI_READ_ISSUING bound to: 64'b0000000000000000000000000000010000000000000000000000000000000100 
	Parameter C_S_AXI_ARB_PRIORITY bound to: 0 - type: integer 
	Parameter C_M_AXI_SECURE bound to: 64'b0000000000000000000000000000000000000000000000000000000000000000 
	Parameter C_CONNECTIVITY_MODE bound to: 1 - type: integer 
	Parameter P_ONES bound to: 65'b11111111111111111111111111111111111111111111111111111111111111111 
	Parameter P_S_AXI_BASE_ID bound to: 64'b0000000000000000000000000000000000000000000000000000000000000000 
	Parameter P_S_AXI_HIGH_ID bound to: 64'b0000000000000000000000000000000000000000000000000000000000001111 
	Parameter P_AXI4 bound to: 0 - type: integer 
	Parameter P_AXI3 bound to: 1 - type: integer 
	Parameter P_AXILITE bound to: 2 - type: integer 
	Parameter P_AXILITE_SIZE bound to: 3'b010 
	Parameter P_INCR bound to: 2'b01 
	Parameter P_M_AXI_SUPPORTS_WRITE bound to: 2'b11 
	Parameter P_M_AXI_SUPPORTS_READ bound to: 2'b11 
	Parameter P_S_AXI_SUPPORTS_WRITE bound to: 1'b1 
	Parameter P_S_AXI_SUPPORTS_READ bound to: 1'b1 
	Parameter C_DEBUG bound to: 1 - type: integer 
	Parameter P_RANGE_CHECK bound to: 1 - type: integer 
	Parameter P_ADDR_DECODE bound to: 1 - type: integer 
	Parameter P_M_AXI_ERR_MODE bound to: 64'b0000000000000000000000000000000000000000000000000000000000000000 
	Parameter P_LEN bound to: 4 - type: integer 
	Parameter P_LOCK bound to: 2 - type: integer 
	Parameter P_FAMILY bound to: artix7 - type: string 
INFO: [Synth 8-6157] synthesizing module 'axi_crossbar_v2_1_21_crossbar' [c:/Users/HP/OneDrive/桌面/stu/计组/组成与结构实验5/cache实验基础代码/cache_lab_v0.05/soc_axi_lite_loongson/rtl/xilinx_ip/axi_crossbar_1x2/hdl/axi_crossbar_v2_1_vl_rfs.v:2239]
	Parameter C_FAMILY bound to: artix7 - type: string 
	Parameter C_NUM_SLAVE_SLOTS bound to: 1 - type: integer 
	Parameter C_NUM_MASTER_SLOTS bound to: 2 - type: integer 
	Parameter C_NUM_ADDR_RANGES bound to: 5 - type: integer 
	Parameter C_AXI_ID_WIDTH bound to: 4 - type: integer 
	Parameter C_AXI_ADDR_WIDTH bound to: 32 - type: integer 
	Parameter C_AXI_DATA_WIDTH bound to: 32 - type: integer 
	Parameter C_AXI_PROTOCOL bound to: 1 - type: integer 
	Parameter C_M_AXI_BASE_ADDR bound to: 640'b0000000000000000000000000000000000000000000000000000000000000000000000000000000000000000000000001000000000000000000000000000000000000000000000000000000000000000010000000000000000000000000000000000000000000000000000000000000000100000000000000000000000000000000000000000000000000000000000000001111111000000000000000000000011111111111111111111111111111111111111111111111111111111111111111111111111111111111111111111111111111111111111111111111111111111111111111111111111111111111111111111111111111111111111111111111111111111111111111111111111111111111111111111111111111111111111110000000000000000000000000000000000011111101011110000000000000000 
	Parameter C_M_AXI_HIGH_ADDR bound to: 640'b0000000000000000000000000000000000001111111111111111111111111111000000000000000000000000000000001111111111111111111111111111111100000000000000000000000000000000011111111111111111111111111111110000000000000000000000000000000000111111111111111111111111111111000000000000000000000000000000000001111111111111111111111111111100000000000000000000000000000000000000000000000000000000000000000000000000000000000000000000000000000000000000000000000000000000000000000000000000000000000000000000000000000000000000000000000000000000000000000000000000000000000000000000000000000000000000000000000000000000000000000000000000011111101011111111111111111111 
	Parameter C_S_AXI_BASE_ID bound to: 64'b0000000000000000000000000000000000000000000000000000000000000000 
	Parameter C_S_AXI_HIGH_ID bound to: 64'b0000000000000000000000000000000000000000000000000000000000001111 
	Parameter C_S_AXI_THREAD_ID_WIDTH bound to: 4 - type: integer 
	Parameter C_AXI_SUPPORTS_USER_SIGNALS bound to: 0 - type: integer 
	Parameter C_AXI_AWUSER_WIDTH bound to: 1 - type: integer 
	Parameter C_AXI_ARUSER_WIDTH bound to: 1 - type: integer 
	Parameter C_AXI_WUSER_WIDTH bound to: 1 - type: integer 
	Parameter C_AXI_RUSER_WIDTH bound to: 1 - type: integer 
	Parameter C_AXI_BUSER_WIDTH bound to: 1 - type: integer 
	Parameter C_S_AXI_SUPPORTS_WRITE bound to: 1'b1 
	Parameter C_S_AXI_SUPPORTS_READ bound to: 1'b1 
	Parameter C_M_AXI_SUPPORTS_WRITE bound to: 2'b11 
	Parameter C_M_AXI_SUPPORTS_READ bound to: 2'b11 
	Parameter C_M_AXI_WRITE_CONNECTIVITY bound to: 64'b0000000000000000000000000000000100000000000000000000000000000001 
	Parameter C_M_AXI_READ_CONNECTIVITY bound to: 64'b0000000000000000000000000000000100000000000000000000000000000001 
	Parameter C_S_AXI_SINGLE_THREAD bound to: 0 - type: integer 
	Parameter C_S_AXI_WRITE_ACCEPTANCE bound to: 4 - type: integer 
	Parameter C_S_AXI_READ_ACCEPTANCE bound to: 4 - type: integer 
	Parameter C_M_AXI_WRITE_ISSUING bound to: 64'b0000000000000000000000000000010000000000000000000000000000000100 
	Parameter C_M_AXI_READ_ISSUING bound to: 64'b0000000000000000000000000000010000000000000000000000000000000100 
	Parameter C_S_AXI_ARB_PRIORITY bound to: 0 - type: integer 
	Parameter C_M_AXI_SECURE bound to: 64'b0000000000000000000000000000000000000000000000000000000000000000 
	Parameter C_M_AXI_ERR_MODE bound to: 64'b0000000000000000000000000000000000000000000000000000000000000000 
	Parameter C_RANGE_CHECK bound to: 1 - type: integer 
	Parameter C_ADDR_DECODE bound to: 1 - type: integer 
	Parameter C_W_ISSUE_WIDTH bound to: 96'b000000000000000000000000000000000000000000000000000000000000001000000000000000000000000000000010 
	Parameter C_R_ISSUE_WIDTH bound to: 96'b000000000000000000000000000000000000000000000000000000000000001000000000000000000000000000000010 
	Parameter C_W_ACCEPT_WIDTH bound to: 32'b00000000000000000000000000000010 
	Parameter C_R_ACCEPT_WIDTH bound to: 32'b00000000000000000000000000000010 
	Parameter C_DEBUG bound to: 1 - type: integer 
	Parameter P_AXI4 bound to: 0 - type: integer 
	Parameter P_AXI3 bound to: 1 - type: integer 
	Parameter P_AXILITE bound to: 2 - type: integer 
	Parameter P_WRITE bound to: 0 - type: integer 
	Parameter P_READ bound to: 1 - type: integer 
	Parameter P_NUM_MASTER_SLOTS_LOG bound to: 1 - type: integer 
	Parameter P_NUM_SLAVE_SLOTS_LOG bound to: 1 - type: integer 
	Parameter P_AXI_WID_WIDTH bound to: 4 - type: integer 
	Parameter P_ST_AWMESG_WIDTH bound to: 11 - type: integer 
	Parameter P_AA_AWMESG_WIDTH bound to: 67 - type: integer 
	Parameter P_ST_ARMESG_WIDTH bound to: 11 - type: integer 
	Parameter P_AA_ARMESG_WIDTH bound to: 67 - type: integer 
	Parameter P_ST_BMESG_WIDTH bound to: 3 - type: integer 
	Parameter P_ST_RMESG_WIDTH bound to: 35 - type: integer 
	Parameter P_WR_WMESG_WIDTH bound to: 41 - type: integer 
	Parameter P_BYPASS bound to: 0 - type: integer 
	Parameter P_FWD_REV bound to: 1 - type: integer 
	Parameter P_SIMPLE bound to: 7 - type: integer 
	Parameter P_M_AXI_SUPPORTS_READ bound to: 3'b111 
	Parameter P_M_AXI_SUPPORTS_WRITE bound to: 3'b111 
	Parameter P_M_AXI_WRITE_CONNECTIVITY bound to: 96'b111111111111111111111111111111110000000000000000000000000000000100000000000000000000000000000001 
	Parameter P_M_AXI_READ_CONNECTIVITY bound to: 96'b111111111111111111111111111111110000000000000000000000000000000100000000000000000000000000000001 
	Parameter P_S_AXI_WRITE_CONNECTIVITY bound to: 32'b11111111111111111111111111111111 
	Parameter P_S_AXI_READ_CONNECTIVITY bound to: 32'b11111111111111111111111111111111 
	Parameter P_M_AXI_READ_ISSUING bound to: 96'b000000000000000000000000000000010000000000000000000000000000010000000000000000000000000000000100 
	Parameter P_M_AXI_WRITE_ISSUING bound to: 96'b000000000000000000000000000000010000000000000000000000000000010000000000000000000000000000000100 
	Parameter P_DECERR bound to: 2'b11 
INFO: [Synth 8-6157] synthesizing module 'axi_crossbar_v2_1_21_si_transactor' [c:/Users/HP/OneDrive/桌面/stu/计组/组成与结构实验5/cache实验基础代码/cache_lab_v0.05/soc_axi_lite_loongson/rtl/xilinx_ip/axi_crossbar_1x2/hdl/axi_crossbar_v2_1_vl_rfs.v:3800]
	Parameter C_FAMILY bound to: artix7 - type: string 
	Parameter C_SI bound to: 0 - type: integer 
	Parameter C_DIR bound to: 1 - type: integer 
	Parameter C_NUM_ADDR_RANGES bound to: 5 - type: integer 
	Parameter C_NUM_M bound to: 2 - type: integer 
	Parameter C_NUM_M_LOG bound to: 1 - type: integer 
	Parameter C_ACCEPTANCE bound to: 4 - type: integer 
	Parameter C_ACCEPTANCE_LOG bound to: 2 - type: integer 
	Parameter C_ID_WIDTH bound to: 4 - type: integer 
	Parameter C_THREAD_ID_WIDTH bound to: 4 - type: integer 
	Parameter C_ADDR_WIDTH bound to: 32 - type: integer 
	Parameter C_AMESG_WIDTH bound to: 11 - type: integer 
	Parameter C_RMESG_WIDTH bound to: 35 - type: integer 
	Parameter C_BASE_ID bound to: 4'b0000 
	Parameter C_HIGH_ID bound to: 4'b1111 
	Parameter C_BASE_ADDR bound to: 640'b0000000000000000000000000000000000000000000000000000000000000000000000000000000000000000000000001000000000000000000000000000000000000000000000000000000000000000010000000000000000000000000000000000000000000000000000000000000000100000000000000000000000000000000000000000000000000000000000000001111111000000000000000000000011111111111111111111111111111111111111111111111111111111111111111111111111111111111111111111111111111111111111111111111111111111111111111111111111111111111111111111111111111111111111111111111111111111111111111111111111111111111111111111111111111111111111110000000000000000000000000000000000011111101011110000000000000000 
	Parameter C_HIGH_ADDR bound to: 640'b0000000000000000000000000000000000001111111111111111111111111111000000000000000000000000000000001111111111111111111111111111111100000000000000000000000000000000011111111111111111111111111111110000000000000000000000000000000000111111111111111111111111111111000000000000000000000000000000000001111111111111111111111111111100000000000000000000000000000000000000000000000000000000000000000000000000000000000000000000000000000000000000000000000000000000000000000000000000000000000000000000000000000000000000000000000000000000000000000000000000000000000000000000000000000000000000000000000000000000000000000000000000011111101011111111111111111111 
	Parameter C_SINGLE_THREAD bound to: 0 - type: integer 
	Parameter C_TARGET_QUAL bound to: 2'b11 
	Parameter C_M_AXI_SECURE bound to: 64'b0000000000000000000000000000000000000000000000000000000000000000 
	Parameter C_RANGE_CHECK bound to: 1 - type: integer 
	Parameter C_ADDR_DECODE bound to: 1 - type: integer 
	Parameter C_ERR_MODE bound to: 64'b0000000000000000000000000000000000000000000000000000000000000000 
	Parameter C_DEBUG bound to: 1 - type: integer 
	Parameter P_WRITE bound to: 0 - type: integer 
	Parameter P_READ bound to: 1 - type: integer 
	Parameter P_RMUX_MESG_WIDTH bound to: 40 - type: integer 
	Parameter P_AXILITE_ERRMODE bound to: 1 - type: integer 
	Parameter P_NONSECURE_BIT bound to: 1 - type: integer 
	Parameter P_NUM_M_LOG_M1 bound to: 1 - type: integer 
	Parameter P_M_AXILITE bound to: 2'b00 
	Parameter P_FIXED bound to: 2'b00 
	Parameter P_NUM_M_DE_LOG bound to: 2 - type: integer 
	Parameter P_THREAD_ID_WIDTH_M1 bound to: 4 - type: integer 
	Parameter P_NUM_ID_VAL bound to: 16 - type: integer 
	Parameter P_NUM_THREADS bound to: 4 - type: integer 
	Parameter P_M_SECURE_MASK bound to: 2'b00 
INFO: [Synth 8-6157] synthesizing module 'axi_crossbar_v2_1_21_addr_decoder' [c:/Users/HP/OneDrive/桌面/stu/计组/组成与结构实验5/cache实验基础代码/cache_lab_v0.05/soc_axi_lite_loongson/rtl/xilinx_ip/axi_crossbar_1x2/hdl/axi_crossbar_v2_1_vl_rfs.v:794]
	Parameter C_FAMILY bound to: artix7 - type: string 
	Parameter C_NUM_TARGETS bound to: 2 - type: integer 
	Parameter C_NUM_TARGETS_LOG bound to: 1 - type: integer 
	Parameter C_NUM_RANGES bound to: 5 - type: integer 
	Parameter C_ADDR_WIDTH bound to: 32 - type: integer 
	Parameter C_TARGET_ENC bound to: 1 - type: integer 
	Parameter C_TARGET_HOT bound to: 1 - type: integer 
	Parameter C_REGION_ENC bound to: 1 - type: integer 
	Parameter C_BASE_ADDR bound to: 640'b0000000000000000000000000000000000000000000000000000000000000000000000000000000000000000000000001000000000000000000000000000000000000000000000000000000000000000010000000000000000000000000000000000000000000000000000000000000000100000000000000000000000000000000000000000000000000000000000000001111111000000000000000000000011111111111111111111111111111111111111111111111111111111111111111111111111111111111111111111111111111111111111111111111111111111111111111111111111111111111111111111111111111111111111111111111111111111111111111111111111111111111111111111111111111111111111110000000000000000000000000000000000011111101011110000000000000000 
	Parameter C_HIGH_ADDR bound to: 640'b0000000000000000000000000000000000001111111111111111111111111111000000000000000000000000000000001111111111111111111111111111111100000000000000000000000000000000011111111111111111111111111111110000000000000000000000000000000000111111111111111111111111111111000000000000000000000000000000000001111111111111111111111111111100000000000000000000000000000000000000000000000000000000000000000000000000000000000000000000000000000000000000000000000000000000000000000000000000000000000000000000000000000000000000000000000000000000000000000000000000000000000000000000000000000000000000000000000000000000000000000000000000011111101011111111111111111111 
	Parameter C_TARGET_QUAL bound to: 3'b011 
	Parameter C_RESOLUTION bound to: 2 - type: integer 
	Parameter C_COMPARATOR_THRESHOLD bound to: 6 - type: integer 
INFO: [Synth 8-6157] synthesizing module 'generic_baseblocks_v2_1_0_comparator_static' [c:/Users/HP/OneDrive/桌面/stu/计组/组成与结构实验5/cache实验基础代码/cache_lab_v0.05/soc_axi_lite_loongson/rtl/xilinx_ip/axi_crossbar_1x2/hdl/generic_baseblocks_v2_1_vl_rfs.v:2133]
	Parameter C_FAMILY bound to: rtl - type: string 
	Parameter C_VALUE bound to: 30'b000111111010111100000000000000 
	Parameter C_DATA_WIDTH bound to: 30 - type: integer 
	Parameter C_BITS_PER_LUT bound to: 6 - type: integer 
	Parameter C_NUM_LUT bound to: 5 - type: integer 
	Parameter C_FIX_DATA_WIDTH bound to: 30 - type: integer 
INFO: [Synth 8-6157] synthesizing module 'generic_baseblocks_v2_1_0_carry_and' [c:/Users/HP/OneDrive/桌面/stu/计组/组成与结构实验5/cache实验基础代码/cache_lab_v0.05/soc_axi_lite_loongson/rtl/xilinx_ip/axi_crossbar_1x2/hdl/generic_baseblocks_v2_1_vl_rfs.v:62]
	Parameter C_FAMILY bound to: rtl - type: string 
INFO: [Synth 8-6155] done synthesizing module 'generic_baseblocks_v2_1_0_carry_and' (1#1) [c:/Users/HP/OneDrive/桌面/stu/计组/组成与结构实验5/cache实验基础代码/cache_lab_v0.05/soc_axi_lite_loongson/rtl/xilinx_ip/axi_crossbar_1x2/hdl/generic_baseblocks_v2_1_vl_rfs.v:62]
INFO: [Synth 8-6155] done synthesizing module 'generic_baseblocks_v2_1_0_comparator_static' (2#1) [c:/Users/HP/OneDrive/桌面/stu/计组/组成与结构实验5/cache实验基础代码/cache_lab_v0.05/soc_axi_lite_loongson/rtl/xilinx_ip/axi_crossbar_1x2/hdl/generic_baseblocks_v2_1_vl_rfs.v:2133]
INFO: [Synth 8-6157] synthesizing module 'generic_baseblocks_v2_1_0_comparator_static__parameterized0' [c:/Users/HP/OneDrive/桌面/stu/计组/组成与结构实验5/cache实验基础代码/cache_lab_v0.05/soc_axi_lite_loongson/rtl/xilinx_ip/axi_crossbar_1x2/hdl/generic_baseblocks_v2_1_vl_rfs.v:2133]
	Parameter C_FAMILY bound to: rtl - type: string 
	Parameter C_VALUE bound to: 30'b000111111100000000000000000000 
	Parameter C_DATA_WIDTH bound to: 30 - type: integer 
	Parameter C_BITS_PER_LUT bound to: 6 - type: integer 
	Parameter C_NUM_LUT bound to: 5 - type: integer 
	Parameter C_FIX_DATA_WIDTH bound to: 30 - type: integer 
INFO: [Synth 8-6155] done synthesizing module 'generic_baseblocks_v2_1_0_comparator_static__parameterized0' (2#1) [c:/Users/HP/OneDrive/桌面/stu/计组/组成与结构实验5/cache实验基础代码/cache_lab_v0.05/soc_axi_lite_loongson/rtl/xilinx_ip/axi_crossbar_1x2/hdl/generic_baseblocks_v2_1_vl_rfs.v:2133]
INFO: [Synth 8-6157] synthesizing module 'generic_baseblocks_v2_1_0_comparator_static__parameterized1' [c:/Users/HP/OneDrive/桌面/stu/计组/组成与结构实验5/cache实验基础代码/cache_lab_v0.05/soc_axi_lite_loongson/rtl/xilinx_ip/axi_crossbar_1x2/hdl/generic_baseblocks_v2_1_vl_rfs.v:2133]
	Parameter C_FAMILY bound to: rtl - type: string 
	Parameter C_VALUE bound to: 30'b001000000000000000000000000000 
	Parameter C_DATA_WIDTH bound to: 30 - type: integer 
	Parameter C_BITS_PER_LUT bound to: 6 - type: integer 
	Parameter C_NUM_LUT bound to: 5 - type: integer 
	Parameter C_FIX_DATA_WIDTH bound to: 30 - type: integer 
INFO: [Synth 8-6155] done synthesizing module 'generic_baseblocks_v2_1_0_comparator_static__parameterized1' (2#1) [c:/Users/HP/OneDrive/桌面/stu/计组/组成与结构实验5/cache实验基础代码/cache_lab_v0.05/soc_axi_lite_loongson/rtl/xilinx_ip/axi_crossbar_1x2/hdl/generic_baseblocks_v2_1_vl_rfs.v:2133]
INFO: [Synth 8-6157] synthesizing module 'generic_baseblocks_v2_1_0_comparator_static__parameterized2' [c:/Users/HP/OneDrive/桌面/stu/计组/组成与结构实验5/cache实验基础代码/cache_lab_v0.05/soc_axi_lite_loongson/rtl/xilinx_ip/axi_crossbar_1x2/hdl/generic_baseblocks_v2_1_vl_rfs.v:2133]
	Parameter C_FAMILY bound to: rtl - type: string 
	Parameter C_VALUE bound to: 30'b010000000000000000000000000000 
	Parameter C_DATA_WIDTH bound to: 30 - type: integer 
	Parameter C_BITS_PER_LUT bound to: 6 - type: integer 
	Parameter C_NUM_LUT bound to: 5 - type: integer 
	Parameter C_FIX_DATA_WIDTH bound to: 30 - type: integer 
INFO: [Synth 8-6155] done synthesizing module 'generic_baseblocks_v2_1_0_comparator_static__parameterized2' (2#1) [c:/Users/HP/OneDrive/桌面/stu/计组/组成与结构实验5/cache实验基础代码/cache_lab_v0.05/soc_axi_lite_loongson/rtl/xilinx_ip/axi_crossbar_1x2/hdl/generic_baseblocks_v2_1_vl_rfs.v:2133]
INFO: [Synth 8-6157] synthesizing module 'generic_baseblocks_v2_1_0_comparator_static__parameterized3' [c:/Users/HP/OneDrive/桌面/stu/计组/组成与结构实验5/cache实验基础代码/cache_lab_v0.05/soc_axi_lite_loongson/rtl/xilinx_ip/axi_crossbar_1x2/hdl/generic_baseblocks_v2_1_vl_rfs.v:2133]
	Parameter C_FAMILY bound to: rtl - type: string 
	Parameter C_VALUE bound to: 30'b100000000000000000000000000000 
	Parameter C_DATA_WIDTH bound to: 30 - type: integer 
	Parameter C_BITS_PER_LUT bound to: 6 - type: integer 
	Parameter C_NUM_LUT bound to: 5 - type: integer 
	Parameter C_FIX_DATA_WIDTH bound to: 30 - type: integer 
INFO: [Synth 8-6155] done synthesizing module 'generic_baseblocks_v2_1_0_comparator_static__parameterized3' (2#1) [c:/Users/HP/OneDrive/桌面/stu/计组/组成与结构实验5/cache实验基础代码/cache_lab_v0.05/soc_axi_lite_loongson/rtl/xilinx_ip/axi_crossbar_1x2/hdl/generic_baseblocks_v2_1_vl_rfs.v:2133]
INFO: [Synth 8-6157] synthesizing module 'generic_baseblocks_v2_1_0_comparator_static__parameterized4' [c:/Users/HP/OneDrive/桌面/stu/计组/组成与结构实验5/cache实验基础代码/cache_lab_v0.05/soc_axi_lite_loongson/rtl/xilinx_ip/axi_crossbar_1x2/hdl/generic_baseblocks_v2_1_vl_rfs.v:2133]
	Parameter C_FAMILY bound to: rtl - type: string 
	Parameter C_VALUE bound to: 30'b000000000000000000000000000000 
	Parameter C_DATA_WIDTH bound to: 30 - type: integer 
	Parameter C_BITS_PER_LUT bound to: 6 - type: integer 
	Parameter C_NUM_LUT bound to: 5 - type: integer 
	Parameter C_FIX_DATA_WIDTH bound to: 30 - type: integer 
INFO: [Synth 8-6155] done synthesizing module 'generic_baseblocks_v2_1_0_comparator_static__parameterized4' (2#1) [c:/Users/HP/OneDrive/桌面/stu/计组/组成与结构实验5/cache实验基础代码/cache_lab_v0.05/soc_axi_lite_loongson/rtl/xilinx_ip/axi_crossbar_1x2/hdl/generic_baseblocks_v2_1_vl_rfs.v:2133]
INFO: [Synth 8-6155] done synthesizing module 'axi_crossbar_v2_1_21_addr_decoder' (3#1) [c:/Users/HP/OneDrive/桌面/stu/计组/组成与结构实验5/cache实验基础代码/cache_lab_v0.05/soc_axi_lite_loongson/rtl/xilinx_ip/axi_crossbar_1x2/hdl/axi_crossbar_v2_1_vl_rfs.v:794]
INFO: [Synth 8-6157] synthesizing module 'axi_data_fifo_v2_1_19_axic_srl_fifo' [c:/Users/HP/OneDrive/桌面/stu/计组/组成与结构实验5/cache实验基础代码/cache_lab_v0.05/soc_axi_lite_loongson/rtl/xilinx_ip/axi_crossbar_1x2/hdl/axi_data_fifo_v2_1_vl_rfs.v:698]
	Parameter C_FAMILY bound to: artix7 - type: string 
	Parameter C_FIFO_WIDTH bound to: 8 - type: integer 
	Parameter C_MAX_CTRL_FANOUT bound to: 33 - type: integer 
	Parameter C_FIFO_DEPTH_LOG bound to: 3 - type: integer 
	Parameter C_USE_FULL bound to: 0 - type: integer 
	Parameter P_FIFO_DEPTH_LOG bound to: 3 - type: integer 
	Parameter P_EMPTY bound to: 3'b111 
	Parameter P_ALMOSTEMPTY bound to: 3'b000 
	Parameter P_ALMOSTFULL_TEMP bound to: 4'b1110 
	Parameter P_ALMOSTFULL bound to: 3'b110 
	Parameter P_NUM_REPS bound to: 1 - type: integer 
INFO: [Synth 8-6157] synthesizing module 'axi_data_fifo_v2_1_19_ndeep_srl' [c:/Users/HP/OneDrive/桌面/stu/计组/组成与结构实验5/cache实验基础代码/cache_lab_v0.05/soc_axi_lite_loongson/rtl/xilinx_ip/axi_crossbar_1x2/hdl/axi_data_fifo_v2_1_vl_rfs.v:1135]
	Parameter C_FAMILY bound to: artix7 - type: string 
	Parameter C_A_WIDTH bound to: 3 - type: integer 
	Parameter P_SRLASIZE bound to: 5 - type: integer 
	Parameter P_SRLDEPTH bound to: 32 - type: integer 
	Parameter P_NUMSRLS bound to: 1 - type: integer 
	Parameter P_SHIFT_DEPTH bound to: 8 - type: integer 
INFO: [Synth 8-6157] synthesizing module 'SRLC32E' [F:/vivado/Vivado/2019.2/scripts/rt/data/unisim_comp.v:78115]
	Parameter INIT bound to: 32'b00000000000000000000000000000000 
	Parameter IS_CLK_INVERTED bound to: 1'b0 
INFO: [Synth 8-6155] done synthesizing module 'SRLC32E' (4#1) [F:/vivado/Vivado/2019.2/scripts/rt/data/unisim_comp.v:78115]
INFO: [Synth 8-6155] done synthesizing module 'axi_data_fifo_v2_1_19_ndeep_srl' (5#1) [c:/Users/HP/OneDrive/桌面/stu/计组/组成与结构实验5/cache实验基础代码/cache_lab_v0.05/soc_axi_lite_loongson/rtl/xilinx_ip/axi_crossbar_1x2/hdl/axi_data_fifo_v2_1_vl_rfs.v:1135]
WARNING: [Synth 8-6014] Unused sequential element areset_d1_reg was removed.  [c:/Users/HP/OneDrive/桌面/stu/计组/组成与结构实验5/cache实验基础代码/cache_lab_v0.05/soc_axi_lite_loongson/rtl/xilinx_ip/axi_crossbar_1x2/hdl/axi_data_fifo_v2_1_vl_rfs.v:750]
WARNING: [Synth 8-6014] Unused sequential element S_READY_i_reg was removed.  [c:/Users/HP/OneDrive/桌面/stu/计组/组成与结构实验5/cache实验基础代码/cache_lab_v0.05/soc_axi_lite_loongson/rtl/xilinx_ip/axi_crossbar_1x2/hdl/axi_data_fifo_v2_1_vl_rfs.v:789]
INFO: [Synth 8-6155] done synthesizing module 'axi_data_fifo_v2_1_19_axic_srl_fifo' (6#1) [c:/Users/HP/OneDrive/桌面/stu/计组/组成与结构实验5/cache实验基础代码/cache_lab_v0.05/soc_axi_lite_loongson/rtl/xilinx_ip/axi_crossbar_1x2/hdl/axi_data_fifo_v2_1_vl_rfs.v:698]
INFO: [Synth 8-6157] synthesizing module 'axi_crossbar_v2_1_21_arbiter_resp' [c:/Users/HP/OneDrive/桌面/stu/计组/组成与结构实验5/cache实验基础代码/cache_lab_v0.05/soc_axi_lite_loongson/rtl/xilinx_ip/axi_crossbar_1x2/hdl/axi_crossbar_v2_1_vl_rfs.v:1025]
	Parameter C_FAMILY bound to: artix7 - type: string 
	Parameter C_NUM_S bound to: 3 - type: integer 
	Parameter C_NUM_S_LOG bound to: 2 - type: integer 
	Parameter C_GRANT_ENC bound to: 1 - type: integer 
	Parameter C_GRANT_HOT bound to: 0 - type: integer 
INFO: [Synth 8-6155] done synthesizing module 'axi_crossbar_v2_1_21_arbiter_resp' (7#1) [c:/Users/HP/OneDrive/桌面/stu/计组/组成与结构实验5/cache实验基础代码/cache_lab_v0.05/soc_axi_lite_loongson/rtl/xilinx_ip/axi_crossbar_1x2/hdl/axi_crossbar_v2_1_vl_rfs.v:1025]
INFO: [Synth 8-6157] synthesizing module 'generic_baseblocks_v2_1_0_mux_enc' [c:/Users/HP/OneDrive/桌面/stu/计组/组成与结构实验5/cache实验基础代码/cache_lab_v0.05/soc_axi_lite_loongson/rtl/xilinx_ip/axi_crossbar_1x2/hdl/generic_baseblocks_v2_1_vl_rfs.v:2452]
	Parameter C_FAMILY bound to: artix7 - type: string 
	Parameter C_RATIO bound to: 3 - type: integer 
	Parameter C_SEL_WIDTH bound to: 2 - type: integer 
	Parameter C_DATA_WIDTH bound to: 40 - type: integer 
INFO: [Synth 8-6155] done synthesizing module 'generic_baseblocks_v2_1_0_mux_enc' (8#1) [c:/Users/HP/OneDrive/桌面/stu/计组/组成与结构实验5/cache实验基础代码/cache_lab_v0.05/soc_axi_lite_loongson/rtl/xilinx_ip/axi_crossbar_1x2/hdl/generic_baseblocks_v2_1_vl_rfs.v:2452]
WARNING: [Synth 8-6014] Unused sequential element gen_multi_thread.debug_r_beat_cnt_i_reg was removed.  [c:/Users/HP/OneDrive/桌面/stu/计组/组成与结构实验5/cache实验基础代码/cache_lab_v0.05/soc_axi_lite_loongson/rtl/xilinx_ip/axi_crossbar_1x2/hdl/axi_crossbar_v2_1_vl_rfs.v:4346]
WARNING: [Synth 8-6014] Unused sequential element gen_multi_thread.debug_r_beat_cnt_i_reg was removed.  [c:/Users/HP/OneDrive/桌面/stu/计组/组成与结构实验5/cache实验基础代码/cache_lab_v0.05/soc_axi_lite_loongson/rtl/xilinx_ip/axi_crossbar_1x2/hdl/axi_crossbar_v2_1_vl_rfs.v:4346]
WARNING: [Synth 8-6014] Unused sequential element gen_multi_thread.debug_r_beat_cnt_i_reg was removed.  [c:/Users/HP/OneDrive/桌面/stu/计组/组成与结构实验5/cache实验基础代码/cache_lab_v0.05/soc_axi_lite_loongson/rtl/xilinx_ip/axi_crossbar_1x2/hdl/axi_crossbar_v2_1_vl_rfs.v:4346]
WARNING: [Synth 8-6014] Unused sequential element gen_multi_thread.debug_r_beat_cnt_i_reg was removed.  [c:/Users/HP/OneDrive/桌面/stu/计组/组成与结构实验5/cache实验基础代码/cache_lab_v0.05/soc_axi_lite_loongson/rtl/xilinx_ip/axi_crossbar_1x2/hdl/axi_crossbar_v2_1_vl_rfs.v:4346]
INFO: [Synth 8-6155] done synthesizing module 'axi_crossbar_v2_1_21_si_transactor' (9#1) [c:/Users/HP/OneDrive/桌面/stu/计组/组成与结构实验5/cache实验基础代码/cache_lab_v0.05/soc_axi_lite_loongson/rtl/xilinx_ip/axi_crossbar_1x2/hdl/axi_crossbar_v2_1_vl_rfs.v:3800]
INFO: [Synth 8-6157] synthesizing module 'axi_crossbar_v2_1_21_si_transactor__parameterized0' [c:/Users/HP/OneDrive/桌面/stu/计组/组成与结构实验5/cache实验基础代码/cache_lab_v0.05/soc_axi_lite_loongson/rtl/xilinx_ip/axi_crossbar_1x2/hdl/axi_crossbar_v2_1_vl_rfs.v:3800]
	Parameter C_FAMILY bound to: artix7 - type: string 
	Parameter C_SI bound to: 0 - type: integer 
	Parameter C_DIR bound to: 0 - type: integer 
	Parameter C_NUM_ADDR_RANGES bound to: 5 - type: integer 
	Parameter C_NUM_M bound to: 2 - type: integer 
	Parameter C_NUM_M_LOG bound to: 1 - type: integer 
	Parameter C_ACCEPTANCE bound to: 4 - type: integer 
	Parameter C_ACCEPTANCE_LOG bound to: 2 - type: integer 
	Parameter C_ID_WIDTH bound to: 4 - type: integer 
	Parameter C_THREAD_ID_WIDTH bound to: 4 - type: integer 
	Parameter C_ADDR_WIDTH bound to: 32 - type: integer 
	Parameter C_AMESG_WIDTH bound to: 11 - type: integer 
	Parameter C_RMESG_WIDTH bound to: 3 - type: integer 
	Parameter C_BASE_ID bound to: 4'b0000 
	Parameter C_HIGH_ID bound to: 4'b1111 
	Parameter C_BASE_ADDR bound to: 640'b0000000000000000000000000000000000000000000000000000000000000000000000000000000000000000000000001000000000000000000000000000000000000000000000000000000000000000010000000000000000000000000000000000000000000000000000000000000000100000000000000000000000000000000000000000000000000000000000000001111111000000000000000000000011111111111111111111111111111111111111111111111111111111111111111111111111111111111111111111111111111111111111111111111111111111111111111111111111111111111111111111111111111111111111111111111111111111111111111111111111111111111111111111111111111111111111110000000000000000000000000000000000011111101011110000000000000000 
	Parameter C_HIGH_ADDR bound to: 640'b0000000000000000000000000000000000001111111111111111111111111111000000000000000000000000000000001111111111111111111111111111111100000000000000000000000000000000011111111111111111111111111111110000000000000000000000000000000000111111111111111111111111111111000000000000000000000000000000000001111111111111111111111111111100000000000000000000000000000000000000000000000000000000000000000000000000000000000000000000000000000000000000000000000000000000000000000000000000000000000000000000000000000000000000000000000000000000000000000000000000000000000000000000000000000000000000000000000000000000000000000000000000011111101011111111111111111111 
	Parameter C_SINGLE_THREAD bound to: 0 - type: integer 
	Parameter C_TARGET_QUAL bound to: 2'b11 
	Parameter C_M_AXI_SECURE bound to: 64'b0000000000000000000000000000000000000000000000000000000000000000 
	Parameter C_RANGE_CHECK bound to: 1 - type: integer 
	Parameter C_ADDR_DECODE bound to: 1 - type: integer 
	Parameter C_ERR_MODE bound to: 64'b0000000000000000000000000000000000000000000000000000000000000000 
	Parameter C_DEBUG bound to: 1 - type: integer 
	Parameter P_WRITE bound to: 0 - type: integer 
	Parameter P_READ bound to: 1 - type: integer 
	Parameter P_RMUX_MESG_WIDTH bound to: 8 - type: integer 
	Parameter P_AXILITE_ERRMODE bound to: 1 - type: integer 
	Parameter P_NONSECURE_BIT bound to: 1 - type: integer 
	Parameter P_NUM_M_LOG_M1 bound to: 1 - type: integer 
	Parameter P_M_AXILITE bound to: 2'b00 
	Parameter P_FIXED bound to: 2'b00 
	Parameter P_NUM_M_DE_LOG bound to: 2 - type: integer 
	Parameter P_THREAD_ID_WIDTH_M1 bound to: 4 - type: integer 
	Parameter P_NUM_ID_VAL bound to: 16 - type: integer 
	Parameter P_NUM_THREADS bound to: 4 - type: integer 
	Parameter P_M_SECURE_MASK bound to: 2'b00 
INFO: [Synth 8-6157] synthesizing module 'generic_baseblocks_v2_1_0_mux_enc__parameterized0' [c:/Users/HP/OneDrive/桌面/stu/计组/组成与结构实验5/cache实验基础代码/cache_lab_v0.05/soc_axi_lite_loongson/rtl/xilinx_ip/axi_crossbar_1x2/hdl/generic_baseblocks_v2_1_vl_rfs.v:2452]
	Parameter C_FAMILY bound to: artix7 - type: string 
	Parameter C_RATIO bound to: 3 - type: integer 
	Parameter C_SEL_WIDTH bound to: 2 - type: integer 
	Parameter C_DATA_WIDTH bound to: 8 - type: integer 
INFO: [Synth 8-6155] done synthesizing module 'generic_baseblocks_v2_1_0_mux_enc__parameterized0' (9#1) [c:/Users/HP/OneDrive/桌面/stu/计组/组成与结构实验5/cache实验基础代码/cache_lab_v0.05/soc_axi_lite_loongson/rtl/xilinx_ip/axi_crossbar_1x2/hdl/generic_baseblocks_v2_1_vl_rfs.v:2452]
WARNING: [Synth 8-6014] Unused sequential element gen_multi_thread.debug_r_beat_cnt_i_reg was removed.  [c:/Users/HP/OneDrive/桌面/stu/计组/组成与结构实验5/cache实验基础代码/cache_lab_v0.05/soc_axi_lite_loongson/rtl/xilinx_ip/axi_crossbar_1x2/hdl/axi_crossbar_v2_1_vl_rfs.v:4346]
WARNING: [Synth 8-6014] Unused sequential element gen_multi_thread.debug_r_beat_cnt_i_reg was removed.  [c:/Users/HP/OneDrive/桌面/stu/计组/组成与结构实验5/cache实验基础代码/cache_lab_v0.05/soc_axi_lite_loongson/rtl/xilinx_ip/axi_crossbar_1x2/hdl/axi_crossbar_v2_1_vl_rfs.v:4346]
WARNING: [Synth 8-6014] Unused sequential element gen_multi_thread.debug_r_beat_cnt_i_reg was removed.  [c:/Users/HP/OneDrive/桌面/stu/计组/组成与结构实验5/cache实验基础代码/cache_lab_v0.05/soc_axi_lite_loongson/rtl/xilinx_ip/axi_crossbar_1x2/hdl/axi_crossbar_v2_1_vl_rfs.v:4346]
WARNING: [Synth 8-6014] Unused sequential element gen_multi_thread.debug_r_beat_cnt_i_reg was removed.  [c:/Users/HP/OneDrive/桌面/stu/计组/组成与结构实验5/cache实验基础代码/cache_lab_v0.05/soc_axi_lite_loongson/rtl/xilinx_ip/axi_crossbar_1x2/hdl/axi_crossbar_v2_1_vl_rfs.v:4346]
INFO: [Synth 8-6155] done synthesizing module 'axi_crossbar_v2_1_21_si_transactor__parameterized0' (9#1) [c:/Users/HP/OneDrive/桌面/stu/计组/组成与结构实验5/cache实验基础代码/cache_lab_v0.05/soc_axi_lite_loongson/rtl/xilinx_ip/axi_crossbar_1x2/hdl/axi_crossbar_v2_1_vl_rfs.v:3800]
INFO: [Synth 8-6157] synthesizing module 'axi_crossbar_v2_1_21_splitter' [c:/Users/HP/OneDrive/桌面/stu/计组/组成与结构实验5/cache实验基础代码/cache_lab_v0.05/soc_axi_lite_loongson/rtl/xilinx_ip/axi_crossbar_1x2/hdl/axi_crossbar_v2_1_vl_rfs.v:4461]
	Parameter C_NUM_M bound to: 2 - type: integer 
INFO: [Synth 8-6155] done synthesizing module 'axi_crossbar_v2_1_21_splitter' (10#1) [c:/Users/HP/OneDrive/桌面/stu/计组/组成与结构实验5/cache实验基础代码/cache_lab_v0.05/soc_axi_lite_loongson/rtl/xilinx_ip/axi_crossbar_1x2/hdl/axi_crossbar_v2_1_vl_rfs.v:4461]
INFO: [Synth 8-6157] synthesizing module 'axi_crossbar_v2_1_21_wdata_router' [c:/Users/HP/OneDrive/桌面/stu/计组/组成与结构实验5/cache实验基础代码/cache_lab_v0.05/soc_axi_lite_loongson/rtl/xilinx_ip/axi_crossbar_1x2/hdl/axi_crossbar_v2_1_vl_rfs.v:4736]
	Parameter C_FAMILY bound to: artix7 - type: string 
	Parameter C_WMESG_WIDTH bound to: 41 - type: integer 
	Parameter C_NUM_MASTER_SLOTS bound to: 3 - type: integer 
	Parameter C_SELECT_WIDTH bound to: 2 - type: integer 
	Parameter C_FIFO_DEPTH_LOG bound to: 2 - type: integer 
	Parameter P_FIFO_DEPTH_LOG bound to: 2 - type: integer 
INFO: [Synth 8-6157] synthesizing module 'axi_data_fifo_v2_1_19_axic_reg_srl_fifo' [c:/Users/HP/OneDrive/桌面/stu/计组/组成与结构实验5/cache实验基础代码/cache_lab_v0.05/soc_axi_lite_loongson/rtl/xilinx_ip/axi_crossbar_1x2/hdl/axi_data_fifo_v2_1_vl_rfs.v:889]
	Parameter C_FAMILY bound to: artix7 - type: string 
	Parameter C_FIFO_WIDTH bound to: 2 - type: integer 
	Parameter C_MAX_CTRL_FANOUT bound to: 33 - type: integer 
	Parameter C_FIFO_DEPTH_LOG bound to: 2 - type: integer 
	Parameter C_USE_FULL bound to: 1 - type: integer 
	Parameter P_FIFO_DEPTH_LOG bound to: 2 - type: integer 
	Parameter P_EMPTY bound to: 2'b11 
	Parameter P_ALMOSTEMPTY bound to: 2'b00 
	Parameter P_ALMOSTFULL_TEMP bound to: 3'b110 
	Parameter P_ALMOSTFULL bound to: 2'b10 
	Parameter P_NUM_REPS bound to: 1 - type: integer 
	Parameter ZERO bound to: 2'b10 
	Parameter ONE bound to: 2'b11 
	Parameter TWO bound to: 2'b01 
INFO: [Synth 8-6157] synthesizing module 'axi_data_fifo_v2_1_19_ndeep_srl__parameterized0' [c:/Users/HP/OneDrive/桌面/stu/计组/组成与结构实验5/cache实验基础代码/cache_lab_v0.05/soc_axi_lite_loongson/rtl/xilinx_ip/axi_crossbar_1x2/hdl/axi_data_fifo_v2_1_vl_rfs.v:1135]
	Parameter C_FAMILY bound to: artix7 - type: string 
	Parameter C_A_WIDTH bound to: 2 - type: integer 
	Parameter P_SRLASIZE bound to: 5 - type: integer 
	Parameter P_SRLDEPTH bound to: 32 - type: integer 
	Parameter P_NUMSRLS bound to: 1 - type: integer 
	Parameter P_SHIFT_DEPTH bound to: 4 - type: integer 
INFO: [Synth 8-6155] done synthesizing module 'axi_data_fifo_v2_1_19_ndeep_srl__parameterized0' (10#1) [c:/Users/HP/OneDrive/桌面/stu/计组/组成与结构实验5/cache实验基础代码/cache_lab_v0.05/soc_axi_lite_loongson/rtl/xilinx_ip/axi_crossbar_1x2/hdl/axi_data_fifo_v2_1_vl_rfs.v:1135]
INFO: [Synth 8-155] case statement is not full and has no default [c:/Users/HP/OneDrive/桌面/stu/计组/组成与结构实验5/cache实验基础代码/cache_lab_v0.05/soc_axi_lite_loongson/rtl/xilinx_ip/axi_crossbar_1x2/hdl/axi_data_fifo_v2_1_vl_rfs.v:986]
INFO: [Synth 8-6155] done synthesizing module 'axi_data_fifo_v2_1_19_axic_reg_srl_fifo' (11#1) [c:/Users/HP/OneDrive/桌面/stu/计组/组成与结构实验5/cache实验基础代码/cache_lab_v0.05/soc_axi_lite_loongson/rtl/xilinx_ip/axi_crossbar_1x2/hdl/axi_data_fifo_v2_1_vl_rfs.v:889]
INFO: [Synth 8-6155] done synthesizing module 'axi_crossbar_v2_1_21_wdata_router' (12#1) [c:/Users/HP/OneDrive/桌面/stu/计组/组成与结构实验5/cache实验基础代码/cache_lab_v0.05/soc_axi_lite_loongson/rtl/xilinx_ip/axi_crossbar_1x2/hdl/axi_crossbar_v2_1_vl_rfs.v:4736]
INFO: [Synth 8-6157] synthesizing module 'axi_data_fifo_v2_1_19_axic_srl_fifo__parameterized0' [c:/Users/HP/OneDrive/桌面/stu/计组/组成与结构实验5/cache实验基础代码/cache_lab_v0.05/soc_axi_lite_loongson/rtl/xilinx_ip/axi_crossbar_1x2/hdl/axi_data_fifo_v2_1_vl_rfs.v:698]
	Parameter C_FAMILY bound to: artix7 - type: string 
	Parameter C_FIFO_WIDTH bound to: 8 - type: integer 
	Parameter C_MAX_CTRL_FANOUT bound to: 33 - type: integer 
	Parameter C_FIFO_DEPTH_LOG bound to: 2 - type: integer 
	Parameter C_USE_FULL bound to: 0 - type: integer 
	Parameter P_FIFO_DEPTH_LOG bound to: 2 - type: integer 
	Parameter P_EMPTY bound to: 2'b11 
	Parameter P_ALMOSTEMPTY bound to: 2'b00 
	Parameter P_ALMOSTFULL_TEMP bound to: 3'b110 
	Parameter P_ALMOSTFULL bound to: 2'b10 
	Parameter P_NUM_REPS bound to: 1 - type: integer 
WARNING: [Synth 8-6014] Unused sequential element areset_d1_reg was removed.  [c:/Users/HP/OneDrive/桌面/stu/计组/组成与结构实验5/cache实验基础代码/cache_lab_v0.05/soc_axi_lite_loongson/rtl/xilinx_ip/axi_crossbar_1x2/hdl/axi_data_fifo_v2_1_vl_rfs.v:750]
WARNING: [Synth 8-6014] Unused sequential element S_READY_i_reg was removed.  [c:/Users/HP/OneDrive/桌面/stu/计组/组成与结构实验5/cache实验基础代码/cache_lab_v0.05/soc_axi_lite_loongson/rtl/xilinx_ip/axi_crossbar_1x2/hdl/axi_data_fifo_v2_1_vl_rfs.v:789]
INFO: [Synth 8-6155] done synthesizing module 'axi_data_fifo_v2_1_19_axic_srl_fifo__parameterized0' (12#1) [c:/Users/HP/OneDrive/桌面/stu/计组/组成与结构实验5/cache实验基础代码/cache_lab_v0.05/soc_axi_lite_loongson/rtl/xilinx_ip/axi_crossbar_1x2/hdl/axi_data_fifo_v2_1_vl_rfs.v:698]
INFO: [Synth 8-6157] synthesizing module 'axi_crossbar_v2_1_21_wdata_mux' [c:/Users/HP/OneDrive/桌面/stu/计组/组成与结构实验5/cache实验基础代码/cache_lab_v0.05/soc_axi_lite_loongson/rtl/xilinx_ip/axi_crossbar_1x2/hdl/axi_crossbar_v2_1_vl_rfs.v:4561]
	Parameter C_FAMILY bound to: artix7 - type: string 
	Parameter C_WMESG_WIDTH bound to: 41 - type: integer 
	Parameter C_NUM_SLAVE_SLOTS bound to: 1 - type: integer 
	Parameter C_SELECT_WIDTH bound to: 1 - type: integer 
	Parameter C_FIFO_DEPTH_LOG bound to: 2 - type: integer 
	Parameter P_FIFO_DEPTH_LOG bound to: 2 - type: integer 
INFO: [Synth 8-6155] done synthesizing module 'axi_crossbar_v2_1_21_wdata_mux' (13#1) [c:/Users/HP/OneDrive/桌面/stu/计组/组成与结构实验5/cache实验基础代码/cache_lab_v0.05/soc_axi_lite_loongson/rtl/xilinx_ip/axi_crossbar_1x2/hdl/axi_crossbar_v2_1_vl_rfs.v:4561]
INFO: [Synth 8-6157] synthesizing module 'axi_register_slice_v2_1_20_axi_register_slice' [c:/Users/HP/OneDrive/桌面/stu/计组/组成与结构实验5/cache实验基础代码/cache_lab_v0.05/soc_axi_lite_loongson/rtl/xilinx_ip/axi_crossbar_1x2/hdl/axi_register_slice_v2_1_vl_rfs.v:3704]
	Parameter C_FAMILY bound to: artix7 - type: string 
	Parameter C_AXI_PROTOCOL bound to: 1 - type: integer 
	Parameter C_AXI_ID_WIDTH bound to: 4 - type: integer 
	Parameter C_AXI_ADDR_WIDTH bound to: 1 - type: integer 
	Parameter C_AXI_DATA_WIDTH bound to: 32 - type: integer 
	Parameter C_AXI_SUPPORTS_USER_SIGNALS bound to: 0 - type: integer 
	Parameter C_AXI_AWUSER_WIDTH bound to: 1 - type: integer 
	Parameter C_AXI_ARUSER_WIDTH bound to: 1 - type: integer 
	Parameter C_AXI_WUSER_WIDTH bound to: 1 - type: integer 
	Parameter C_AXI_RUSER_WIDTH bound to: 1 - type: integer 
	Parameter C_AXI_BUSER_WIDTH bound to: 1 - type: integer 
	Parameter C_REG_CONFIG_AW bound to: 0 - type: integer 
	Parameter C_REG_CONFIG_W bound to: 0 - type: integer 
	Parameter C_REG_CONFIG_B bound to: 7 - type: integer 
	Parameter C_REG_CONFIG_AR bound to: 0 - type: integer 
	Parameter C_REG_CONFIG_R bound to: 1 - type: integer 
	Parameter C_RESERVE_MODE bound to: 0 - type: integer 
	Parameter C_NUM_SLR_CROSSINGS bound to: 0 - type: integer 
	Parameter C_PIPELINES_MASTER_AW bound to: 0 - type: integer 
	Parameter C_PIPELINES_MASTER_W bound to: 0 - type: integer 
	Parameter C_PIPELINES_MASTER_B bound to: 0 - type: integer 
	Parameter C_PIPELINES_MASTER_AR bound to: 0 - type: integer 
	Parameter C_PIPELINES_MASTER_R bound to: 0 - type: integer 
	Parameter C_PIPELINES_SLAVE_AW bound to: 0 - type: integer 
	Parameter C_PIPELINES_SLAVE_W bound to: 0 - type: integer 
	Parameter C_PIPELINES_SLAVE_B bound to: 0 - type: integer 
	Parameter C_PIPELINES_SLAVE_AR bound to: 0 - type: integer 
	Parameter C_PIPELINES_SLAVE_R bound to: 0 - type: integer 
	Parameter C_PIPELINES_MIDDLE_AW bound to: 0 - type: integer 
	Parameter C_PIPELINES_MIDDLE_W bound to: 0 - type: integer 
	Parameter C_PIPELINES_MIDDLE_B bound to: 0 - type: integer 
	Parameter C_PIPELINES_MIDDLE_AR bound to: 0 - type: integer 
	Parameter C_PIPELINES_MIDDLE_R bound to: 0 - type: integer 
	Parameter C_AXI_SUPPORTS_REGION_SIGNALS bound to: 0 - type: integer 
	Parameter P_FORWARD bound to: 0 - type: integer 
	Parameter P_RESPONSE bound to: 1 - type: integer 
	Parameter G_AXI_AWADDR_INDEX bound to: 0 - type: integer 
	Parameter G_AXI_AWADDR_WIDTH bound to: 1 - type: integer 
	Parameter G_AXI_AWPROT_INDEX bound to: 1 - type: integer 
	Parameter G_AXI_AWPROT_WIDTH bound to: 3 - type: integer 
	Parameter G_AXI_AWSIZE_INDEX bound to: 4 - type: integer 
	Parameter G_AXI_AWSIZE_WIDTH bound to: 3 - type: integer 
	Parameter G_AXI_AWBURST_INDEX bound to: 7 - type: integer 
	Parameter G_AXI_AWBURST_WIDTH bound to: 2 - type: integer 
	Parameter G_AXI_AWCACHE_INDEX bound to: 9 - type: integer 
	Parameter G_AXI_AWCACHE_WIDTH bound to: 4 - type: integer 
	Parameter G_AXI_AWLEN_INDEX bound to: 13 - type: integer 
	Parameter G_AXI_AWLEN_WIDTH bound to: 4 - type: integer 
	Parameter G_AXI_AWLOCK_INDEX bound to: 17 - type: integer 
	Parameter G_AXI_AWLOCK_WIDTH bound to: 2 - type: integer 
	Parameter G_AXI_AWID_INDEX bound to: 19 - type: integer 
	Parameter G_AXI_AWID_WIDTH bound to: 4 - type: integer 
	Parameter G_AXI_AWQOS_INDEX bound to: 23 - type: integer 
	Parameter G_AXI_AWQOS_WIDTH bound to: 4 - type: integer 
	Parameter G_AXI_AWREGION_INDEX bound to: 27 - type: integer 
	Parameter G_AXI_AWREGION_WIDTH bound to: 0 - type: integer 
	Parameter G_AXI_AWUSER_INDEX bound to: 27 - type: integer 
	Parameter G_AXI_AWUSER_WIDTH bound to: 0 - type: integer 
	Parameter G_AXI_AWPAYLOAD_WIDTH bound to: 27 - type: integer 
	Parameter G_AXI_ARADDR_INDEX bound to: 0 - type: integer 
	Parameter G_AXI_ARADDR_WIDTH bound to: 1 - type: integer 
	Parameter G_AXI_ARPROT_INDEX bound to: 1 - type: integer 
	Parameter G_AXI_ARPROT_WIDTH bound to: 3 - type: integer 
	Parameter G_AXI_ARSIZE_INDEX bound to: 4 - type: integer 
	Parameter G_AXI_ARSIZE_WIDTH bound to: 3 - type: integer 
	Parameter G_AXI_ARBURST_INDEX bound to: 7 - type: integer 
	Parameter G_AXI_ARBURST_WIDTH bound to: 2 - type: integer 
	Parameter G_AXI_ARCACHE_INDEX bound to: 9 - type: integer 
	Parameter G_AXI_ARCACHE_WIDTH bound to: 4 - type: integer 
	Parameter G_AXI_ARLEN_INDEX bound to: 13 - type: integer 
	Parameter G_AXI_ARLEN_WIDTH bound to: 4 - type: integer 
	Parameter G_AXI_ARLOCK_INDEX bound to: 17 - type: integer 
	Parameter G_AXI_ARLOCK_WIDTH bound to: 2 - type: integer 
	Parameter G_AXI_ARID_INDEX bound to: 19 - type: integer 
	Parameter G_AXI_ARID_WIDTH bound to: 4 - type: integer 
	Parameter G_AXI_ARQOS_INDEX bound to: 23 - type: integer 
	Parameter G_AXI_ARQOS_WIDTH bound to: 4 - type: integer 
	Parameter G_AXI_ARREGION_INDEX bound to: 27 - type: integer 
	Parameter G_AXI_ARREGION_WIDTH bound to: 0 - type: integer 
	Parameter G_AXI_ARUSER_INDEX bound to: 27 - type: integer 
	Parameter G_AXI_ARUSER_WIDTH bound to: 0 - type: integer 
	Parameter G_AXI_ARPAYLOAD_WIDTH bound to: 27 - type: integer 
	Parameter G_AXI_WDATA_INDEX bound to: 0 - type: integer 
	Parameter G_AXI_WDATA_WIDTH bound to: 32 - type: integer 
	Parameter G_AXI_WSTRB_INDEX bound to: 32 - type: integer 
	Parameter G_AXI_WSTRB_WIDTH bound to: 4 - type: integer 
	Parameter G_AXI_WLAST_INDEX bound to: 36 - type: integer 
	Parameter G_AXI_WLAST_WIDTH bound to: 1 - type: integer 
	Parameter G_AXI_WID_INDEX bound to: 37 - type: integer 
	Parameter G_AXI_WID_WIDTH bound to: 4 - type: integer 
	Parameter G_AXI_WUSER_INDEX bound to: 41 - type: integer 
	Parameter G_AXI_WUSER_WIDTH bound to: 0 - type: integer 
	Parameter G_AXI_WPAYLOAD_WIDTH bound to: 41 - type: integer 
	Parameter G_AXI_BRESP_INDEX bound to: 0 - type: integer 
	Parameter G_AXI_BRESP_WIDTH bound to: 2 - type: integer 
	Parameter G_AXI_BID_INDEX bound to: 2 - type: integer 
	Parameter G_AXI_BID_WIDTH bound to: 4 - type: integer 
	Parameter G_AXI_BUSER_INDEX bound to: 6 - type: integer 
	Parameter G_AXI_BUSER_WIDTH bound to: 0 - type: integer 
	Parameter G_AXI_BPAYLOAD_WIDTH bound to: 6 - type: integer 
	Parameter G_AXI_RDATA_INDEX bound to: 0 - type: integer 
	Parameter G_AXI_RDATA_WIDTH bound to: 32 - type: integer 
	Parameter G_AXI_RRESP_INDEX bound to: 32 - type: integer 
	Parameter G_AXI_RRESP_WIDTH bound to: 2 - type: integer 
	Parameter G_AXI_RLAST_INDEX bound to: 34 - type: integer 
	Parameter G_AXI_RLAST_WIDTH bound to: 1 - type: integer 
	Parameter G_AXI_RID_INDEX bound to: 35 - type: integer 
	Parameter G_AXI_RID_WIDTH bound to: 4 - type: integer 
	Parameter G_AXI_RUSER_INDEX bound to: 39 - type: integer 
	Parameter G_AXI_RUSER_WIDTH bound to: 0 - type: integer 
	Parameter G_AXI_RPAYLOAD_WIDTH bound to: 39 - type: integer 
INFO: [Synth 8-6157] synthesizing module 'axi_infrastructure_v1_1_0_axi2vector' [c:/Users/HP/OneDrive/桌面/stu/计组/组成与结构实验5/cache实验基础代码/cache_lab_v0.05/soc_axi_lite_loongson/rtl/xilinx_ip/axi_crossbar_1x2/hdl/axi_infrastructure_v1_1_vl_rfs.v:60]
	Parameter C_AXI_PROTOCOL bound to: 1 - type: integer 
	Parameter C_AXI_ID_WIDTH bound to: 4 - type: integer 
	Parameter C_AXI_ADDR_WIDTH bound to: 1 - type: integer 
	Parameter C_AXI_DATA_WIDTH bound to: 32 - type: integer 
	Parameter C_AXI_SUPPORTS_USER_SIGNALS bound to: 0 - type: integer 
	Parameter C_AXI_SUPPORTS_REGION_SIGNALS bound to: 0 - type: integer 
	Parameter C_AXI_AWUSER_WIDTH bound to: 1 - type: integer 
	Parameter C_AXI_WUSER_WIDTH bound to: 1 - type: integer 
	Parameter C_AXI_BUSER_WIDTH bound to: 1 - type: integer 
	Parameter C_AXI_ARUSER_WIDTH bound to: 1 - type: integer 
	Parameter C_AXI_RUSER_WIDTH bound to: 1 - type: integer 
	Parameter C_AWPAYLOAD_WIDTH bound to: 27 - type: integer 
	Parameter C_WPAYLOAD_WIDTH bound to: 41 - type: integer 
	Parameter C_BPAYLOAD_WIDTH bound to: 6 - type: integer 
	Parameter C_ARPAYLOAD_WIDTH bound to: 27 - type: integer 
	Parameter C_RPAYLOAD_WIDTH bound to: 39 - type: integer 
	Parameter G_AXI_AWADDR_INDEX bound to: 0 - type: integer 
	Parameter G_AXI_AWADDR_WIDTH bound to: 1 - type: integer 
	Parameter G_AXI_AWPROT_INDEX bound to: 1 - type: integer 
	Parameter G_AXI_AWPROT_WIDTH bound to: 3 - type: integer 
	Parameter G_AXI_AWSIZE_INDEX bound to: 4 - type: integer 
	Parameter G_AXI_AWSIZE_WIDTH bound to: 3 - type: integer 
	Parameter G_AXI_AWBURST_INDEX bound to: 7 - type: integer 
	Parameter G_AXI_AWBURST_WIDTH bound to: 2 - type: integer 
	Parameter G_AXI_AWCACHE_INDEX bound to: 9 - type: integer 
	Parameter G_AXI_AWCACHE_WIDTH bound to: 4 - type: integer 
	Parameter G_AXI_AWLEN_INDEX bound to: 13 - type: integer 
	Parameter G_AXI_AWLEN_WIDTH bound to: 4 - type: integer 
	Parameter G_AXI_AWLOCK_INDEX bound to: 17 - type: integer 
	Parameter G_AXI_AWLOCK_WIDTH bound to: 2 - type: integer 
	Parameter G_AXI_AWID_INDEX bound to: 19 - type: integer 
	Parameter G_AXI_AWID_WIDTH bound to: 4 - type: integer 
	Parameter G_AXI_AWQOS_INDEX bound to: 23 - type: integer 
	Parameter G_AXI_AWQOS_WIDTH bound to: 4 - type: integer 
	Parameter G_AXI_AWREGION_INDEX bound to: 27 - type: integer 
	Parameter G_AXI_AWREGION_WIDTH bound to: 0 - type: integer 
	Parameter G_AXI_AWUSER_INDEX bound to: 27 - type: integer 
	Parameter G_AXI_AWUSER_WIDTH bound to: 0 - type: integer 
	Parameter G_AXI_AWPAYLOAD_WIDTH bound to: 27 - type: integer 
	Parameter G_AXI_ARADDR_INDEX bound to: 0 - type: integer 
	Parameter G_AXI_ARADDR_WIDTH bound to: 1 - type: integer 
	Parameter G_AXI_ARPROT_INDEX bound to: 1 - type: integer 
	Parameter G_AXI_ARPROT_WIDTH bound to: 3 - type: integer 
	Parameter G_AXI_ARSIZE_INDEX bound to: 4 - type: integer 
	Parameter G_AXI_ARSIZE_WIDTH bound to: 3 - type: integer 
	Parameter G_AXI_ARBURST_INDEX bound to: 7 - type: integer 
	Parameter G_AXI_ARBURST_WIDTH bound to: 2 - type: integer 
	Parameter G_AXI_ARCACHE_INDEX bound to: 9 - type: integer 
	Parameter G_AXI_ARCACHE_WIDTH bound to: 4 - type: integer 
	Parameter G_AXI_ARLEN_INDEX bound to: 13 - type: integer 
	Parameter G_AXI_ARLEN_WIDTH bound to: 4 - type: integer 
	Parameter G_AXI_ARLOCK_INDEX bound to: 17 - type: integer 
	Parameter G_AXI_ARLOCK_WIDTH bound to: 2 - type: integer 
	Parameter G_AXI_ARID_INDEX bound to: 19 - type: integer 
	Parameter G_AXI_ARID_WIDTH bound to: 4 - type: integer 
	Parameter G_AXI_ARQOS_INDEX bound to: 23 - type: integer 
	Parameter G_AXI_ARQOS_WIDTH bound to: 4 - type: integer 
	Parameter G_AXI_ARREGION_INDEX bound to: 27 - type: integer 
	Parameter G_AXI_ARREGION_WIDTH bound to: 0 - type: integer 
	Parameter G_AXI_ARUSER_INDEX bound to: 27 - type: integer 
	Parameter G_AXI_ARUSER_WIDTH bound to: 0 - type: integer 
	Parameter G_AXI_ARPAYLOAD_WIDTH bound to: 27 - type: integer 
	Parameter G_AXI_WDATA_INDEX bound to: 0 - type: integer 
	Parameter G_AXI_WDATA_WIDTH bound to: 32 - type: integer 
	Parameter G_AXI_WSTRB_INDEX bound to: 32 - type: integer 
	Parameter G_AXI_WSTRB_WIDTH bound to: 4 - type: integer 
	Parameter G_AXI_WLAST_INDEX bound to: 36 - type: integer 
	Parameter G_AXI_WLAST_WIDTH bound to: 1 - type: integer 
	Parameter G_AXI_WID_INDEX bound to: 37 - type: integer 
	Parameter G_AXI_WID_WIDTH bound to: 4 - type: integer 
	Parameter G_AXI_WUSER_INDEX bound to: 41 - type: integer 
	Parameter G_AXI_WUSER_WIDTH bound to: 0 - type: integer 
	Parameter G_AXI_WPAYLOAD_WIDTH bound to: 41 - type: integer 
	Parameter G_AXI_BRESP_INDEX bound to: 0 - type: integer 
	Parameter G_AXI_BRESP_WIDTH bound to: 2 - type: integer 
	Parameter G_AXI_BID_INDEX bound to: 2 - type: integer 
	Parameter G_AXI_BID_WIDTH bound to: 4 - type: integer 
	Parameter G_AXI_BUSER_INDEX bound to: 6 - type: integer 
	Parameter G_AXI_BUSER_WIDTH bound to: 0 - type: integer 
	Parameter G_AXI_BPAYLOAD_WIDTH bound to: 6 - type: integer 
	Parameter G_AXI_RDATA_INDEX bound to: 0 - type: integer 
	Parameter G_AXI_RDATA_WIDTH bound to: 32 - type: integer 
	Parameter G_AXI_RRESP_INDEX bound to: 32 - type: integer 
	Parameter G_AXI_RRESP_WIDTH bound to: 2 - type: integer 
	Parameter G_AXI_RLAST_INDEX bound to: 34 - type: integer 
	Parameter G_AXI_RLAST_WIDTH bound to: 1 - type: integer 
	Parameter G_AXI_RID_INDEX bound to: 35 - type: integer 
	Parameter G_AXI_RID_WIDTH bound to: 4 - type: integer 
	Parameter G_AXI_RUSER_INDEX bound to: 39 - type: integer 
	Parameter G_AXI_RUSER_WIDTH bound to: 0 - type: integer 
	Parameter G_AXI_RPAYLOAD_WIDTH bound to: 39 - type: integer 
INFO: [Synth 8-6155] done synthesizing module 'axi_infrastructure_v1_1_0_axi2vector' (14#1) [c:/Users/HP/OneDrive/桌面/stu/计组/组成与结构实验5/cache实验基础代码/cache_lab_v0.05/soc_axi_lite_loongson/rtl/xilinx_ip/axi_crossbar_1x2/hdl/axi_infrastructure_v1_1_vl_rfs.v:60]
INFO: [Synth 8-6157] synthesizing module 'axi_infrastructure_v1_1_0_vector2axi' [c:/Users/HP/OneDrive/桌面/stu/计组/组成与结构实验5/cache实验基础代码/cache_lab_v0.05/soc_axi_lite_loongson/rtl/xilinx_ip/axi_crossbar_1x2/hdl/axi_infrastructure_v1_1_vl_rfs.v:474]
	Parameter C_AXI_PROTOCOL bound to: 1 - type: integer 
	Parameter C_AXI_ID_WIDTH bound to: 4 - type: integer 
	Parameter C_AXI_ADDR_WIDTH bound to: 1 - type: integer 
	Parameter C_AXI_DATA_WIDTH bound to: 32 - type: integer 
	Parameter C_AXI_SUPPORTS_USER_SIGNALS bound to: 0 - type: integer 
	Parameter C_AXI_SUPPORTS_REGION_SIGNALS bound to: 0 - type: integer 
	Parameter C_AXI_AWUSER_WIDTH bound to: 1 - type: integer 
	Parameter C_AXI_WUSER_WIDTH bound to: 1 - type: integer 
	Parameter C_AXI_BUSER_WIDTH bound to: 1 - type: integer 
	Parameter C_AXI_ARUSER_WIDTH bound to: 1 - type: integer 
	Parameter C_AXI_RUSER_WIDTH bound to: 1 - type: integer 
	Parameter C_AWPAYLOAD_WIDTH bound to: 27 - type: integer 
	Parameter C_WPAYLOAD_WIDTH bound to: 41 - type: integer 
	Parameter C_BPAYLOAD_WIDTH bound to: 6 - type: integer 
	Parameter C_ARPAYLOAD_WIDTH bound to: 27 - type: integer 
	Parameter C_RPAYLOAD_WIDTH bound to: 39 - type: integer 
	Parameter G_AXI_AWADDR_INDEX bound to: 0 - type: integer 
	Parameter G_AXI_AWADDR_WIDTH bound to: 1 - type: integer 
	Parameter G_AXI_AWPROT_INDEX bound to: 1 - type: integer 
	Parameter G_AXI_AWPROT_WIDTH bound to: 3 - type: integer 
	Parameter G_AXI_AWSIZE_INDEX bound to: 4 - type: integer 
	Parameter G_AXI_AWSIZE_WIDTH bound to: 3 - type: integer 
	Parameter G_AXI_AWBURST_INDEX bound to: 7 - type: integer 
	Parameter G_AXI_AWBURST_WIDTH bound to: 2 - type: integer 
	Parameter G_AXI_AWCACHE_INDEX bound to: 9 - type: integer 
	Parameter G_AXI_AWCACHE_WIDTH bound to: 4 - type: integer 
	Parameter G_AXI_AWLEN_INDEX bound to: 13 - type: integer 
	Parameter G_AXI_AWLEN_WIDTH bound to: 4 - type: integer 
	Parameter G_AXI_AWLOCK_INDEX bound to: 17 - type: integer 
	Parameter G_AXI_AWLOCK_WIDTH bound to: 2 - type: integer 
	Parameter G_AXI_AWID_INDEX bound to: 19 - type: integer 
	Parameter G_AXI_AWID_WIDTH bound to: 4 - type: integer 
	Parameter G_AXI_AWQOS_INDEX bound to: 23 - type: integer 
	Parameter G_AXI_AWQOS_WIDTH bound to: 4 - type: integer 
	Parameter G_AXI_AWREGION_INDEX bound to: 27 - type: integer 
	Parameter G_AXI_AWREGION_WIDTH bound to: 0 - type: integer 
	Parameter G_AXI_AWUSER_INDEX bound to: 27 - type: integer 
	Parameter G_AXI_AWUSER_WIDTH bound to: 0 - type: integer 
	Parameter G_AXI_AWPAYLOAD_WIDTH bound to: 27 - type: integer 
	Parameter G_AXI_ARADDR_INDEX bound to: 0 - type: integer 
	Parameter G_AXI_ARADDR_WIDTH bound to: 1 - type: integer 
	Parameter G_AXI_ARPROT_INDEX bound to: 1 - type: integer 
	Parameter G_AXI_ARPROT_WIDTH bound to: 3 - type: integer 
	Parameter G_AXI_ARSIZE_INDEX bound to: 4 - type: integer 
	Parameter G_AXI_ARSIZE_WIDTH bound to: 3 - type: integer 
	Parameter G_AXI_ARBURST_INDEX bound to: 7 - type: integer 
	Parameter G_AXI_ARBURST_WIDTH bound to: 2 - type: integer 
	Parameter G_AXI_ARCACHE_INDEX bound to: 9 - type: integer 
	Parameter G_AXI_ARCACHE_WIDTH bound to: 4 - type: integer 
	Parameter G_AXI_ARLEN_INDEX bound to: 13 - type: integer 
	Parameter G_AXI_ARLEN_WIDTH bound to: 4 - type: integer 
	Parameter G_AXI_ARLOCK_INDEX bound to: 17 - type: integer 
	Parameter G_AXI_ARLOCK_WIDTH bound to: 2 - type: integer 
	Parameter G_AXI_ARID_INDEX bound to: 19 - type: integer 
	Parameter G_AXI_ARID_WIDTH bound to: 4 - type: integer 
	Parameter G_AXI_ARQOS_INDEX bound to: 23 - type: integer 
	Parameter G_AXI_ARQOS_WIDTH bound to: 4 - type: integer 
	Parameter G_AXI_ARREGION_INDEX bound to: 27 - type: integer 
	Parameter G_AXI_ARREGION_WIDTH bound to: 0 - type: integer 
	Parameter G_AXI_ARUSER_INDEX bound to: 27 - type: integer 
	Parameter G_AXI_ARUSER_WIDTH bound to: 0 - type: integer 
	Parameter G_AXI_ARPAYLOAD_WIDTH bound to: 27 - type: integer 
	Parameter G_AXI_WDATA_INDEX bound to: 0 - type: integer 
	Parameter G_AXI_WDATA_WIDTH bound to: 32 - type: integer 
	Parameter G_AXI_WSTRB_INDEX bound to: 32 - type: integer 
	Parameter G_AXI_WSTRB_WIDTH bound to: 4 - type: integer 
	Parameter G_AXI_WLAST_INDEX bound to: 36 - type: integer 
	Parameter G_AXI_WLAST_WIDTH bound to: 1 - type: integer 
	Parameter G_AXI_WID_INDEX bound to: 37 - type: integer 
	Parameter G_AXI_WID_WIDTH bound to: 4 - type: integer 
	Parameter G_AXI_WUSER_INDEX bound to: 41 - type: integer 
	Parameter G_AXI_WUSER_WIDTH bound to: 0 - type: integer 
	Parameter G_AXI_WPAYLOAD_WIDTH bound to: 41 - type: integer 
	Parameter G_AXI_BRESP_INDEX bound to: 0 - type: integer 
	Parameter G_AXI_BRESP_WIDTH bound to: 2 - type: integer 
	Parameter G_AXI_BID_INDEX bound to: 2 - type: integer 
	Parameter G_AXI_BID_WIDTH bound to: 4 - type: integer 
	Parameter G_AXI_BUSER_INDEX bound to: 6 - type: integer 
	Parameter G_AXI_BUSER_WIDTH bound to: 0 - type: integer 
	Parameter G_AXI_BPAYLOAD_WIDTH bound to: 6 - type: integer 
	Parameter G_AXI_RDATA_INDEX bound to: 0 - type: integer 
	Parameter G_AXI_RDATA_WIDTH bound to: 32 - type: integer 
	Parameter G_AXI_RRESP_INDEX bound to: 32 - type: integer 
	Parameter G_AXI_RRESP_WIDTH bound to: 2 - type: integer 
	Parameter G_AXI_RLAST_INDEX bound to: 34 - type: integer 
	Parameter G_AXI_RLAST_WIDTH bound to: 1 - type: integer 
	Parameter G_AXI_RID_INDEX bound to: 35 - type: integer 
	Parameter G_AXI_RID_WIDTH bound to: 4 - type: integer 
	Parameter G_AXI_RUSER_INDEX bound to: 39 - type: integer 
	Parameter G_AXI_RUSER_WIDTH bound to: 0 - type: integer 
	Parameter G_AXI_RPAYLOAD_WIDTH bound to: 39 - type: integer 
INFO: [Synth 8-6155] done synthesizing module 'axi_infrastructure_v1_1_0_vector2axi' (15#1) [c:/Users/HP/OneDrive/桌面/stu/计组/组成与结构实验5/cache实验基础代码/cache_lab_v0.05/soc_axi_lite_loongson/rtl/xilinx_ip/axi_crossbar_1x2/hdl/axi_infrastructure_v1_1_vl_rfs.v:474]
INFO: [Synth 8-6157] synthesizing module 'axi_register_slice_v2_1_20_axic_register_slice' [c:/Users/HP/OneDrive/桌面/stu/计组/组成与结构实验5/cache实验基础代码/cache_lab_v0.05/soc_axi_lite_loongson/rtl/xilinx_ip/axi_crossbar_1x2/hdl/axi_register_slice_v2_1_vl_rfs.v:1476]
	Parameter C_FAMILY bound to: artix7 - type: string 
	Parameter C_DATA_WIDTH bound to: 27 - type: integer 
	Parameter C_REG_CONFIG bound to: 0 - type: integer 
INFO: [Synth 8-6155] done synthesizing module 'axi_register_slice_v2_1_20_axic_register_slice' (16#1) [c:/Users/HP/OneDrive/桌面/stu/计组/组成与结构实验5/cache实验基础代码/cache_lab_v0.05/soc_axi_lite_loongson/rtl/xilinx_ip/axi_crossbar_1x2/hdl/axi_register_slice_v2_1_vl_rfs.v:1476]
INFO: [Synth 8-6157] synthesizing module 'axi_register_slice_v2_1_20_axic_register_slice__parameterized0' [c:/Users/HP/OneDrive/桌面/stu/计组/组成与结构实验5/cache实验基础代码/cache_lab_v0.05/soc_axi_lite_loongson/rtl/xilinx_ip/axi_crossbar_1x2/hdl/axi_register_slice_v2_1_vl_rfs.v:1476]
	Parameter C_FAMILY bound to: artix7 - type: string 
	Parameter C_DATA_WIDTH bound to: 41 - type: integer 
	Parameter C_REG_CONFIG bound to: 0 - type: integer 
INFO: [Synth 8-6155] done synthesizing module 'axi_register_slice_v2_1_20_axic_register_slice__parameterized0' (16#1) [c:/Users/HP/OneDrive/桌面/stu/计组/组成与结构实验5/cache实验基础代码/cache_lab_v0.05/soc_axi_lite_loongson/rtl/xilinx_ip/axi_crossbar_1x2/hdl/axi_register_slice_v2_1_vl_rfs.v:1476]
INFO: [Synth 8-6157] synthesizing module 'axi_register_slice_v2_1_20_axic_register_slice__parameterized1' [c:/Users/HP/OneDrive/桌面/stu/计组/组成与结构实验5/cache实验基础代码/cache_lab_v0.05/soc_axi_lite_loongson/rtl/xilinx_ip/axi_crossbar_1x2/hdl/axi_register_slice_v2_1_vl_rfs.v:1476]
	Parameter C_FAMILY bound to: artix7 - type: string 
	Parameter C_DATA_WIDTH bound to: 6 - type: integer 
	Parameter C_REG_CONFIG bound to: 7 - type: integer 
INFO: [Synth 8-6155] done synthesizing module 'axi_register_slice_v2_1_20_axic_register_slice__parameterized1' (16#1) [c:/Users/HP/OneDrive/桌面/stu/计组/组成与结构实验5/cache实验基础代码/cache_lab_v0.05/soc_axi_lite_loongson/rtl/xilinx_ip/axi_crossbar_1x2/hdl/axi_register_slice_v2_1_vl_rfs.v:1476]
INFO: [Synth 8-6157] synthesizing module 'axi_register_slice_v2_1_20_axic_register_slice__parameterized2' [c:/Users/HP/OneDrive/桌面/stu/计组/组成与结构实验5/cache实验基础代码/cache_lab_v0.05/soc_axi_lite_loongson/rtl/xilinx_ip/axi_crossbar_1x2/hdl/axi_register_slice_v2_1_vl_rfs.v:1476]
	Parameter C_FAMILY bound to: artix7 - type: string 
	Parameter C_DATA_WIDTH bound to: 39 - type: integer 
	Parameter C_REG_CONFIG bound to: 1 - type: integer 
INFO: [Synth 8-6155] done synthesizing module 'axi_register_slice_v2_1_20_axic_register_slice__parameterized2' (16#1) [c:/Users/HP/OneDrive/桌面/stu/计组/组成与结构实验5/cache实验基础代码/cache_lab_v0.05/soc_axi_lite_loongson/rtl/xilinx_ip/axi_crossbar_1x2/hdl/axi_register_slice_v2_1_vl_rfs.v:1476]
INFO: [Synth 8-6155] done synthesizing module 'axi_register_slice_v2_1_20_axi_register_slice' (17#1) [c:/Users/HP/OneDrive/桌面/stu/计组/组成与结构实验5/cache实验基础代码/cache_lab_v0.05/soc_axi_lite_loongson/rtl/xilinx_ip/axi_crossbar_1x2/hdl/axi_register_slice_v2_1_vl_rfs.v:3704]
WARNING: [Synth 8-7023] instance 'reg_slice_mi' of module 'axi_register_slice_v2_1_20_axi_register_slice' has 93 connections declared, but only 92 given [c:/Users/HP/OneDrive/桌面/stu/计组/组成与结构实验5/cache实验基础代码/cache_lab_v0.05/soc_axi_lite_loongson/rtl/xilinx_ip/axi_crossbar_1x2/hdl/axi_crossbar_v2_1_vl_rfs.v:3122]
WARNING: [Synth 8-7023] instance 'reg_slice_mi' of module 'axi_register_slice_v2_1_20_axi_register_slice' has 93 connections declared, but only 92 given [c:/Users/HP/OneDrive/桌面/stu/计组/组成与结构实验5/cache实验基础代码/cache_lab_v0.05/soc_axi_lite_loongson/rtl/xilinx_ip/axi_crossbar_1x2/hdl/axi_crossbar_v2_1_vl_rfs.v:3122]
INFO: [Synth 8-6157] synthesizing module 'axi_data_fifo_v2_1_19_axic_srl_fifo__parameterized1' [c:/Users/HP/OneDrive/桌面/stu/计组/组成与结构实验5/cache实验基础代码/cache_lab_v0.05/soc_axi_lite_loongson/rtl/xilinx_ip/axi_crossbar_1x2/hdl/axi_data_fifo_v2_1_vl_rfs.v:698]
	Parameter C_FAMILY bound to: artix7 - type: string 
	Parameter C_FIFO_WIDTH bound to: 8 - type: integer 
	Parameter C_MAX_CTRL_FANOUT bound to: 33 - type: integer 
	Parameter C_FIFO_DEPTH_LOG bound to: 0 - type: integer 
	Parameter C_USE_FULL bound to: 0 - type: integer 
	Parameter P_FIFO_DEPTH_LOG bound to: 2 - type: integer 
	Parameter P_EMPTY bound to: 2'b11 
	Parameter P_ALMOSTEMPTY bound to: 2'b00 
	Parameter P_ALMOSTFULL_TEMP bound to: 3'b110 
	Parameter P_ALMOSTFULL bound to: 2'b10 
	Parameter P_NUM_REPS bound to: 1 - type: integer 
WARNING: [Synth 8-6014] Unused sequential element areset_d1_reg was removed.  [c:/Users/HP/OneDrive/桌面/stu/计组/组成与结构实验5/cache实验基础代码/cache_lab_v0.05/soc_axi_lite_loongson/rtl/xilinx_ip/axi_crossbar_1x2/hdl/axi_data_fifo_v2_1_vl_rfs.v:750]
WARNING: [Synth 8-6014] Unused sequential element S_READY_i_reg was removed.  [c:/Users/HP/OneDrive/桌面/stu/计组/组成与结构实验5/cache实验基础代码/cache_lab_v0.05/soc_axi_lite_loongson/rtl/xilinx_ip/axi_crossbar_1x2/hdl/axi_data_fifo_v2_1_vl_rfs.v:789]
INFO: [Synth 8-6155] done synthesizing module 'axi_data_fifo_v2_1_19_axic_srl_fifo__parameterized1' (17#1) [c:/Users/HP/OneDrive/桌面/stu/计组/组成与结构实验5/cache实验基础代码/cache_lab_v0.05/soc_axi_lite_loongson/rtl/xilinx_ip/axi_crossbar_1x2/hdl/axi_data_fifo_v2_1_vl_rfs.v:698]
INFO: [Synth 8-6157] synthesizing module 'axi_crossbar_v2_1_21_wdata_mux__parameterized0' [c:/Users/HP/OneDrive/桌面/stu/计组/组成与结构实验5/cache实验基础代码/cache_lab_v0.05/soc_axi_lite_loongson/rtl/xilinx_ip/axi_crossbar_1x2/hdl/axi_crossbar_v2_1_vl_rfs.v:4561]
	Parameter C_FAMILY bound to: artix7 - type: string 
	Parameter C_WMESG_WIDTH bound to: 41 - type: integer 
	Parameter C_NUM_SLAVE_SLOTS bound to: 1 - type: integer 
	Parameter C_SELECT_WIDTH bound to: 1 - type: integer 
	Parameter C_FIFO_DEPTH_LOG bound to: 0 - type: integer 
	Parameter P_FIFO_DEPTH_LOG bound to: 0 - type: integer 
INFO: [Synth 8-6155] done synthesizing module 'axi_crossbar_v2_1_21_wdata_mux__parameterized0' (17#1) [c:/Users/HP/OneDrive/桌面/stu/计组/组成与结构实验5/cache实验基础代码/cache_lab_v0.05/soc_axi_lite_loongson/rtl/xilinx_ip/axi_crossbar_1x2/hdl/axi_crossbar_v2_1_vl_rfs.v:4561]
WARNING: [Synth 8-7023] instance 'reg_slice_mi' of module 'axi_register_slice_v2_1_20_axi_register_slice' has 93 connections declared, but only 92 given [c:/Users/HP/OneDrive/桌面/stu/计组/组成与结构实验5/cache实验基础代码/cache_lab_v0.05/soc_axi_lite_loongson/rtl/xilinx_ip/axi_crossbar_1x2/hdl/axi_crossbar_v2_1_vl_rfs.v:3122]
INFO: [Synth 8-6157] synthesizing module 'axi_crossbar_v2_1_21_decerr_slave' [c:/Users/HP/OneDrive/桌面/stu/计组/组成与结构实验5/cache实验基础代码/cache_lab_v0.05/soc_axi_lite_loongson/rtl/xilinx_ip/axi_crossbar_1x2/hdl/axi_crossbar_v2_1_vl_rfs.v:3501]
	Parameter C_AXI_ID_WIDTH bound to: 4 - type: integer 
	Parameter C_AXI_DATA_WIDTH bound to: 32 - type: integer 
	Parameter C_AXI_BUSER_WIDTH bound to: 1 - type: integer 
	Parameter C_AXI_RUSER_WIDTH bound to: 1 - type: integer 
	Parameter C_AXI_PROTOCOL bound to: 1 - type: integer 
	Parameter C_RESP bound to: 3 - type: integer 
	Parameter P_WRITE_IDLE bound to: 2'b00 
	Parameter P_WRITE_DATA bound to: 2'b01 
	Parameter P_WRITE_RESP bound to: 2'b10 
	Parameter P_READ_IDLE bound to: 1'b0 
	Parameter P_READ_DATA bound to: 1'b1 
	Parameter P_AXI4 bound to: 0 - type: integer 
	Parameter P_AXI3 bound to: 1 - type: integer 
	Parameter P_AXILITE bound to: 2 - type: integer 
INFO: [Synth 8-155] case statement is not full and has no default [c:/Users/HP/OneDrive/桌面/stu/计组/组成与结构实验5/cache实验基础代码/cache_lab_v0.05/soc_axi_lite_loongson/rtl/xilinx_ip/axi_crossbar_1x2/hdl/axi_crossbar_v2_1_vl_rfs.v:3633]
INFO: [Synth 8-6155] done synthesizing module 'axi_crossbar_v2_1_21_decerr_slave' (18#1) [c:/Users/HP/OneDrive/桌面/stu/计组/组成与结构实验5/cache实验基础代码/cache_lab_v0.05/soc_axi_lite_loongson/rtl/xilinx_ip/axi_crossbar_1x2/hdl/axi_crossbar_v2_1_vl_rfs.v:3501]
INFO: [Synth 8-6157] synthesizing module 'axi_crossbar_v2_1_21_addr_arbiter' [c:/Users/HP/OneDrive/桌面/stu/计组/组成与结构实验5/cache实验基础代码/cache_lab_v0.05/soc_axi_lite_loongson/rtl/xilinx_ip/axi_crossbar_1x2/hdl/axi_crossbar_v2_1_vl_rfs.v:423]
	Parameter C_FAMILY bound to: artix7 - type: string 
	Parameter C_NUM_S bound to: 1 - type: integer 
	Parameter C_NUM_S_LOG bound to: 1 - type: integer 
	Parameter C_NUM_M bound to: 3 - type: integer 
	Parameter C_MESG_WIDTH bound to: 67 - type: integer 
	Parameter C_ARB_PRIORITY bound to: 0 - type: integer 
	Parameter P_PRIO_MASK bound to: 1'b0 
INFO: [Synth 8-6155] done synthesizing module 'axi_crossbar_v2_1_21_addr_arbiter' (19#1) [c:/Users/HP/OneDrive/桌面/stu/计组/组成与结构实验5/cache实验基础代码/cache_lab_v0.05/soc_axi_lite_loongson/rtl/xilinx_ip/axi_crossbar_1x2/hdl/axi_crossbar_v2_1_vl_rfs.v:423]
WARNING: [Synth 8-6014] Unused sequential element gen_master_slots[0].gen_mi_write.gen_debug_w.debug_w_beat_cnt_i_reg was removed.  [c:/Users/HP/OneDrive/桌面/stu/计组/组成与结构实验5/cache实验基础代码/cache_lab_v0.05/soc_axi_lite_loongson/rtl/xilinx_ip/axi_crossbar_1x2/hdl/axi_crossbar_v2_1_vl_rfs.v:2997]
WARNING: [Synth 8-6014] Unused sequential element gen_master_slots[1].gen_mi_write.gen_debug_w.debug_w_beat_cnt_i_reg was removed.  [c:/Users/HP/OneDrive/桌面/stu/计组/组成与结构实验5/cache实验基础代码/cache_lab_v0.05/soc_axi_lite_loongson/rtl/xilinx_ip/axi_crossbar_1x2/hdl/axi_crossbar_v2_1_vl_rfs.v:2997]
WARNING: [Synth 8-6014] Unused sequential element gen_master_slots[2].gen_mi_write.gen_debug_w.debug_w_beat_cnt_i_reg was removed.  [c:/Users/HP/OneDrive/桌面/stu/计组/组成与结构实验5/cache实验基础代码/cache_lab_v0.05/soc_axi_lite_loongson/rtl/xilinx_ip/axi_crossbar_1x2/hdl/axi_crossbar_v2_1_vl_rfs.v:2997]
INFO: [Synth 8-6155] done synthesizing module 'axi_crossbar_v2_1_21_crossbar' (20#1) [c:/Users/HP/OneDrive/桌面/stu/计组/组成与结构实验5/cache实验基础代码/cache_lab_v0.05/soc_axi_lite_loongson/rtl/xilinx_ip/axi_crossbar_1x2/hdl/axi_crossbar_v2_1_vl_rfs.v:2239]
INFO: [Synth 8-6155] done synthesizing module 'axi_crossbar_v2_1_21_axi_crossbar' (21#1) [c:/Users/HP/OneDrive/桌面/stu/计组/组成与结构实验5/cache实验基础代码/cache_lab_v0.05/soc_axi_lite_loongson/rtl/xilinx_ip/axi_crossbar_1x2/hdl/axi_crossbar_v2_1_vl_rfs.v:4884]
INFO: [Synth 8-6155] done synthesizing module 'axi_crossbar_1x2' (22#1) [c:/Users/HP/OneDrive/桌面/stu/计组/组成与结构实验5/cache实验基础代码/cache_lab_v0.05/soc_axi_lite_loongson/rtl/xilinx_ip/axi_crossbar_1x2/synth/axi_crossbar_1x2.v:59]
WARNING: [Synth 8-3331] design axi_register_slice_v2_1_20_axic_register_slice has unconnected port ACLK
WARNING: [Synth 8-3331] design axi_register_slice_v2_1_20_axic_register_slice has unconnected port ARESET
WARNING: [Synth 8-3331] design axi_register_slice_v2_1_20_axic_register_slice__parameterized0 has unconnected port ACLK
WARNING: [Synth 8-3331] design axi_register_slice_v2_1_20_axic_register_slice__parameterized0 has unconnected port ARESET
WARNING: [Synth 8-3331] design axi_infrastructure_v1_1_0_vector2axi has unconnected port m_axi_buser[0]
WARNING: [Synth 8-3331] design axi_infrastructure_v1_1_0_vector2axi has unconnected port m_axi_ruser[0]
WARNING: [Synth 8-3331] design axi_infrastructure_v1_1_0_axi2vector has unconnected port s_axi_awregion[3]
WARNING: [Synth 8-3331] design axi_infrastructure_v1_1_0_axi2vector has unconnected port s_axi_awregion[2]
WARNING: [Synth 8-3331] design axi_infrastructure_v1_1_0_axi2vector has unconnected port s_axi_awregion[1]
WARNING: [Synth 8-3331] design axi_infrastructure_v1_1_0_axi2vector has unconnected port s_axi_awregion[0]
WARNING: [Synth 8-3331] design axi_infrastructure_v1_1_0_axi2vector has unconnected port s_axi_awuser[0]
WARNING: [Synth 8-3331] design axi_infrastructure_v1_1_0_axi2vector has unconnected port s_axi_wuser[0]
WARNING: [Synth 8-3331] design axi_infrastructure_v1_1_0_axi2vector has unconnected port s_axi_arregion[3]
WARNING: [Synth 8-3331] design axi_infrastructure_v1_1_0_axi2vector has unconnected port s_axi_arregion[2]
WARNING: [Synth 8-3331] design axi_infrastructure_v1_1_0_axi2vector has unconnected port s_axi_arregion[1]
WARNING: [Synth 8-3331] design axi_infrastructure_v1_1_0_axi2vector has unconnected port s_axi_arregion[0]
WARNING: [Synth 8-3331] design axi_infrastructure_v1_1_0_axi2vector has unconnected port s_axi_aruser[0]
WARNING: [Synth 8-3331] design axi_register_slice_v2_1_20_axi_register_slice has unconnected port aclk2x
WARNING: [Synth 8-3331] design axi_crossbar_v2_1_21_wdata_mux__parameterized0 has unconnected port ACLK
WARNING: [Synth 8-3331] design axi_crossbar_v2_1_21_wdata_mux__parameterized0 has unconnected port ARESET
WARNING: [Synth 8-3331] design axi_crossbar_v2_1_21_wdata_mux__parameterized0 has unconnected port S_ASELECT[0]
WARNING: [Synth 8-3331] design axi_crossbar_v2_1_21_wdata_mux__parameterized0 has unconnected port S_AVALID
WARNING: [Synth 8-3331] design axi_crossbar_v2_1_21_wdata_mux has unconnected port ACLK
WARNING: [Synth 8-3331] design axi_crossbar_v2_1_21_wdata_mux has unconnected port ARESET
WARNING: [Synth 8-3331] design axi_crossbar_v2_1_21_wdata_mux has unconnected port S_ASELECT[0]
WARNING: [Synth 8-3331] design axi_crossbar_v2_1_21_wdata_mux has unconnected port S_AVALID
WARNING: [Synth 8-3331] design axi_crossbar_v2_1_21_addr_decoder has unconnected port ADDR[1]
WARNING: [Synth 8-3331] design axi_crossbar_v2_1_21_addr_decoder has unconnected port ADDR[0]
WARNING: [Synth 8-3331] design axi_crossbar_v2_1_21_si_transactor__parameterized0 has unconnected port S_ABURST[1]
WARNING: [Synth 8-3331] design axi_crossbar_v2_1_21_si_transactor__parameterized0 has unconnected port S_ABURST[0]
WARNING: [Synth 8-3331] design axi_crossbar_v2_1_21_si_transactor has unconnected port S_ABURST[1]
WARNING: [Synth 8-3331] design axi_crossbar_v2_1_21_si_transactor has unconnected port S_ABURST[0]
WARNING: [Synth 8-3331] design axi_crossbar_v2_1_21_axi_crossbar has unconnected port s_axi_awlock[1]
WARNING: [Synth 8-3331] design axi_crossbar_v2_1_21_axi_crossbar has unconnected port s_axi_awuser[0]
WARNING: [Synth 8-3331] design axi_crossbar_v2_1_21_axi_crossbar has unconnected port s_axi_wuser[0]
WARNING: [Synth 8-3331] design axi_crossbar_v2_1_21_axi_crossbar has unconnected port s_axi_arlock[1]
WARNING: [Synth 8-3331] design axi_crossbar_v2_1_21_axi_crossbar has unconnected port s_axi_aruser[0]
WARNING: [Synth 8-3331] design axi_crossbar_v2_1_21_axi_crossbar has unconnected port m_axi_buser[1]
WARNING: [Synth 8-3331] design axi_crossbar_v2_1_21_axi_crossbar has unconnected port m_axi_buser[0]
WARNING: [Synth 8-3331] design axi_crossbar_v2_1_21_axi_crossbar has unconnected port m_axi_ruser[1]
WARNING: [Synth 8-3331] design axi_crossbar_v2_1_21_axi_crossbar has unconnected port m_axi_ruser[0]
TclStackFree: incorrect freePtr. Call out of sequence?
[Sun May 11 10:27:33 2025] axi_crossbar_1x2_synth_1 finished
WARNING: [Vivado 12-8222] Failed run(s) : 'axi_crossbar_1x2_synth_1'
wait_on_run: Time (s): cpu = 00:00:05 ; elapsed = 00:01:03 . Memory (MB): peak = 1177.145 ; gain = 0.000
wait_on_run clk_pll_synth_1
wait_on_run axi_ram_synth_1
wait_on_run axi_crossbar_1x2_synth_1
wait_on_run axi_clock_converter_synth_1

[Sun May 11 10:27:33 2025] Waiting for clk_pll_synth_1 to finish...

*** Running vivado
    with args -log clk_pll.vds -m64 -product Vivado -mode batch -messageDb vivado.pb -notrace -source clk_pll.tcl


****** Vivado v2019.2 (64-bit)
  **** SW Build 2708876 on Wed Nov  6 21:40:23 MST 2019
  **** IP Build 2700528 on Thu Nov  7 00:09:20 MST 2019
    ** Copyright 1986-2019 Xilinx, Inc. All Rights Reserved.

source clk_pll.tcl -notrace
create_project: Time (s): cpu = 00:00:05 ; elapsed = 00:00:06 . Memory (MB): peak = 438.473 ; gain = 158.379
Command: synth_design -top clk_pll -part xc7a200tfbg676-2 -mode out_of_context
Starting synth_design
Attempting to get a license for feature 'Synthesis' and/or device 'xc7a200t'
INFO: [Common 17-349] Got license for feature 'Synthesis' and/or device 'xc7a200t'
INFO: [Device 21-403] Loading part xc7a200tfbg676-2
INFO: Launching helper process for spawning children vivado processes
INFO: Helper process launched with PID 13544 
---------------------------------------------------------------------------------
Starting RTL Elaboration : Time (s): cpu = 00:00:09 ; elapsed = 00:00:10 . Memory (MB): peak = 1027.168 ; gain = 234.387
---------------------------------------------------------------------------------
INFO: [Synth 8-6157] synthesizing module 'clk_pll' [c:/Users/HP/OneDrive/桌面/stu/计组/组成与结构实验5/cache实验基础代码/cache_lab_v0.05/soc_axi_lite_loongson/rtl/xilinx_ip/clk_pll/clk_pll.v:71]
INFO: [Synth 8-6157] synthesizing module 'clk_pll_clk_wiz' [c:/Users/HP/OneDrive/桌面/stu/计组/组成与结构实验5/cache实验基础代码/cache_lab_v0.05/soc_axi_lite_loongson/rtl/xilinx_ip/clk_pll/clk_pll_clk_wiz.v:69]
INFO: [Synth 8-6157] synthesizing module 'IBUF' [F:/vivado/Vivado/2019.2/scripts/rt/data/unisim_comp.v:32937]
	Parameter CAPACITANCE bound to: DONT_CARE - type: string 
	Parameter IBUF_DELAY_VALUE bound to: 0 - type: string 
	Parameter IBUF_LOW_PWR bound to: TRUE - type: string 
	Parameter IFD_DELAY_VALUE bound to: AUTO - type: string 
	Parameter IOSTANDARD bound to: DEFAULT - type: string 
INFO: [Synth 8-6155] done synthesizing module 'IBUF' (1#1) [F:/vivado/Vivado/2019.2/scripts/rt/data/unisim_comp.v:32937]
INFO: [Synth 8-6157] synthesizing module 'PLLE2_ADV' [F:/vivado/Vivado/2019.2/scripts/rt/data/unisim_comp.v:61416]
	Parameter BANDWIDTH bound to: OPTIMIZED - type: string 
	Parameter CLKFBOUT_MULT bound to: 9 - type: integer 
	Parameter CLKFBOUT_PHASE bound to: 0.000000 - type: double 
	Parameter CLKIN1_PERIOD bound to: 10.000000 - type: double 
	Parameter CLKIN2_PERIOD bound to: 0.000000 - type: double 
	Parameter CLKOUT0_DIVIDE bound to: 18 - type: integer 
	Parameter CLKOUT0_DUTY_CYCLE bound to: 0.500000 - type: double 
	Parameter CLKOUT0_PHASE bound to: 0.000000 - type: double 
	Parameter CLKOUT1_DIVIDE bound to: 9 - type: integer 
	Parameter CLKOUT1_DUTY_CYCLE bound to: 0.500000 - type: double 
	Parameter CLKOUT1_PHASE bound to: 0.000000 - type: double 
	Parameter CLKOUT2_DIVIDE bound to: 1 - type: integer 
	Parameter CLKOUT2_DUTY_CYCLE bound to: 0.500000 - type: double 
	Parameter CLKOUT2_PHASE bound to: 0.000000 - type: double 
	Parameter CLKOUT3_DIVIDE bound to: 1 - type: integer 
	Parameter CLKOUT3_DUTY_CYCLE bound to: 0.500000 - type: double 
	Parameter CLKOUT3_PHASE bound to: 0.000000 - type: double 
	Parameter CLKOUT4_DIVIDE bound to: 1 - type: integer 
	Parameter CLKOUT4_DUTY_CYCLE bound to: 0.500000 - type: double 
	Parameter CLKOUT4_PHASE bound to: 0.000000 - type: double 
	Parameter CLKOUT5_DIVIDE bound to: 1 - type: integer 
	Parameter CLKOUT5_DUTY_CYCLE bound to: 0.500000 - type: double 
	Parameter CLKOUT5_PHASE bound to: 0.000000 - type: double 
	Parameter COMPENSATION bound to: ZHOLD - type: string 
	Parameter DIVCLK_DIVIDE bound to: 1 - type: integer 
	Parameter IS_CLKINSEL_INVERTED bound to: 1'b0 
	Parameter IS_PWRDWN_INVERTED bound to: 1'b0 
	Parameter IS_RST_INVERTED bound to: 1'b0 
	Parameter REF_JITTER1 bound to: 0.010000 - type: double 
	Parameter REF_JITTER2 bound to: 0.010000 - type: double 
	Parameter STARTUP_WAIT bound to: FALSE - type: string 
INFO: [Synth 8-6155] done synthesizing module 'PLLE2_ADV' (2#1) [F:/vivado/Vivado/2019.2/scripts/rt/data/unisim_comp.v:61416]
INFO: [Synth 8-6157] synthesizing module 'BUFG' [F:/vivado/Vivado/2019.2/scripts/rt/data/unisim_comp.v:1075]
INFO: [Synth 8-6155] done synthesizing module 'BUFG' (3#1) [F:/vivado/Vivado/2019.2/scripts/rt/data/unisim_comp.v:1075]
INFO: [Synth 8-6155] done synthesizing module 'clk_pll_clk_wiz' (4#1) [c:/Users/HP/OneDrive/桌面/stu/计组/组成与结构实验5/cache实验基础代码/cache_lab_v0.05/soc_axi_lite_loongson/rtl/xilinx_ip/clk_pll/clk_pll_clk_wiz.v:69]
INFO: [Synth 8-6155] done synthesizing module 'clk_pll' (5#1) [c:/Users/HP/OneDrive/桌面/stu/计组/组成与结构实验5/cache实验基础代码/cache_lab_v0.05/soc_axi_lite_loongson/rtl/xilinx_ip/clk_pll/clk_pll.v:71]
TclStackFree: incorrect freePtr. Call out of sequence?
[Sun May 11 10:27:33 2025] clk_pll_synth_1 finished
WARNING: [Vivado 12-8222] Failed run(s) : 'clk_pll_synth_1'
[Sun May 11 10:27:34 2025] Waiting for axi_ram_synth_1 to finish...

*** Running vivado
    with args -log axi_ram.vds -m64 -product Vivado -mode batch -messageDb vivado.pb -notrace -source axi_ram.tcl


****** Vivado v2019.2 (64-bit)
  **** SW Build 2708876 on Wed Nov  6 21:40:23 MST 2019
  **** IP Build 2700528 on Thu Nov  7 00:09:20 MST 2019
    ** Copyright 1986-2019 Xilinx, Inc. All Rights Reserved.

source axi_ram.tcl -notrace
create_project: Time (s): cpu = 00:00:06 ; elapsed = 00:00:07 . Memory (MB): peak = 438.531 ; gain = 157.934
Command: synth_design -top axi_ram -part xc7a200tfbg676-2 -mode out_of_context
Starting synth_design
Attempting to get a license for feature 'Synthesis' and/or device 'xc7a200t'
INFO: [Common 17-349] Got license for feature 'Synthesis' and/or device 'xc7a200t'
INFO: [Device 21-403] Loading part xc7a200tfbg676-2
INFO: Launching helper process for spawning children vivado processes
INFO: Helper process launched with PID 23368 
---------------------------------------------------------------------------------
Starting RTL Elaboration : Time (s): cpu = 00:00:18 ; elapsed = 00:00:22 . Memory (MB): peak = 1026.668 ; gain = 234.738
---------------------------------------------------------------------------------
INFO: [Synth 8-638] synthesizing module 'axi_ram' [c:/Users/HP/OneDrive/桌面/stu/计组/组成与结构实验5/cache实验基础代码/cache_lab_v0.05/soc_axi_lite_loongson/rtl/xilinx_ip/axi_ram/synth/axi_ram.vhd:95]
	Parameter C_FAMILY bound to: artix7 - type: string 
	Parameter C_XDEVICEFAMILY bound to: artix7 - type: string 
	Parameter C_ELABORATION_DIR bound to: ./ - type: string 
	Parameter C_INTERFACE_TYPE bound to: 1 - type: integer 
	Parameter C_AXI_TYPE bound to: 1 - type: integer 
	Parameter C_AXI_SLAVE_TYPE bound to: 0 - type: integer 
	Parameter C_USE_BRAM_BLOCK bound to: 0 - type: integer 
	Parameter C_ENABLE_32BIT_ADDRESS bound to: 0 - type: integer 
	Parameter C_CTRL_ECC_ALGO bound to: NONE - type: string 
	Parameter C_HAS_AXI_ID bound to: 1 - type: integer 
	Parameter C_AXI_ID_WIDTH bound to: 4 - type: integer 
	Parameter C_MEM_TYPE bound to: 1 - type: integer 
	Parameter C_BYTE_SIZE bound to: 8 - type: integer 
	Parameter C_ALGORITHM bound to: 1 - type: integer 
	Parameter C_PRIM_TYPE bound to: 1 - type: integer 
	Parameter C_LOAD_INIT_FILE bound to: 1 - type: integer 
	Parameter C_INIT_FILE_NAME bound to: axi_ram.mif - type: string 
	Parameter C_INIT_FILE bound to: axi_ram.mem - type: string 
	Parameter C_USE_DEFAULT_DATA bound to: 1 - type: integer 
	Parameter C_DEFAULT_DATA bound to: 0 - type: string 
	Parameter C_HAS_RSTA bound to: 0 - type: integer 
	Parameter C_RST_PRIORITY_A bound to: CE - type: string 
	Parameter C_RSTRAM_A bound to: 0 - type: integer 
	Parameter C_INITA_VAL bound to: 0 - type: string 
	Parameter C_HAS_ENA bound to: 1 - type: integer 
	Parameter C_HAS_REGCEA bound to: 0 - type: integer 
	Parameter C_USE_BYTE_WEA bound to: 1 - type: integer 
	Parameter C_WEA_WIDTH bound to: 4 - type: integer 
	Parameter C_WRITE_MODE_A bound to: READ_FIRST - type: string 
	Parameter C_WRITE_WIDTH_A bound to: 32 - type: integer 
	Parameter C_READ_WIDTH_A bound to: 32 - type: integer 
	Parameter C_WRITE_DEPTH_A bound to: 262144 - type: integer 
	Parameter C_READ_DEPTH_A bound to: 262144 - type: integer 
	Parameter C_ADDRA_WIDTH bound to: 18 - type: integer 
	Parameter C_HAS_RSTB bound to: 1 - type: integer 
	Parameter C_RST_PRIORITY_B bound to: CE - type: string 
	Parameter C_RSTRAM_B bound to: 0 - type: integer 
	Parameter C_INITB_VAL bound to: 0 - type: string 
	Parameter C_HAS_ENB bound to: 1 - type: integer 
	Parameter C_HAS_REGCEB bound to: 0 - type: integer 
	Parameter C_USE_BYTE_WEB bound to: 1 - type: integer 
	Parameter C_WEB_WIDTH bound to: 4 - type: integer 
	Parameter C_WRITE_MODE_B bound to: READ_FIRST - type: string 
	Parameter C_WRITE_WIDTH_B bound to: 32 - type: integer 
	Parameter C_READ_WIDTH_B bound to: 32 - type: integer 
	Parameter C_WRITE_DEPTH_B bound to: 262144 - type: integer 
	Parameter C_READ_DEPTH_B bound to: 262144 - type: integer 
	Parameter C_ADDRB_WIDTH bound to: 18 - type: integer 
	Parameter C_HAS_MEM_OUTPUT_REGS_A bound to: 0 - type: integer 
	Parameter C_HAS_MEM_OUTPUT_REGS_B bound to: 0 - type: integer 
	Parameter C_HAS_MUX_OUTPUT_REGS_A bound to: 0 - type: integer 
	Parameter C_HAS_MUX_OUTPUT_REGS_B bound to: 0 - type: integer 
	Parameter C_MUX_PIPELINE_STAGES bound to: 0 - type: integer 
	Parameter C_HAS_SOFTECC_INPUT_REGS_A bound to: 0 - type: integer 
	Parameter C_HAS_SOFTECC_OUTPUT_REGS_B bound to: 0 - type: integer 
	Parameter C_USE_SOFTECC bound to: 0 - type: integer 
	Parameter C_USE_ECC bound to: 0 - type: integer 
	Parameter C_EN_ECC_PIPE bound to: 0 - type: integer 
	Parameter C_READ_LATENCY_A bound to: 1 - type: integer 
	Parameter C_READ_LATENCY_B bound to: 1 - type: integer 
	Parameter C_HAS_INJECTERR bound to: 0 - type: integer 
	Parameter C_SIM_COLLISION_CHECK bound to: ALL - type: string 
	Parameter C_COMMON_CLK bound to: 1 - type: integer 
	Parameter C_DISABLE_WARN_BHV_COLL bound to: 0 - type: integer 
	Parameter C_EN_SLEEP_PIN bound to: 0 - type: integer 
	Parameter C_USE_URAM bound to: 0 - type: integer 
	Parameter C_EN_RDADDRA_CHG bound to: 0 - type: integer 
	Parameter C_EN_RDADDRB_CHG bound to: 0 - type: integer 
	Parameter C_EN_DEEPSLEEP_PIN bound to: 0 - type: integer 
	Parameter C_EN_SHUTDOWN_PIN bound to: 0 - type: integer 
	Parameter C_EN_SAFETY_CKT bound to: 0 - type: integer 
	Parameter C_DISABLE_WARN_BHV_RANGE bound to: 0 - type: integer 
	Parameter C_COUNT_36K_BRAM bound to: 256 - type: string 
	Parameter C_COUNT_18K_BRAM bound to: 0 - type: string 
	Parameter C_EST_POWER_SUMMARY bound to: Estimated Power for IP     :     21.018106 mW - type: string 
INFO: [Synth 8-3491] module 'blk_mem_gen_v8_4_4' declared at 'c:/Users/HP/OneDrive/桌面/stu/计组/组成与结构实验5/cache实验基础代码/cache_lab_v0.05/soc_axi_lite_loongson/rtl/xilinx_ip/axi_ram/hdl/blk_mem_gen_v8_4_vhsyn_rfs.vhd:195321' bound to instance 'U0' of component 'blk_mem_gen_v8_4_4' [c:/Users/HP/OneDrive/桌面/stu/计组/组成与结构实验5/cache实验基础代码/cache_lab_v0.05/soc_axi_lite_loongson/rtl/xilinx_ip/axi_ram/synth/axi_ram.vhd:289]
INFO: [Synth 8-256] done synthesizing module 'axi_ram' (15#1) [c:/Users/HP/OneDrive/桌面/stu/计组/组成与结构实验5/cache实验基础代码/cache_lab_v0.05/soc_axi_lite_loongson/rtl/xilinx_ip/axi_ram/synth/axi_ram.vhd:95]
WARNING: [Synth 8-3331] design blk_mem_output_block has unconnected port CLKB
WARNING: [Synth 8-3331] design blk_mem_output_block has unconnected port DOUTA_I[31]
WARNING: [Synth 8-3331] design blk_mem_output_block has unconnected port DOUTA_I[30]
WARNING: [Synth 8-3331] design blk_mem_output_block has unconnected port DOUTA_I[29]
WARNING: [Synth 8-3331] design blk_mem_output_block has unconnected port DOUTA_I[28]
WARNING: [Synth 8-3331] design blk_mem_output_block has unconnected port DOUTA_I[27]
WARNING: [Synth 8-3331] design blk_mem_output_block has unconnected port DOUTA_I[26]
WARNING: [Synth 8-3331] design blk_mem_output_block has unconnected port DOUTA_I[25]
WARNING: [Synth 8-3331] design blk_mem_output_block has unconnected port DOUTA_I[24]
WARNING: [Synth 8-3331] design blk_mem_output_block has unconnected port DOUTA_I[23]
WARNING: [Synth 8-3331] design blk_mem_output_block has unconnected port DOUTA_I[22]
WARNING: [Synth 8-3331] design blk_mem_output_block has unconnected port DOUTA_I[21]
WARNING: [Synth 8-3331] design blk_mem_output_block has unconnected port DOUTA_I[20]
WARNING: [Synth 8-3331] design blk_mem_output_block has unconnected port DOUTA_I[19]
WARNING: [Synth 8-3331] design blk_mem_output_block has unconnected port DOUTA_I[18]
WARNING: [Synth 8-3331] design blk_mem_output_block has unconnected port DOUTA_I[17]
WARNING: [Synth 8-3331] design blk_mem_output_block has unconnected port DOUTA_I[16]
WARNING: [Synth 8-3331] design blk_mem_output_block has unconnected port DOUTA_I[15]
WARNING: [Synth 8-3331] design blk_mem_output_block has unconnected port DOUTA_I[14]
WARNING: [Synth 8-3331] design blk_mem_output_block has unconnected port DOUTA_I[13]
WARNING: [Synth 8-3331] design blk_mem_output_block has unconnected port DOUTA_I[12]
WARNING: [Synth 8-3331] design blk_mem_output_block has unconnected port DOUTA_I[11]
WARNING: [Synth 8-3331] design blk_mem_output_block has unconnected port DOUTA_I[10]
WARNING: [Synth 8-3331] design blk_mem_output_block has unconnected port DOUTA_I[9]
WARNING: [Synth 8-3331] design blk_mem_output_block has unconnected port DOUTA_I[8]
WARNING: [Synth 8-3331] design blk_mem_output_block has unconnected port DOUTA_I[7]
WARNING: [Synth 8-3331] design blk_mem_output_block has unconnected port DOUTA_I[6]
WARNING: [Synth 8-3331] design blk_mem_output_block has unconnected port DOUTA_I[5]
WARNING: [Synth 8-3331] design blk_mem_output_block has unconnected port DOUTA_I[4]
WARNING: [Synth 8-3331] design blk_mem_output_block has unconnected port DOUTA_I[3]
WARNING: [Synth 8-3331] design blk_mem_output_block has unconnected port DOUTA_I[2]
WARNING: [Synth 8-3331] design blk_mem_output_block has unconnected port DOUTA_I[1]
WARNING: [Synth 8-3331] design blk_mem_output_block has unconnected port DOUTA_I[0]
WARNING: [Synth 8-3331] design blk_mem_output_block has unconnected port SBITERR_I
WARNING: [Synth 8-3331] design blk_mem_output_block has unconnected port DBITERR_I
WARNING: [Synth 8-3331] design blk_mem_output_block has unconnected port RDADDRECC_I[17]
WARNING: [Synth 8-3331] design blk_mem_output_block has unconnected port RDADDRECC_I[16]
WARNING: [Synth 8-3331] design blk_mem_output_block has unconnected port RDADDRECC_I[15]
WARNING: [Synth 8-3331] design blk_mem_output_block has unconnected port RDADDRECC_I[14]
WARNING: [Synth 8-3331] design blk_mem_output_block has unconnected port RDADDRECC_I[13]
WARNING: [Synth 8-3331] design blk_mem_output_block has unconnected port RDADDRECC_I[12]
WARNING: [Synth 8-3331] design blk_mem_output_block has unconnected port RDADDRECC_I[11]
WARNING: [Synth 8-3331] design blk_mem_output_block has unconnected port RDADDRECC_I[10]
WARNING: [Synth 8-3331] design blk_mem_output_block has unconnected port RDADDRECC_I[9]
WARNING: [Synth 8-3331] design blk_mem_output_block has unconnected port RDADDRECC_I[8]
WARNING: [Synth 8-3331] design blk_mem_output_block has unconnected port RDADDRECC_I[7]
WARNING: [Synth 8-3331] design blk_mem_output_block has unconnected port RDADDRECC_I[6]
WARNING: [Synth 8-3331] design blk_mem_output_block has unconnected port RDADDRECC_I[5]
WARNING: [Synth 8-3331] design blk_mem_output_block has unconnected port RDADDRECC_I[4]
WARNING: [Synth 8-3331] design blk_mem_output_block has unconnected port RDADDRECC_I[3]
WARNING: [Synth 8-3331] design blk_mem_output_block has unconnected port RDADDRECC_I[2]
WARNING: [Synth 8-3331] design blk_mem_output_block has unconnected port RDADDRECC_I[1]
WARNING: [Synth 8-3331] design blk_mem_output_block has unconnected port RDADDRECC_I[0]
WARNING: [Synth 8-3331] design blk_mem_gen_prim_wrapper_init__parameterized254 has unconnected port SSRA
WARNING: [Synth 8-3331] design blk_mem_gen_prim_wrapper_init__parameterized254 has unconnected port REGCEA
WARNING: [Synth 8-3331] design blk_mem_gen_prim_wrapper_init__parameterized254 has unconnected port SSRB
WARNING: [Synth 8-3331] design blk_mem_gen_prim_wrapper_init__parameterized254 has unconnected port WEB[0]
WARNING: [Synth 8-3331] design blk_mem_gen_prim_wrapper_init__parameterized254 has unconnected port DINB[8]
WARNING: [Synth 8-3331] design blk_mem_gen_prim_wrapper_init__parameterized254 has unconnected port DINB[7]
WARNING: [Synth 8-3331] design blk_mem_gen_prim_wrapper_init__parameterized254 has unconnected port DINB[6]
WARNING: [Synth 8-3331] design blk_mem_gen_prim_wrapper_init__parameterized254 has unconnected port DINB[5]
WARNING: [Synth 8-3331] design blk_mem_gen_prim_wrapper_init__parameterized254 has unconnected port DINB[4]
WARNING: [Synth 8-3331] design blk_mem_gen_prim_wrapper_init__parameterized254 has unconnected port DINB[3]
WARNING: [Synth 8-3331] design blk_mem_gen_prim_wrapper_init__parameterized254 has unconnected port DINB[2]
WARNING: [Synth 8-3331] design blk_mem_gen_prim_wrapper_init__parameterized254 has unconnected port DINB[1]
WARNING: [Synth 8-3331] design blk_mem_gen_prim_wrapper_init__parameterized254 has unconnected port DINB[0]
WARNING: [Synth 8-3331] design blk_mem_gen_prim_wrapper_init__parameterized254 has unconnected port SLEEP
WARNING: [Synth 8-3331] design blk_mem_gen_prim_wrapper_init__parameterized254 has unconnected port INJECTSBITERR
WARNING: [Synth 8-3331] design blk_mem_gen_prim_wrapper_init__parameterized254 has unconnected port INJECTDBITERR
WARNING: [Synth 8-3331] design blk_mem_gen_prim_wrapper_init__parameterized254 has unconnected port ECCPIPECE
WARNING: [Synth 8-3331] design blk_mem_gen_prim_wrapper_init__parameterized253 has unconnected port SSRA
WARNING: [Synth 8-3331] design blk_mem_gen_prim_wrapper_init__parameterized253 has unconnected port REGCEA
WARNING: [Synth 8-3331] design blk_mem_gen_prim_wrapper_init__parameterized253 has unconnected port SSRB
WARNING: [Synth 8-3331] design blk_mem_gen_prim_wrapper_init__parameterized253 has unconnected port WEB[0]
WARNING: [Synth 8-3331] design blk_mem_gen_prim_wrapper_init__parameterized253 has unconnected port DINB[8]
WARNING: [Synth 8-3331] design blk_mem_gen_prim_wrapper_init__parameterized253 has unconnected port DINB[7]
WARNING: [Synth 8-3331] design blk_mem_gen_prim_wrapper_init__parameterized253 has unconnected port DINB[6]
WARNING: [Synth 8-3331] design blk_mem_gen_prim_wrapper_init__parameterized253 has unconnected port DINB[5]
WARNING: [Synth 8-3331] design blk_mem_gen_prim_wrapper_init__parameterized253 has unconnected port DINB[4]
WARNING: [Synth 8-3331] design blk_mem_gen_prim_wrapper_init__parameterized253 has unconnected port DINB[3]
WARNING: [Synth 8-3331] design blk_mem_gen_prim_wrapper_init__parameterized253 has unconnected port DINB[2]
WARNING: [Synth 8-3331] design blk_mem_gen_prim_wrapper_init__parameterized253 has unconnected port DINB[1]
WARNING: [Synth 8-3331] design blk_mem_gen_prim_wrapper_init__parameterized253 has unconnected port DINB[0]
WARNING: [Synth 8-3331] design blk_mem_gen_prim_wrapper_init__parameterized253 has unconnected port SLEEP
WARNING: [Synth 8-3331] design blk_mem_gen_prim_wrapper_init__parameterized253 has unconnected port INJECTSBITERR
WARNING: [Synth 8-3331] design blk_mem_gen_prim_wrapper_init__parameterized253 has unconnected port INJECTDBITERR
WARNING: [Synth 8-3331] design blk_mem_gen_prim_wrapper_init__parameterized253 has unconnected port ECCPIPECE
WARNING: [Synth 8-3331] design blk_mem_gen_prim_wrapper_init__parameterized252 has unconnected port SSRA
WARNING: [Synth 8-3331] design blk_mem_gen_prim_wrapper_init__parameterized252 has unconnected port REGCEA
WARNING: [Synth 8-3331] design blk_mem_gen_prim_wrapper_init__parameterized252 has unconnected port SSRB
WARNING: [Synth 8-3331] design blk_mem_gen_prim_wrapper_init__parameterized252 has unconnected port WEB[0]
WARNING: [Synth 8-3331] design blk_mem_gen_prim_wrapper_init__parameterized252 has unconnected port DINB[8]
WARNING: [Synth 8-3331] design blk_mem_gen_prim_wrapper_init__parameterized252 has unconnected port DINB[7]
WARNING: [Synth 8-3331] design blk_mem_gen_prim_wrapper_init__parameterized252 has unconnected port DINB[6]
WARNING: [Synth 8-3331] design blk_mem_gen_prim_wrapper_init__parameterized252 has unconnected port DINB[5]
WARNING: [Synth 8-3331] design blk_mem_gen_prim_wrapper_init__parameterized252 has unconnected port DINB[4]
WARNING: [Synth 8-3331] design blk_mem_gen_prim_wrapper_init__parameterized252 has unconnected port DINB[3]
WARNING: [Synth 8-3331] design blk_mem_gen_prim_wrapper_init__parameterized252 has unconnected port DINB[2]
WARNING: [Synth 8-3331] design blk_mem_gen_prim_wrapper_init__parameterized252 has unconnected port DINB[1]
WARNING: [Synth 8-3331] design blk_mem_gen_prim_wrapper_init__parameterized252 has unconnected port DINB[0]
INFO: [Common 17-14] Message 'Synth 8-3331' appears 100 times and further instances of the messages will be disabled. Use the Tcl command set_msg_config to change the current settings.
TclStackFree: incorrect freePtr. Call out of sequence?
[Sun May 11 10:27:34 2025] axi_ram_synth_1 finished
WARNING: [Vivado 12-8222] Failed run(s) : 'axi_ram_synth_1'
[Sun May 11 10:27:34 2025] Waiting for axi_crossbar_1x2_synth_1 to finish...

*** Running vivado
    with args -log axi_crossbar_1x2.vds -m64 -product Vivado -mode batch -messageDb vivado.pb -notrace -source axi_crossbar_1x2.tcl


****** Vivado v2019.2 (64-bit)
  **** SW Build 2708876 on Wed Nov  6 21:40:23 MST 2019
  **** IP Build 2700528 on Thu Nov  7 00:09:20 MST 2019
    ** Copyright 1986-2019 Xilinx, Inc. All Rights Reserved.

source axi_crossbar_1x2.tcl -notrace
create_project: Time (s): cpu = 00:00:04 ; elapsed = 00:00:06 . Memory (MB): peak = 437.074 ; gain = 156.543
Command: synth_design -top axi_crossbar_1x2 -part xc7a200tfbg676-2 -mode out_of_context
Starting synth_design
Attempting to get a license for feature 'Synthesis' and/or device 'xc7a200t'
INFO: [Common 17-349] Got license for feature 'Synthesis' and/or device 'xc7a200t'
INFO: [Device 21-403] Loading part xc7a200tfbg676-2
INFO: Launching helper process for spawning children vivado processes
INFO: Helper process launched with PID 24448 
---------------------------------------------------------------------------------
Starting RTL Elaboration : Time (s): cpu = 00:00:14 ; elapsed = 00:00:17 . Memory (MB): peak = 1031.172 ; gain = 235.164
---------------------------------------------------------------------------------
INFO: [Synth 8-6157] synthesizing module 'axi_crossbar_1x2' [c:/Users/HP/OneDrive/桌面/stu/计组/组成与结构实验5/cache实验基础代码/cache_lab_v0.05/soc_axi_lite_loongson/rtl/xilinx_ip/axi_crossbar_1x2/synth/axi_crossbar_1x2.v:59]
INFO: [Synth 8-6157] synthesizing module 'axi_crossbar_v2_1_21_axi_crossbar' [c:/Users/HP/OneDrive/桌面/stu/计组/组成与结构实验5/cache实验基础代码/cache_lab_v0.05/soc_axi_lite_loongson/rtl/xilinx_ip/axi_crossbar_1x2/hdl/axi_crossbar_v2_1_vl_rfs.v:4884]
	Parameter C_FAMILY bound to: artix7 - type: string 
	Parameter C_NUM_SLAVE_SLOTS bound to: 1 - type: integer 
	Parameter C_NUM_MASTER_SLOTS bound to: 2 - type: integer 
	Parameter C_AXI_ID_WIDTH bound to: 4 - type: integer 
	Parameter C_AXI_ADDR_WIDTH bound to: 32 - type: integer 
	Parameter C_AXI_DATA_WIDTH bound to: 32 - type: integer 
	Parameter C_AXI_PROTOCOL bound to: 1 - type: integer 
	Parameter C_NUM_ADDR_RANGES bound to: 5 - type: integer 
	Parameter C_M_AXI_BASE_ADDR bound to: 640'b0000000000000000000000000000000000000000000000000000000000000000000000000000000000000000000000001000000000000000000000000000000000000000000000000000000000000000010000000000000000000000000000000000000000000000000000000000000000100000000000000000000000000000000000000000000000000000000000000001111111000000000000000000000011111111111111111111111111111111111111111111111111111111111111111111111111111111111111111111111111111111111111111111111111111111111111111111111111111111111111111111111111111111111111111111111111111111111111111111111111111111111111111111111111111111111111110000000000000000000000000000000000011111101011110000000000000000 
	Parameter C_M_AXI_ADDR_WIDTH bound to: 320'b00000000000000000000000000011100000000000000000000000000000111110000000000000000000000000001111000000000000000000000000000011101000000000000000000000000000101100000000000000000000000000000000000000000000000000000000000000000000000000000000000000000000000000000000000000000000000000000000000000000000000000000000000010000 
	Parameter C_S_AXI_BASE_ID bound to: 0 - type: integer 
	Parameter C_S_AXI_THREAD_ID_WIDTH bound to: 4 - type: integer 
	Parameter C_AXI_SUPPORTS_USER_SIGNALS bound to: 0 - type: integer 
	Parameter C_AXI_AWUSER_WIDTH bound to: 1 - type: integer 
	Parameter C_AXI_ARUSER_WIDTH bound to: 1 - type: integer 
	Parameter C_AXI_WUSER_WIDTH bound to: 1 - type: integer 
	Parameter C_AXI_RUSER_WIDTH bound to: 1 - type: integer 
	Parameter C_AXI_BUSER_WIDTH bound to: 1 - type: integer 
	Parameter C_M_AXI_WRITE_CONNECTIVITY bound to: 64'b0000000000000000000000000000000100000000000000000000000000000001 
	Parameter C_M_AXI_READ_CONNECTIVITY bound to: 64'b0000000000000000000000000000000100000000000000000000000000000001 
	Parameter C_R_REGISTER bound to: 0 - type: integer 
	Parameter C_S_AXI_SINGLE_THREAD bound to: 0 - type: integer 
	Parameter C_S_AXI_WRITE_ACCEPTANCE bound to: 4 - type: integer 
	Parameter C_S_AXI_READ_ACCEPTANCE bound to: 4 - type: integer 
	Parameter C_M_AXI_WRITE_ISSUING bound to: 64'b0000000000000000000000000000010000000000000000000000000000000100 
	Parameter C_M_AXI_READ_ISSUING bound to: 64'b0000000000000000000000000000010000000000000000000000000000000100 
	Parameter C_S_AXI_ARB_PRIORITY bound to: 0 - type: integer 
	Parameter C_M_AXI_SECURE bound to: 64'b0000000000000000000000000000000000000000000000000000000000000000 
	Parameter C_CONNECTIVITY_MODE bound to: 1 - type: integer 
	Parameter P_ONES bound to: 65'b11111111111111111111111111111111111111111111111111111111111111111 
	Parameter P_S_AXI_BASE_ID bound to: 64'b0000000000000000000000000000000000000000000000000000000000000000 
	Parameter P_S_AXI_HIGH_ID bound to: 64'b0000000000000000000000000000000000000000000000000000000000001111 
	Parameter P_AXI4 bound to: 0 - type: integer 
	Parameter P_AXI3 bound to: 1 - type: integer 
	Parameter P_AXILITE bound to: 2 - type: integer 
	Parameter P_AXILITE_SIZE bound to: 3'b010 
	Parameter P_INCR bound to: 2'b01 
	Parameter P_M_AXI_SUPPORTS_WRITE bound to: 2'b11 
	Parameter P_M_AXI_SUPPORTS_READ bound to: 2'b11 
	Parameter P_S_AXI_SUPPORTS_WRITE bound to: 1'b1 
	Parameter P_S_AXI_SUPPORTS_READ bound to: 1'b1 
	Parameter C_DEBUG bound to: 1 - type: integer 
	Parameter P_RANGE_CHECK bound to: 1 - type: integer 
	Parameter P_ADDR_DECODE bound to: 1 - type: integer 
	Parameter P_M_AXI_ERR_MODE bound to: 64'b0000000000000000000000000000000000000000000000000000000000000000 
	Parameter P_LEN bound to: 4 - type: integer 
	Parameter P_LOCK bound to: 2 - type: integer 
	Parameter P_FAMILY bound to: artix7 - type: string 
INFO: [Synth 8-6157] synthesizing module 'axi_crossbar_v2_1_21_crossbar' [c:/Users/HP/OneDrive/桌面/stu/计组/组成与结构实验5/cache实验基础代码/cache_lab_v0.05/soc_axi_lite_loongson/rtl/xilinx_ip/axi_crossbar_1x2/hdl/axi_crossbar_v2_1_vl_rfs.v:2239]
	Parameter C_FAMILY bound to: artix7 - type: string 
	Parameter C_NUM_SLAVE_SLOTS bound to: 1 - type: integer 
	Parameter C_NUM_MASTER_SLOTS bound to: 2 - type: integer 
	Parameter C_NUM_ADDR_RANGES bound to: 5 - type: integer 
	Parameter C_AXI_ID_WIDTH bound to: 4 - type: integer 
	Parameter C_AXI_ADDR_WIDTH bound to: 32 - type: integer 
	Parameter C_AXI_DATA_WIDTH bound to: 32 - type: integer 
	Parameter C_AXI_PROTOCOL bound to: 1 - type: integer 
	Parameter C_M_AXI_BASE_ADDR bound to: 640'b0000000000000000000000000000000000000000000000000000000000000000000000000000000000000000000000001000000000000000000000000000000000000000000000000000000000000000010000000000000000000000000000000000000000000000000000000000000000100000000000000000000000000000000000000000000000000000000000000001111111000000000000000000000011111111111111111111111111111111111111111111111111111111111111111111111111111111111111111111111111111111111111111111111111111111111111111111111111111111111111111111111111111111111111111111111111111111111111111111111111111111111111111111111111111111111111110000000000000000000000000000000000011111101011110000000000000000 
	Parameter C_M_AXI_HIGH_ADDR bound to: 640'b0000000000000000000000000000000000001111111111111111111111111111000000000000000000000000000000001111111111111111111111111111111100000000000000000000000000000000011111111111111111111111111111110000000000000000000000000000000000111111111111111111111111111111000000000000000000000000000000000001111111111111111111111111111100000000000000000000000000000000000000000000000000000000000000000000000000000000000000000000000000000000000000000000000000000000000000000000000000000000000000000000000000000000000000000000000000000000000000000000000000000000000000000000000000000000000000000000000000000000000000000000000000011111101011111111111111111111 
	Parameter C_S_AXI_BASE_ID bound to: 64'b0000000000000000000000000000000000000000000000000000000000000000 
	Parameter C_S_AXI_HIGH_ID bound to: 64'b0000000000000000000000000000000000000000000000000000000000001111 
	Parameter C_S_AXI_THREAD_ID_WIDTH bound to: 4 - type: integer 
	Parameter C_AXI_SUPPORTS_USER_SIGNALS bound to: 0 - type: integer 
	Parameter C_AXI_AWUSER_WIDTH bound to: 1 - type: integer 
	Parameter C_AXI_ARUSER_WIDTH bound to: 1 - type: integer 
	Parameter C_AXI_WUSER_WIDTH bound to: 1 - type: integer 
	Parameter C_AXI_RUSER_WIDTH bound to: 1 - type: integer 
	Parameter C_AXI_BUSER_WIDTH bound to: 1 - type: integer 
	Parameter C_S_AXI_SUPPORTS_WRITE bound to: 1'b1 
	Parameter C_S_AXI_SUPPORTS_READ bound to: 1'b1 
	Parameter C_M_AXI_SUPPORTS_WRITE bound to: 2'b11 
	Parameter C_M_AXI_SUPPORTS_READ bound to: 2'b11 
	Parameter C_M_AXI_WRITE_CONNECTIVITY bound to: 64'b0000000000000000000000000000000100000000000000000000000000000001 
	Parameter C_M_AXI_READ_CONNECTIVITY bound to: 64'b0000000000000000000000000000000100000000000000000000000000000001 
	Parameter C_S_AXI_SINGLE_THREAD bound to: 0 - type: integer 
	Parameter C_S_AXI_WRITE_ACCEPTANCE bound to: 4 - type: integer 
	Parameter C_S_AXI_READ_ACCEPTANCE bound to: 4 - type: integer 
	Parameter C_M_AXI_WRITE_ISSUING bound to: 64'b0000000000000000000000000000010000000000000000000000000000000100 
	Parameter C_M_AXI_READ_ISSUING bound to: 64'b0000000000000000000000000000010000000000000000000000000000000100 
	Parameter C_S_AXI_ARB_PRIORITY bound to: 0 - type: integer 
	Parameter C_M_AXI_SECURE bound to: 64'b0000000000000000000000000000000000000000000000000000000000000000 
	Parameter C_M_AXI_ERR_MODE bound to: 64'b0000000000000000000000000000000000000000000000000000000000000000 
	Parameter C_RANGE_CHECK bound to: 1 - type: integer 
	Parameter C_ADDR_DECODE bound to: 1 - type: integer 
	Parameter C_W_ISSUE_WIDTH bound to: 96'b000000000000000000000000000000000000000000000000000000000000001000000000000000000000000000000010 
	Parameter C_R_ISSUE_WIDTH bound to: 96'b000000000000000000000000000000000000000000000000000000000000001000000000000000000000000000000010 
	Parameter C_W_ACCEPT_WIDTH bound to: 32'b00000000000000000000000000000010 
	Parameter C_R_ACCEPT_WIDTH bound to: 32'b00000000000000000000000000000010 
	Parameter C_DEBUG bound to: 1 - type: integer 
	Parameter P_AXI4 bound to: 0 - type: integer 
	Parameter P_AXI3 bound to: 1 - type: integer 
	Parameter P_AXILITE bound to: 2 - type: integer 
	Parameter P_WRITE bound to: 0 - type: integer 
	Parameter P_READ bound to: 1 - type: integer 
	Parameter P_NUM_MASTER_SLOTS_LOG bound to: 1 - type: integer 
	Parameter P_NUM_SLAVE_SLOTS_LOG bound to: 1 - type: integer 
	Parameter P_AXI_WID_WIDTH bound to: 4 - type: integer 
	Parameter P_ST_AWMESG_WIDTH bound to: 11 - type: integer 
	Parameter P_AA_AWMESG_WIDTH bound to: 67 - type: integer 
	Parameter P_ST_ARMESG_WIDTH bound to: 11 - type: integer 
	Parameter P_AA_ARMESG_WIDTH bound to: 67 - type: integer 
	Parameter P_ST_BMESG_WIDTH bound to: 3 - type: integer 
	Parameter P_ST_RMESG_WIDTH bound to: 35 - type: integer 
	Parameter P_WR_WMESG_WIDTH bound to: 41 - type: integer 
	Parameter P_BYPASS bound to: 0 - type: integer 
	Parameter P_FWD_REV bound to: 1 - type: integer 
	Parameter P_SIMPLE bound to: 7 - type: integer 
	Parameter P_M_AXI_SUPPORTS_READ bound to: 3'b111 
	Parameter P_M_AXI_SUPPORTS_WRITE bound to: 3'b111 
	Parameter P_M_AXI_WRITE_CONNECTIVITY bound to: 96'b111111111111111111111111111111110000000000000000000000000000000100000000000000000000000000000001 
	Parameter P_M_AXI_READ_CONNECTIVITY bound to: 96'b111111111111111111111111111111110000000000000000000000000000000100000000000000000000000000000001 
	Parameter P_S_AXI_WRITE_CONNECTIVITY bound to: 32'b11111111111111111111111111111111 
	Parameter P_S_AXI_READ_CONNECTIVITY bound to: 32'b11111111111111111111111111111111 
	Parameter P_M_AXI_READ_ISSUING bound to: 96'b000000000000000000000000000000010000000000000000000000000000010000000000000000000000000000000100 
	Parameter P_M_AXI_WRITE_ISSUING bound to: 96'b000000000000000000000000000000010000000000000000000000000000010000000000000000000000000000000100 
	Parameter P_DECERR bound to: 2'b11 
INFO: [Synth 8-6157] synthesizing module 'axi_crossbar_v2_1_21_si_transactor' [c:/Users/HP/OneDrive/桌面/stu/计组/组成与结构实验5/cache实验基础代码/cache_lab_v0.05/soc_axi_lite_loongson/rtl/xilinx_ip/axi_crossbar_1x2/hdl/axi_crossbar_v2_1_vl_rfs.v:3800]
	Parameter C_FAMILY bound to: artix7 - type: string 
	Parameter C_SI bound to: 0 - type: integer 
	Parameter C_DIR bound to: 1 - type: integer 
	Parameter C_NUM_ADDR_RANGES bound to: 5 - type: integer 
	Parameter C_NUM_M bound to: 2 - type: integer 
	Parameter C_NUM_M_LOG bound to: 1 - type: integer 
	Parameter C_ACCEPTANCE bound to: 4 - type: integer 
	Parameter C_ACCEPTANCE_LOG bound to: 2 - type: integer 
	Parameter C_ID_WIDTH bound to: 4 - type: integer 
	Parameter C_THREAD_ID_WIDTH bound to: 4 - type: integer 
	Parameter C_ADDR_WIDTH bound to: 32 - type: integer 
	Parameter C_AMESG_WIDTH bound to: 11 - type: integer 
	Parameter C_RMESG_WIDTH bound to: 35 - type: integer 
	Parameter C_BASE_ID bound to: 4'b0000 
	Parameter C_HIGH_ID bound to: 4'b1111 
	Parameter C_BASE_ADDR bound to: 640'b0000000000000000000000000000000000000000000000000000000000000000000000000000000000000000000000001000000000000000000000000000000000000000000000000000000000000000010000000000000000000000000000000000000000000000000000000000000000100000000000000000000000000000000000000000000000000000000000000001111111000000000000000000000011111111111111111111111111111111111111111111111111111111111111111111111111111111111111111111111111111111111111111111111111111111111111111111111111111111111111111111111111111111111111111111111111111111111111111111111111111111111111111111111111111111111111110000000000000000000000000000000000011111101011110000000000000000 
	Parameter C_HIGH_ADDR bound to: 640'b0000000000000000000000000000000000001111111111111111111111111111000000000000000000000000000000001111111111111111111111111111111100000000000000000000000000000000011111111111111111111111111111110000000000000000000000000000000000111111111111111111111111111111000000000000000000000000000000000001111111111111111111111111111100000000000000000000000000000000000000000000000000000000000000000000000000000000000000000000000000000000000000000000000000000000000000000000000000000000000000000000000000000000000000000000000000000000000000000000000000000000000000000000000000000000000000000000000000000000000000000000000000011111101011111111111111111111 
	Parameter C_SINGLE_THREAD bound to: 0 - type: integer 
	Parameter C_TARGET_QUAL bound to: 2'b11 
	Parameter C_M_AXI_SECURE bound to: 64'b0000000000000000000000000000000000000000000000000000000000000000 
	Parameter C_RANGE_CHECK bound to: 1 - type: integer 
	Parameter C_ADDR_DECODE bound to: 1 - type: integer 
	Parameter C_ERR_MODE bound to: 64'b0000000000000000000000000000000000000000000000000000000000000000 
	Parameter C_DEBUG bound to: 1 - type: integer 
	Parameter P_WRITE bound to: 0 - type: integer 
	Parameter P_READ bound to: 1 - type: integer 
	Parameter P_RMUX_MESG_WIDTH bound to: 40 - type: integer 
	Parameter P_AXILITE_ERRMODE bound to: 1 - type: integer 
	Parameter P_NONSECURE_BIT bound to: 1 - type: integer 
	Parameter P_NUM_M_LOG_M1 bound to: 1 - type: integer 
	Parameter P_M_AXILITE bound to: 2'b00 
	Parameter P_FIXED bound to: 2'b00 
	Parameter P_NUM_M_DE_LOG bound to: 2 - type: integer 
	Parameter P_THREAD_ID_WIDTH_M1 bound to: 4 - type: integer 
	Parameter P_NUM_ID_VAL bound to: 16 - type: integer 
	Parameter P_NUM_THREADS bound to: 4 - type: integer 
	Parameter P_M_SECURE_MASK bound to: 2'b00 
INFO: [Synth 8-6157] synthesizing module 'axi_crossbar_v2_1_21_addr_decoder' [c:/Users/HP/OneDrive/桌面/stu/计组/组成与结构实验5/cache实验基础代码/cache_lab_v0.05/soc_axi_lite_loongson/rtl/xilinx_ip/axi_crossbar_1x2/hdl/axi_crossbar_v2_1_vl_rfs.v:794]
	Parameter C_FAMILY bound to: artix7 - type: string 
	Parameter C_NUM_TARGETS bound to: 2 - type: integer 
	Parameter C_NUM_TARGETS_LOG bound to: 1 - type: integer 
	Parameter C_NUM_RANGES bound to: 5 - type: integer 
	Parameter C_ADDR_WIDTH bound to: 32 - type: integer 
	Parameter C_TARGET_ENC bound to: 1 - type: integer 
	Parameter C_TARGET_HOT bound to: 1 - type: integer 
	Parameter C_REGION_ENC bound to: 1 - type: integer 
	Parameter C_BASE_ADDR bound to: 640'b0000000000000000000000000000000000000000000000000000000000000000000000000000000000000000000000001000000000000000000000000000000000000000000000000000000000000000010000000000000000000000000000000000000000000000000000000000000000100000000000000000000000000000000000000000000000000000000000000001111111000000000000000000000011111111111111111111111111111111111111111111111111111111111111111111111111111111111111111111111111111111111111111111111111111111111111111111111111111111111111111111111111111111111111111111111111111111111111111111111111111111111111111111111111111111111111110000000000000000000000000000000000011111101011110000000000000000 
	Parameter C_HIGH_ADDR bound to: 640'b0000000000000000000000000000000000001111111111111111111111111111000000000000000000000000000000001111111111111111111111111111111100000000000000000000000000000000011111111111111111111111111111110000000000000000000000000000000000111111111111111111111111111111000000000000000000000000000000000001111111111111111111111111111100000000000000000000000000000000000000000000000000000000000000000000000000000000000000000000000000000000000000000000000000000000000000000000000000000000000000000000000000000000000000000000000000000000000000000000000000000000000000000000000000000000000000000000000000000000000000000000000000011111101011111111111111111111 
	Parameter C_TARGET_QUAL bound to: 3'b011 
	Parameter C_RESOLUTION bound to: 2 - type: integer 
	Parameter C_COMPARATOR_THRESHOLD bound to: 6 - type: integer 
INFO: [Synth 8-6157] synthesizing module 'generic_baseblocks_v2_1_0_comparator_static' [c:/Users/HP/OneDrive/桌面/stu/计组/组成与结构实验5/cache实验基础代码/cache_lab_v0.05/soc_axi_lite_loongson/rtl/xilinx_ip/axi_crossbar_1x2/hdl/generic_baseblocks_v2_1_vl_rfs.v:2133]
	Parameter C_FAMILY bound to: rtl - type: string 
	Parameter C_VALUE bound to: 30'b000111111010111100000000000000 
	Parameter C_DATA_WIDTH bound to: 30 - type: integer 
	Parameter C_BITS_PER_LUT bound to: 6 - type: integer 
	Parameter C_NUM_LUT bound to: 5 - type: integer 
	Parameter C_FIX_DATA_WIDTH bound to: 30 - type: integer 
INFO: [Synth 8-6157] synthesizing module 'generic_baseblocks_v2_1_0_carry_and' [c:/Users/HP/OneDrive/桌面/stu/计组/组成与结构实验5/cache实验基础代码/cache_lab_v0.05/soc_axi_lite_loongson/rtl/xilinx_ip/axi_crossbar_1x2/hdl/generic_baseblocks_v2_1_vl_rfs.v:62]
	Parameter C_FAMILY bound to: rtl - type: string 
INFO: [Synth 8-6155] done synthesizing module 'generic_baseblocks_v2_1_0_carry_and' (1#1) [c:/Users/HP/OneDrive/桌面/stu/计组/组成与结构实验5/cache实验基础代码/cache_lab_v0.05/soc_axi_lite_loongson/rtl/xilinx_ip/axi_crossbar_1x2/hdl/generic_baseblocks_v2_1_vl_rfs.v:62]
INFO: [Synth 8-6155] done synthesizing module 'generic_baseblocks_v2_1_0_comparator_static' (2#1) [c:/Users/HP/OneDrive/桌面/stu/计组/组成与结构实验5/cache实验基础代码/cache_lab_v0.05/soc_axi_lite_loongson/rtl/xilinx_ip/axi_crossbar_1x2/hdl/generic_baseblocks_v2_1_vl_rfs.v:2133]
INFO: [Synth 8-6157] synthesizing module 'generic_baseblocks_v2_1_0_comparator_static__parameterized0' [c:/Users/HP/OneDrive/桌面/stu/计组/组成与结构实验5/cache实验基础代码/cache_lab_v0.05/soc_axi_lite_loongson/rtl/xilinx_ip/axi_crossbar_1x2/hdl/generic_baseblocks_v2_1_vl_rfs.v:2133]
	Parameter C_FAMILY bound to: rtl - type: string 
	Parameter C_VALUE bound to: 30'b000111111100000000000000000000 
	Parameter C_DATA_WIDTH bound to: 30 - type: integer 
	Parameter C_BITS_PER_LUT bound to: 6 - type: integer 
	Parameter C_NUM_LUT bound to: 5 - type: integer 
	Parameter C_FIX_DATA_WIDTH bound to: 30 - type: integer 
INFO: [Synth 8-6155] done synthesizing module 'generic_baseblocks_v2_1_0_comparator_static__parameterized0' (2#1) [c:/Users/HP/OneDrive/桌面/stu/计组/组成与结构实验5/cache实验基础代码/cache_lab_v0.05/soc_axi_lite_loongson/rtl/xilinx_ip/axi_crossbar_1x2/hdl/generic_baseblocks_v2_1_vl_rfs.v:2133]
INFO: [Synth 8-6157] synthesizing module 'generic_baseblocks_v2_1_0_comparator_static__parameterized1' [c:/Users/HP/OneDrive/桌面/stu/计组/组成与结构实验5/cache实验基础代码/cache_lab_v0.05/soc_axi_lite_loongson/rtl/xilinx_ip/axi_crossbar_1x2/hdl/generic_baseblocks_v2_1_vl_rfs.v:2133]
	Parameter C_FAMILY bound to: rtl - type: string 
	Parameter C_VALUE bound to: 30'b001000000000000000000000000000 
	Parameter C_DATA_WIDTH bound to: 30 - type: integer 
	Parameter C_BITS_PER_LUT bound to: 6 - type: integer 
	Parameter C_NUM_LUT bound to: 5 - type: integer 
	Parameter C_FIX_DATA_WIDTH bound to: 30 - type: integer 
INFO: [Synth 8-6155] done synthesizing module 'generic_baseblocks_v2_1_0_comparator_static__parameterized1' (2#1) [c:/Users/HP/OneDrive/桌面/stu/计组/组成与结构实验5/cache实验基础代码/cache_lab_v0.05/soc_axi_lite_loongson/rtl/xilinx_ip/axi_crossbar_1x2/hdl/generic_baseblocks_v2_1_vl_rfs.v:2133]
INFO: [Synth 8-6157] synthesizing module 'generic_baseblocks_v2_1_0_comparator_static__parameterized2' [c:/Users/HP/OneDrive/桌面/stu/计组/组成与结构实验5/cache实验基础代码/cache_lab_v0.05/soc_axi_lite_loongson/rtl/xilinx_ip/axi_crossbar_1x2/hdl/generic_baseblocks_v2_1_vl_rfs.v:2133]
	Parameter C_FAMILY bound to: rtl - type: string 
	Parameter C_VALUE bound to: 30'b010000000000000000000000000000 
	Parameter C_DATA_WIDTH bound to: 30 - type: integer 
	Parameter C_BITS_PER_LUT bound to: 6 - type: integer 
	Parameter C_NUM_LUT bound to: 5 - type: integer 
	Parameter C_FIX_DATA_WIDTH bound to: 30 - type: integer 
INFO: [Synth 8-6155] done synthesizing module 'generic_baseblocks_v2_1_0_comparator_static__parameterized2' (2#1) [c:/Users/HP/OneDrive/桌面/stu/计组/组成与结构实验5/cache实验基础代码/cache_lab_v0.05/soc_axi_lite_loongson/rtl/xilinx_ip/axi_crossbar_1x2/hdl/generic_baseblocks_v2_1_vl_rfs.v:2133]
INFO: [Synth 8-6157] synthesizing module 'generic_baseblocks_v2_1_0_comparator_static__parameterized3' [c:/Users/HP/OneDrive/桌面/stu/计组/组成与结构实验5/cache实验基础代码/cache_lab_v0.05/soc_axi_lite_loongson/rtl/xilinx_ip/axi_crossbar_1x2/hdl/generic_baseblocks_v2_1_vl_rfs.v:2133]
	Parameter C_FAMILY bound to: rtl - type: string 
	Parameter C_VALUE bound to: 30'b100000000000000000000000000000 
	Parameter C_DATA_WIDTH bound to: 30 - type: integer 
	Parameter C_BITS_PER_LUT bound to: 6 - type: integer 
	Parameter C_NUM_LUT bound to: 5 - type: integer 
	Parameter C_FIX_DATA_WIDTH bound to: 30 - type: integer 
INFO: [Synth 8-6155] done synthesizing module 'generic_baseblocks_v2_1_0_comparator_static__parameterized3' (2#1) [c:/Users/HP/OneDrive/桌面/stu/计组/组成与结构实验5/cache实验基础代码/cache_lab_v0.05/soc_axi_lite_loongson/rtl/xilinx_ip/axi_crossbar_1x2/hdl/generic_baseblocks_v2_1_vl_rfs.v:2133]
INFO: [Synth 8-6157] synthesizing module 'generic_baseblocks_v2_1_0_comparator_static__parameterized4' [c:/Users/HP/OneDrive/桌面/stu/计组/组成与结构实验5/cache实验基础代码/cache_lab_v0.05/soc_axi_lite_loongson/rtl/xilinx_ip/axi_crossbar_1x2/hdl/generic_baseblocks_v2_1_vl_rfs.v:2133]
	Parameter C_FAMILY bound to: rtl - type: string 
	Parameter C_VALUE bound to: 30'b000000000000000000000000000000 
	Parameter C_DATA_WIDTH bound to: 30 - type: integer 
	Parameter C_BITS_PER_LUT bound to: 6 - type: integer 
	Parameter C_NUM_LUT bound to: 5 - type: integer 
	Parameter C_FIX_DATA_WIDTH bound to: 30 - type: integer 
INFO: [Synth 8-6155] done synthesizing module 'generic_baseblocks_v2_1_0_comparator_static__parameterized4' (2#1) [c:/Users/HP/OneDrive/桌面/stu/计组/组成与结构实验5/cache实验基础代码/cache_lab_v0.05/soc_axi_lite_loongson/rtl/xilinx_ip/axi_crossbar_1x2/hdl/generic_baseblocks_v2_1_vl_rfs.v:2133]
INFO: [Synth 8-6155] done synthesizing module 'axi_crossbar_v2_1_21_addr_decoder' (3#1) [c:/Users/HP/OneDrive/桌面/stu/计组/组成与结构实验5/cache实验基础代码/cache_lab_v0.05/soc_axi_lite_loongson/rtl/xilinx_ip/axi_crossbar_1x2/hdl/axi_crossbar_v2_1_vl_rfs.v:794]
INFO: [Synth 8-6157] synthesizing module 'axi_data_fifo_v2_1_19_axic_srl_fifo' [c:/Users/HP/OneDrive/桌面/stu/计组/组成与结构实验5/cache实验基础代码/cache_lab_v0.05/soc_axi_lite_loongson/rtl/xilinx_ip/axi_crossbar_1x2/hdl/axi_data_fifo_v2_1_vl_rfs.v:698]
	Parameter C_FAMILY bound to: artix7 - type: string 
	Parameter C_FIFO_WIDTH bound to: 8 - type: integer 
	Parameter C_MAX_CTRL_FANOUT bound to: 33 - type: integer 
	Parameter C_FIFO_DEPTH_LOG bound to: 3 - type: integer 
	Parameter C_USE_FULL bound to: 0 - type: integer 
	Parameter P_FIFO_DEPTH_LOG bound to: 3 - type: integer 
	Parameter P_EMPTY bound to: 3'b111 
	Parameter P_ALMOSTEMPTY bound to: 3'b000 
	Parameter P_ALMOSTFULL_TEMP bound to: 4'b1110 
	Parameter P_ALMOSTFULL bound to: 3'b110 
	Parameter P_NUM_REPS bound to: 1 - type: integer 
INFO: [Synth 8-6157] synthesizing module 'axi_data_fifo_v2_1_19_ndeep_srl' [c:/Users/HP/OneDrive/桌面/stu/计组/组成与结构实验5/cache实验基础代码/cache_lab_v0.05/soc_axi_lite_loongson/rtl/xilinx_ip/axi_crossbar_1x2/hdl/axi_data_fifo_v2_1_vl_rfs.v:1135]
	Parameter C_FAMILY bound to: artix7 - type: string 
	Parameter C_A_WIDTH bound to: 3 - type: integer 
	Parameter P_SRLASIZE bound to: 5 - type: integer 
	Parameter P_SRLDEPTH bound to: 32 - type: integer 
	Parameter P_NUMSRLS bound to: 1 - type: integer 
	Parameter P_SHIFT_DEPTH bound to: 8 - type: integer 
INFO: [Synth 8-6157] synthesizing module 'SRLC32E' [F:/vivado/Vivado/2019.2/scripts/rt/data/unisim_comp.v:78115]
	Parameter INIT bound to: 32'b00000000000000000000000000000000 
	Parameter IS_CLK_INVERTED bound to: 1'b0 
INFO: [Synth 8-6155] done synthesizing module 'SRLC32E' (4#1) [F:/vivado/Vivado/2019.2/scripts/rt/data/unisim_comp.v:78115]
INFO: [Synth 8-6155] done synthesizing module 'axi_data_fifo_v2_1_19_ndeep_srl' (5#1) [c:/Users/HP/OneDrive/桌面/stu/计组/组成与结构实验5/cache实验基础代码/cache_lab_v0.05/soc_axi_lite_loongson/rtl/xilinx_ip/axi_crossbar_1x2/hdl/axi_data_fifo_v2_1_vl_rfs.v:1135]
WARNING: [Synth 8-6014] Unused sequential element areset_d1_reg was removed.  [c:/Users/HP/OneDrive/桌面/stu/计组/组成与结构实验5/cache实验基础代码/cache_lab_v0.05/soc_axi_lite_loongson/rtl/xilinx_ip/axi_crossbar_1x2/hdl/axi_data_fifo_v2_1_vl_rfs.v:750]
WARNING: [Synth 8-6014] Unused sequential element S_READY_i_reg was removed.  [c:/Users/HP/OneDrive/桌面/stu/计组/组成与结构实验5/cache实验基础代码/cache_lab_v0.05/soc_axi_lite_loongson/rtl/xilinx_ip/axi_crossbar_1x2/hdl/axi_data_fifo_v2_1_vl_rfs.v:789]
INFO: [Synth 8-6155] done synthesizing module 'axi_data_fifo_v2_1_19_axic_srl_fifo' (6#1) [c:/Users/HP/OneDrive/桌面/stu/计组/组成与结构实验5/cache实验基础代码/cache_lab_v0.05/soc_axi_lite_loongson/rtl/xilinx_ip/axi_crossbar_1x2/hdl/axi_data_fifo_v2_1_vl_rfs.v:698]
INFO: [Synth 8-6157] synthesizing module 'axi_crossbar_v2_1_21_arbiter_resp' [c:/Users/HP/OneDrive/桌面/stu/计组/组成与结构实验5/cache实验基础代码/cache_lab_v0.05/soc_axi_lite_loongson/rtl/xilinx_ip/axi_crossbar_1x2/hdl/axi_crossbar_v2_1_vl_rfs.v:1025]
	Parameter C_FAMILY bound to: artix7 - type: string 
	Parameter C_NUM_S bound to: 3 - type: integer 
	Parameter C_NUM_S_LOG bound to: 2 - type: integer 
	Parameter C_GRANT_ENC bound to: 1 - type: integer 
	Parameter C_GRANT_HOT bound to: 0 - type: integer 
INFO: [Synth 8-6155] done synthesizing module 'axi_crossbar_v2_1_21_arbiter_resp' (7#1) [c:/Users/HP/OneDrive/桌面/stu/计组/组成与结构实验5/cache实验基础代码/cache_lab_v0.05/soc_axi_lite_loongson/rtl/xilinx_ip/axi_crossbar_1x2/hdl/axi_crossbar_v2_1_vl_rfs.v:1025]
INFO: [Synth 8-6157] synthesizing module 'generic_baseblocks_v2_1_0_mux_enc' [c:/Users/HP/OneDrive/桌面/stu/计组/组成与结构实验5/cache实验基础代码/cache_lab_v0.05/soc_axi_lite_loongson/rtl/xilinx_ip/axi_crossbar_1x2/hdl/generic_baseblocks_v2_1_vl_rfs.v:2452]
	Parameter C_FAMILY bound to: artix7 - type: string 
	Parameter C_RATIO bound to: 3 - type: integer 
	Parameter C_SEL_WIDTH bound to: 2 - type: integer 
	Parameter C_DATA_WIDTH bound to: 40 - type: integer 
INFO: [Synth 8-6155] done synthesizing module 'generic_baseblocks_v2_1_0_mux_enc' (8#1) [c:/Users/HP/OneDrive/桌面/stu/计组/组成与结构实验5/cache实验基础代码/cache_lab_v0.05/soc_axi_lite_loongson/rtl/xilinx_ip/axi_crossbar_1x2/hdl/generic_baseblocks_v2_1_vl_rfs.v:2452]
WARNING: [Synth 8-6014] Unused sequential element gen_multi_thread.debug_r_beat_cnt_i_reg was removed.  [c:/Users/HP/OneDrive/桌面/stu/计组/组成与结构实验5/cache实验基础代码/cache_lab_v0.05/soc_axi_lite_loongson/rtl/xilinx_ip/axi_crossbar_1x2/hdl/axi_crossbar_v2_1_vl_rfs.v:4346]
WARNING: [Synth 8-6014] Unused sequential element gen_multi_thread.debug_r_beat_cnt_i_reg was removed.  [c:/Users/HP/OneDrive/桌面/stu/计组/组成与结构实验5/cache实验基础代码/cache_lab_v0.05/soc_axi_lite_loongson/rtl/xilinx_ip/axi_crossbar_1x2/hdl/axi_crossbar_v2_1_vl_rfs.v:4346]
WARNING: [Synth 8-6014] Unused sequential element gen_multi_thread.debug_r_beat_cnt_i_reg was removed.  [c:/Users/HP/OneDrive/桌面/stu/计组/组成与结构实验5/cache实验基础代码/cache_lab_v0.05/soc_axi_lite_loongson/rtl/xilinx_ip/axi_crossbar_1x2/hdl/axi_crossbar_v2_1_vl_rfs.v:4346]
WARNING: [Synth 8-6014] Unused sequential element gen_multi_thread.debug_r_beat_cnt_i_reg was removed.  [c:/Users/HP/OneDrive/桌面/stu/计组/组成与结构实验5/cache实验基础代码/cache_lab_v0.05/soc_axi_lite_loongson/rtl/xilinx_ip/axi_crossbar_1x2/hdl/axi_crossbar_v2_1_vl_rfs.v:4346]
INFO: [Synth 8-6155] done synthesizing module 'axi_crossbar_v2_1_21_si_transactor' (9#1) [c:/Users/HP/OneDrive/桌面/stu/计组/组成与结构实验5/cache实验基础代码/cache_lab_v0.05/soc_axi_lite_loongson/rtl/xilinx_ip/axi_crossbar_1x2/hdl/axi_crossbar_v2_1_vl_rfs.v:3800]
INFO: [Synth 8-6157] synthesizing module 'axi_crossbar_v2_1_21_si_transactor__parameterized0' [c:/Users/HP/OneDrive/桌面/stu/计组/组成与结构实验5/cache实验基础代码/cache_lab_v0.05/soc_axi_lite_loongson/rtl/xilinx_ip/axi_crossbar_1x2/hdl/axi_crossbar_v2_1_vl_rfs.v:3800]
	Parameter C_FAMILY bound to: artix7 - type: string 
	Parameter C_SI bound to: 0 - type: integer 
	Parameter C_DIR bound to: 0 - type: integer 
	Parameter C_NUM_ADDR_RANGES bound to: 5 - type: integer 
	Parameter C_NUM_M bound to: 2 - type: integer 
	Parameter C_NUM_M_LOG bound to: 1 - type: integer 
	Parameter C_ACCEPTANCE bound to: 4 - type: integer 
	Parameter C_ACCEPTANCE_LOG bound to: 2 - type: integer 
	Parameter C_ID_WIDTH bound to: 4 - type: integer 
	Parameter C_THREAD_ID_WIDTH bound to: 4 - type: integer 
	Parameter C_ADDR_WIDTH bound to: 32 - type: integer 
	Parameter C_AMESG_WIDTH bound to: 11 - type: integer 
	Parameter C_RMESG_WIDTH bound to: 3 - type: integer 
	Parameter C_BASE_ID bound to: 4'b0000 
	Parameter C_HIGH_ID bound to: 4'b1111 
	Parameter C_BASE_ADDR bound to: 640'b0000000000000000000000000000000000000000000000000000000000000000000000000000000000000000000000001000000000000000000000000000000000000000000000000000000000000000010000000000000000000000000000000000000000000000000000000000000000100000000000000000000000000000000000000000000000000000000000000001111111000000000000000000000011111111111111111111111111111111111111111111111111111111111111111111111111111111111111111111111111111111111111111111111111111111111111111111111111111111111111111111111111111111111111111111111111111111111111111111111111111111111111111111111111111111111111110000000000000000000000000000000000011111101011110000000000000000 
	Parameter C_HIGH_ADDR bound to: 640'b0000000000000000000000000000000000001111111111111111111111111111000000000000000000000000000000001111111111111111111111111111111100000000000000000000000000000000011111111111111111111111111111110000000000000000000000000000000000111111111111111111111111111111000000000000000000000000000000000001111111111111111111111111111100000000000000000000000000000000000000000000000000000000000000000000000000000000000000000000000000000000000000000000000000000000000000000000000000000000000000000000000000000000000000000000000000000000000000000000000000000000000000000000000000000000000000000000000000000000000000000000000000011111101011111111111111111111 
	Parameter C_SINGLE_THREAD bound to: 0 - type: integer 
	Parameter C_TARGET_QUAL bound to: 2'b11 
	Parameter C_M_AXI_SECURE bound to: 64'b0000000000000000000000000000000000000000000000000000000000000000 
	Parameter C_RANGE_CHECK bound to: 1 - type: integer 
	Parameter C_ADDR_DECODE bound to: 1 - type: integer 
	Parameter C_ERR_MODE bound to: 64'b0000000000000000000000000000000000000000000000000000000000000000 
	Parameter C_DEBUG bound to: 1 - type: integer 
	Parameter P_WRITE bound to: 0 - type: integer 
	Parameter P_READ bound to: 1 - type: integer 
	Parameter P_RMUX_MESG_WIDTH bound to: 8 - type: integer 
	Parameter P_AXILITE_ERRMODE bound to: 1 - type: integer 
	Parameter P_NONSECURE_BIT bound to: 1 - type: integer 
	Parameter P_NUM_M_LOG_M1 bound to: 1 - type: integer 
	Parameter P_M_AXILITE bound to: 2'b00 
	Parameter P_FIXED bound to: 2'b00 
	Parameter P_NUM_M_DE_LOG bound to: 2 - type: integer 
	Parameter P_THREAD_ID_WIDTH_M1 bound to: 4 - type: integer 
	Parameter P_NUM_ID_VAL bound to: 16 - type: integer 
	Parameter P_NUM_THREADS bound to: 4 - type: integer 
	Parameter P_M_SECURE_MASK bound to: 2'b00 
INFO: [Synth 8-6157] synthesizing module 'generic_baseblocks_v2_1_0_mux_enc__parameterized0' [c:/Users/HP/OneDrive/桌面/stu/计组/组成与结构实验5/cache实验基础代码/cache_lab_v0.05/soc_axi_lite_loongson/rtl/xilinx_ip/axi_crossbar_1x2/hdl/generic_baseblocks_v2_1_vl_rfs.v:2452]
	Parameter C_FAMILY bound to: artix7 - type: string 
	Parameter C_RATIO bound to: 3 - type: integer 
	Parameter C_SEL_WIDTH bound to: 2 - type: integer 
	Parameter C_DATA_WIDTH bound to: 8 - type: integer 
INFO: [Synth 8-6155] done synthesizing module 'generic_baseblocks_v2_1_0_mux_enc__parameterized0' (9#1) [c:/Users/HP/OneDrive/桌面/stu/计组/组成与结构实验5/cache实验基础代码/cache_lab_v0.05/soc_axi_lite_loongson/rtl/xilinx_ip/axi_crossbar_1x2/hdl/generic_baseblocks_v2_1_vl_rfs.v:2452]
WARNING: [Synth 8-6014] Unused sequential element gen_multi_thread.debug_r_beat_cnt_i_reg was removed.  [c:/Users/HP/OneDrive/桌面/stu/计组/组成与结构实验5/cache实验基础代码/cache_lab_v0.05/soc_axi_lite_loongson/rtl/xilinx_ip/axi_crossbar_1x2/hdl/axi_crossbar_v2_1_vl_rfs.v:4346]
WARNING: [Synth 8-6014] Unused sequential element gen_multi_thread.debug_r_beat_cnt_i_reg was removed.  [c:/Users/HP/OneDrive/桌面/stu/计组/组成与结构实验5/cache实验基础代码/cache_lab_v0.05/soc_axi_lite_loongson/rtl/xilinx_ip/axi_crossbar_1x2/hdl/axi_crossbar_v2_1_vl_rfs.v:4346]
WARNING: [Synth 8-6014] Unused sequential element gen_multi_thread.debug_r_beat_cnt_i_reg was removed.  [c:/Users/HP/OneDrive/桌面/stu/计组/组成与结构实验5/cache实验基础代码/cache_lab_v0.05/soc_axi_lite_loongson/rtl/xilinx_ip/axi_crossbar_1x2/hdl/axi_crossbar_v2_1_vl_rfs.v:4346]
WARNING: [Synth 8-6014] Unused sequential element gen_multi_thread.debug_r_beat_cnt_i_reg was removed.  [c:/Users/HP/OneDrive/桌面/stu/计组/组成与结构实验5/cache实验基础代码/cache_lab_v0.05/soc_axi_lite_loongson/rtl/xilinx_ip/axi_crossbar_1x2/hdl/axi_crossbar_v2_1_vl_rfs.v:4346]
INFO: [Synth 8-6155] done synthesizing module 'axi_crossbar_v2_1_21_si_transactor__parameterized0' (9#1) [c:/Users/HP/OneDrive/桌面/stu/计组/组成与结构实验5/cache实验基础代码/cache_lab_v0.05/soc_axi_lite_loongson/rtl/xilinx_ip/axi_crossbar_1x2/hdl/axi_crossbar_v2_1_vl_rfs.v:3800]
INFO: [Synth 8-6157] synthesizing module 'axi_crossbar_v2_1_21_splitter' [c:/Users/HP/OneDrive/桌面/stu/计组/组成与结构实验5/cache实验基础代码/cache_lab_v0.05/soc_axi_lite_loongson/rtl/xilinx_ip/axi_crossbar_1x2/hdl/axi_crossbar_v2_1_vl_rfs.v:4461]
	Parameter C_NUM_M bound to: 2 - type: integer 
INFO: [Synth 8-6155] done synthesizing module 'axi_crossbar_v2_1_21_splitter' (10#1) [c:/Users/HP/OneDrive/桌面/stu/计组/组成与结构实验5/cache实验基础代码/cache_lab_v0.05/soc_axi_lite_loongson/rtl/xilinx_ip/axi_crossbar_1x2/hdl/axi_crossbar_v2_1_vl_rfs.v:4461]
INFO: [Synth 8-6157] synthesizing module 'axi_crossbar_v2_1_21_wdata_router' [c:/Users/HP/OneDrive/桌面/stu/计组/组成与结构实验5/cache实验基础代码/cache_lab_v0.05/soc_axi_lite_loongson/rtl/xilinx_ip/axi_crossbar_1x2/hdl/axi_crossbar_v2_1_vl_rfs.v:4736]
	Parameter C_FAMILY bound to: artix7 - type: string 
	Parameter C_WMESG_WIDTH bound to: 41 - type: integer 
	Parameter C_NUM_MASTER_SLOTS bound to: 3 - type: integer 
	Parameter C_SELECT_WIDTH bound to: 2 - type: integer 
	Parameter C_FIFO_DEPTH_LOG bound to: 2 - type: integer 
	Parameter P_FIFO_DEPTH_LOG bound to: 2 - type: integer 
INFO: [Synth 8-6157] synthesizing module 'axi_data_fifo_v2_1_19_axic_reg_srl_fifo' [c:/Users/HP/OneDrive/桌面/stu/计组/组成与结构实验5/cache实验基础代码/cache_lab_v0.05/soc_axi_lite_loongson/rtl/xilinx_ip/axi_crossbar_1x2/hdl/axi_data_fifo_v2_1_vl_rfs.v:889]
	Parameter C_FAMILY bound to: artix7 - type: string 
	Parameter C_FIFO_WIDTH bound to: 2 - type: integer 
	Parameter C_MAX_CTRL_FANOUT bound to: 33 - type: integer 
	Parameter C_FIFO_DEPTH_LOG bound to: 2 - type: integer 
	Parameter C_USE_FULL bound to: 1 - type: integer 
	Parameter P_FIFO_DEPTH_LOG bound to: 2 - type: integer 
	Parameter P_EMPTY bound to: 2'b11 
	Parameter P_ALMOSTEMPTY bound to: 2'b00 
	Parameter P_ALMOSTFULL_TEMP bound to: 3'b110 
	Parameter P_ALMOSTFULL bound to: 2'b10 
	Parameter P_NUM_REPS bound to: 1 - type: integer 
	Parameter ZERO bound to: 2'b10 
	Parameter ONE bound to: 2'b11 
	Parameter TWO bound to: 2'b01 
INFO: [Synth 8-6157] synthesizing module 'axi_data_fifo_v2_1_19_ndeep_srl__parameterized0' [c:/Users/HP/OneDrive/桌面/stu/计组/组成与结构实验5/cache实验基础代码/cache_lab_v0.05/soc_axi_lite_loongson/rtl/xilinx_ip/axi_crossbar_1x2/hdl/axi_data_fifo_v2_1_vl_rfs.v:1135]
	Parameter C_FAMILY bound to: artix7 - type: string 
	Parameter C_A_WIDTH bound to: 2 - type: integer 
	Parameter P_SRLASIZE bound to: 5 - type: integer 
	Parameter P_SRLDEPTH bound to: 32 - type: integer 
	Parameter P_NUMSRLS bound to: 1 - type: integer 
	Parameter P_SHIFT_DEPTH bound to: 4 - type: integer 
INFO: [Synth 8-6155] done synthesizing module 'axi_data_fifo_v2_1_19_ndeep_srl__parameterized0' (10#1) [c:/Users/HP/OneDrive/桌面/stu/计组/组成与结构实验5/cache实验基础代码/cache_lab_v0.05/soc_axi_lite_loongson/rtl/xilinx_ip/axi_crossbar_1x2/hdl/axi_data_fifo_v2_1_vl_rfs.v:1135]
INFO: [Synth 8-155] case statement is not full and has no default [c:/Users/HP/OneDrive/桌面/stu/计组/组成与结构实验5/cache实验基础代码/cache_lab_v0.05/soc_axi_lite_loongson/rtl/xilinx_ip/axi_crossbar_1x2/hdl/axi_data_fifo_v2_1_vl_rfs.v:986]
INFO: [Synth 8-6155] done synthesizing module 'axi_data_fifo_v2_1_19_axic_reg_srl_fifo' (11#1) [c:/Users/HP/OneDrive/桌面/stu/计组/组成与结构实验5/cache实验基础代码/cache_lab_v0.05/soc_axi_lite_loongson/rtl/xilinx_ip/axi_crossbar_1x2/hdl/axi_data_fifo_v2_1_vl_rfs.v:889]
INFO: [Synth 8-6155] done synthesizing module 'axi_crossbar_v2_1_21_wdata_router' (12#1) [c:/Users/HP/OneDrive/桌面/stu/计组/组成与结构实验5/cache实验基础代码/cache_lab_v0.05/soc_axi_lite_loongson/rtl/xilinx_ip/axi_crossbar_1x2/hdl/axi_crossbar_v2_1_vl_rfs.v:4736]
INFO: [Synth 8-6157] synthesizing module 'axi_data_fifo_v2_1_19_axic_srl_fifo__parameterized0' [c:/Users/HP/OneDrive/桌面/stu/计组/组成与结构实验5/cache实验基础代码/cache_lab_v0.05/soc_axi_lite_loongson/rtl/xilinx_ip/axi_crossbar_1x2/hdl/axi_data_fifo_v2_1_vl_rfs.v:698]
	Parameter C_FAMILY bound to: artix7 - type: string 
	Parameter C_FIFO_WIDTH bound to: 8 - type: integer 
	Parameter C_MAX_CTRL_FANOUT bound to: 33 - type: integer 
	Parameter C_FIFO_DEPTH_LOG bound to: 2 - type: integer 
	Parameter C_USE_FULL bound to: 0 - type: integer 
	Parameter P_FIFO_DEPTH_LOG bound to: 2 - type: integer 
	Parameter P_EMPTY bound to: 2'b11 
	Parameter P_ALMOSTEMPTY bound to: 2'b00 
	Parameter P_ALMOSTFULL_TEMP bound to: 3'b110 
	Parameter P_ALMOSTFULL bound to: 2'b10 
	Parameter P_NUM_REPS bound to: 1 - type: integer 
WARNING: [Synth 8-6014] Unused sequential element areset_d1_reg was removed.  [c:/Users/HP/OneDrive/桌面/stu/计组/组成与结构实验5/cache实验基础代码/cache_lab_v0.05/soc_axi_lite_loongson/rtl/xilinx_ip/axi_crossbar_1x2/hdl/axi_data_fifo_v2_1_vl_rfs.v:750]
WARNING: [Synth 8-6014] Unused sequential element S_READY_i_reg was removed.  [c:/Users/HP/OneDrive/桌面/stu/计组/组成与结构实验5/cache实验基础代码/cache_lab_v0.05/soc_axi_lite_loongson/rtl/xilinx_ip/axi_crossbar_1x2/hdl/axi_data_fifo_v2_1_vl_rfs.v:789]
INFO: [Synth 8-6155] done synthesizing module 'axi_data_fifo_v2_1_19_axic_srl_fifo__parameterized0' (12#1) [c:/Users/HP/OneDrive/桌面/stu/计组/组成与结构实验5/cache实验基础代码/cache_lab_v0.05/soc_axi_lite_loongson/rtl/xilinx_ip/axi_crossbar_1x2/hdl/axi_data_fifo_v2_1_vl_rfs.v:698]
INFO: [Synth 8-6157] synthesizing module 'axi_crossbar_v2_1_21_wdata_mux' [c:/Users/HP/OneDrive/桌面/stu/计组/组成与结构实验5/cache实验基础代码/cache_lab_v0.05/soc_axi_lite_loongson/rtl/xilinx_ip/axi_crossbar_1x2/hdl/axi_crossbar_v2_1_vl_rfs.v:4561]
	Parameter C_FAMILY bound to: artix7 - type: string 
	Parameter C_WMESG_WIDTH bound to: 41 - type: integer 
	Parameter C_NUM_SLAVE_SLOTS bound to: 1 - type: integer 
	Parameter C_SELECT_WIDTH bound to: 1 - type: integer 
	Parameter C_FIFO_DEPTH_LOG bound to: 2 - type: integer 
	Parameter P_FIFO_DEPTH_LOG bound to: 2 - type: integer 
INFO: [Synth 8-6155] done synthesizing module 'axi_crossbar_v2_1_21_wdata_mux' (13#1) [c:/Users/HP/OneDrive/桌面/stu/计组/组成与结构实验5/cache实验基础代码/cache_lab_v0.05/soc_axi_lite_loongson/rtl/xilinx_ip/axi_crossbar_1x2/hdl/axi_crossbar_v2_1_vl_rfs.v:4561]
INFO: [Synth 8-6157] synthesizing module 'axi_register_slice_v2_1_20_axi_register_slice' [c:/Users/HP/OneDrive/桌面/stu/计组/组成与结构实验5/cache实验基础代码/cache_lab_v0.05/soc_axi_lite_loongson/rtl/xilinx_ip/axi_crossbar_1x2/hdl/axi_register_slice_v2_1_vl_rfs.v:3704]
	Parameter C_FAMILY bound to: artix7 - type: string 
	Parameter C_AXI_PROTOCOL bound to: 1 - type: integer 
	Parameter C_AXI_ID_WIDTH bound to: 4 - type: integer 
	Parameter C_AXI_ADDR_WIDTH bound to: 1 - type: integer 
	Parameter C_AXI_DATA_WIDTH bound to: 32 - type: integer 
	Parameter C_AXI_SUPPORTS_USER_SIGNALS bound to: 0 - type: integer 
	Parameter C_AXI_AWUSER_WIDTH bound to: 1 - type: integer 
	Parameter C_AXI_ARUSER_WIDTH bound to: 1 - type: integer 
	Parameter C_AXI_WUSER_WIDTH bound to: 1 - type: integer 
	Parameter C_AXI_RUSER_WIDTH bound to: 1 - type: integer 
	Parameter C_AXI_BUSER_WIDTH bound to: 1 - type: integer 
	Parameter C_REG_CONFIG_AW bound to: 0 - type: integer 
	Parameter C_REG_CONFIG_W bound to: 0 - type: integer 
	Parameter C_REG_CONFIG_B bound to: 7 - type: integer 
	Parameter C_REG_CONFIG_AR bound to: 0 - type: integer 
	Parameter C_REG_CONFIG_R bound to: 1 - type: integer 
	Parameter C_RESERVE_MODE bound to: 0 - type: integer 
	Parameter C_NUM_SLR_CROSSINGS bound to: 0 - type: integer 
	Parameter C_PIPELINES_MASTER_AW bound to: 0 - type: integer 
	Parameter C_PIPELINES_MASTER_W bound to: 0 - type: integer 
	Parameter C_PIPELINES_MASTER_B bound to: 0 - type: integer 
	Parameter C_PIPELINES_MASTER_AR bound to: 0 - type: integer 
	Parameter C_PIPELINES_MASTER_R bound to: 0 - type: integer 
	Parameter C_PIPELINES_SLAVE_AW bound to: 0 - type: integer 
	Parameter C_PIPELINES_SLAVE_W bound to: 0 - type: integer 
	Parameter C_PIPELINES_SLAVE_B bound to: 0 - type: integer 
	Parameter C_PIPELINES_SLAVE_AR bound to: 0 - type: integer 
	Parameter C_PIPELINES_SLAVE_R bound to: 0 - type: integer 
	Parameter C_PIPELINES_MIDDLE_AW bound to: 0 - type: integer 
	Parameter C_PIPELINES_MIDDLE_W bound to: 0 - type: integer 
	Parameter C_PIPELINES_MIDDLE_B bound to: 0 - type: integer 
	Parameter C_PIPELINES_MIDDLE_AR bound to: 0 - type: integer 
	Parameter C_PIPELINES_MIDDLE_R bound to: 0 - type: integer 
	Parameter C_AXI_SUPPORTS_REGION_SIGNALS bound to: 0 - type: integer 
	Parameter P_FORWARD bound to: 0 - type: integer 
	Parameter P_RESPONSE bound to: 1 - type: integer 
	Parameter G_AXI_AWADDR_INDEX bound to: 0 - type: integer 
	Parameter G_AXI_AWADDR_WIDTH bound to: 1 - type: integer 
	Parameter G_AXI_AWPROT_INDEX bound to: 1 - type: integer 
	Parameter G_AXI_AWPROT_WIDTH bound to: 3 - type: integer 
	Parameter G_AXI_AWSIZE_INDEX bound to: 4 - type: integer 
	Parameter G_AXI_AWSIZE_WIDTH bound to: 3 - type: integer 
	Parameter G_AXI_AWBURST_INDEX bound to: 7 - type: integer 
	Parameter G_AXI_AWBURST_WIDTH bound to: 2 - type: integer 
	Parameter G_AXI_AWCACHE_INDEX bound to: 9 - type: integer 
	Parameter G_AXI_AWCACHE_WIDTH bound to: 4 - type: integer 
	Parameter G_AXI_AWLEN_INDEX bound to: 13 - type: integer 
	Parameter G_AXI_AWLEN_WIDTH bound to: 4 - type: integer 
	Parameter G_AXI_AWLOCK_INDEX bound to: 17 - type: integer 
	Parameter G_AXI_AWLOCK_WIDTH bound to: 2 - type: integer 
	Parameter G_AXI_AWID_INDEX bound to: 19 - type: integer 
	Parameter G_AXI_AWID_WIDTH bound to: 4 - type: integer 
	Parameter G_AXI_AWQOS_INDEX bound to: 23 - type: integer 
	Parameter G_AXI_AWQOS_WIDTH bound to: 4 - type: integer 
	Parameter G_AXI_AWREGION_INDEX bound to: 27 - type: integer 
	Parameter G_AXI_AWREGION_WIDTH bound to: 0 - type: integer 
	Parameter G_AXI_AWUSER_INDEX bound to: 27 - type: integer 
	Parameter G_AXI_AWUSER_WIDTH bound to: 0 - type: integer 
	Parameter G_AXI_AWPAYLOAD_WIDTH bound to: 27 - type: integer 
	Parameter G_AXI_ARADDR_INDEX bound to: 0 - type: integer 
	Parameter G_AXI_ARADDR_WIDTH bound to: 1 - type: integer 
	Parameter G_AXI_ARPROT_INDEX bound to: 1 - type: integer 
	Parameter G_AXI_ARPROT_WIDTH bound to: 3 - type: integer 
	Parameter G_AXI_ARSIZE_INDEX bound to: 4 - type: integer 
	Parameter G_AXI_ARSIZE_WIDTH bound to: 3 - type: integer 
	Parameter G_AXI_ARBURST_INDEX bound to: 7 - type: integer 
	Parameter G_AXI_ARBURST_WIDTH bound to: 2 - type: integer 
	Parameter G_AXI_ARCACHE_INDEX bound to: 9 - type: integer 
	Parameter G_AXI_ARCACHE_WIDTH bound to: 4 - type: integer 
	Parameter G_AXI_ARLEN_INDEX bound to: 13 - type: integer 
	Parameter G_AXI_ARLEN_WIDTH bound to: 4 - type: integer 
	Parameter G_AXI_ARLOCK_INDEX bound to: 17 - type: integer 
	Parameter G_AXI_ARLOCK_WIDTH bound to: 2 - type: integer 
	Parameter G_AXI_ARID_INDEX bound to: 19 - type: integer 
	Parameter G_AXI_ARID_WIDTH bound to: 4 - type: integer 
	Parameter G_AXI_ARQOS_INDEX bound to: 23 - type: integer 
	Parameter G_AXI_ARQOS_WIDTH bound to: 4 - type: integer 
	Parameter G_AXI_ARREGION_INDEX bound to: 27 - type: integer 
	Parameter G_AXI_ARREGION_WIDTH bound to: 0 - type: integer 
	Parameter G_AXI_ARUSER_INDEX bound to: 27 - type: integer 
	Parameter G_AXI_ARUSER_WIDTH bound to: 0 - type: integer 
	Parameter G_AXI_ARPAYLOAD_WIDTH bound to: 27 - type: integer 
	Parameter G_AXI_WDATA_INDEX bound to: 0 - type: integer 
	Parameter G_AXI_WDATA_WIDTH bound to: 32 - type: integer 
	Parameter G_AXI_WSTRB_INDEX bound to: 32 - type: integer 
	Parameter G_AXI_WSTRB_WIDTH bound to: 4 - type: integer 
	Parameter G_AXI_WLAST_INDEX bound to: 36 - type: integer 
	Parameter G_AXI_WLAST_WIDTH bound to: 1 - type: integer 
	Parameter G_AXI_WID_INDEX bound to: 37 - type: integer 
	Parameter G_AXI_WID_WIDTH bound to: 4 - type: integer 
	Parameter G_AXI_WUSER_INDEX bound to: 41 - type: integer 
	Parameter G_AXI_WUSER_WIDTH bound to: 0 - type: integer 
	Parameter G_AXI_WPAYLOAD_WIDTH bound to: 41 - type: integer 
	Parameter G_AXI_BRESP_INDEX bound to: 0 - type: integer 
	Parameter G_AXI_BRESP_WIDTH bound to: 2 - type: integer 
	Parameter G_AXI_BID_INDEX bound to: 2 - type: integer 
	Parameter G_AXI_BID_WIDTH bound to: 4 - type: integer 
	Parameter G_AXI_BUSER_INDEX bound to: 6 - type: integer 
	Parameter G_AXI_BUSER_WIDTH bound to: 0 - type: integer 
	Parameter G_AXI_BPAYLOAD_WIDTH bound to: 6 - type: integer 
	Parameter G_AXI_RDATA_INDEX bound to: 0 - type: integer 
	Parameter G_AXI_RDATA_WIDTH bound to: 32 - type: integer 
	Parameter G_AXI_RRESP_INDEX bound to: 32 - type: integer 
	Parameter G_AXI_RRESP_WIDTH bound to: 2 - type: integer 
	Parameter G_AXI_RLAST_INDEX bound to: 34 - type: integer 
	Parameter G_AXI_RLAST_WIDTH bound to: 1 - type: integer 
	Parameter G_AXI_RID_INDEX bound to: 35 - type: integer 
	Parameter G_AXI_RID_WIDTH bound to: 4 - type: integer 
	Parameter G_AXI_RUSER_INDEX bound to: 39 - type: integer 
	Parameter G_AXI_RUSER_WIDTH bound to: 0 - type: integer 
	Parameter G_AXI_RPAYLOAD_WIDTH bound to: 39 - type: integer 
INFO: [Synth 8-6157] synthesizing module 'axi_infrastructure_v1_1_0_axi2vector' [c:/Users/HP/OneDrive/桌面/stu/计组/组成与结构实验5/cache实验基础代码/cache_lab_v0.05/soc_axi_lite_loongson/rtl/xilinx_ip/axi_crossbar_1x2/hdl/axi_infrastructure_v1_1_vl_rfs.v:60]
	Parameter C_AXI_PROTOCOL bound to: 1 - type: integer 
	Parameter C_AXI_ID_WIDTH bound to: 4 - type: integer 
	Parameter C_AXI_ADDR_WIDTH bound to: 1 - type: integer 
	Parameter C_AXI_DATA_WIDTH bound to: 32 - type: integer 
	Parameter C_AXI_SUPPORTS_USER_SIGNALS bound to: 0 - type: integer 
	Parameter C_AXI_SUPPORTS_REGION_SIGNALS bound to: 0 - type: integer 
	Parameter C_AXI_AWUSER_WIDTH bound to: 1 - type: integer 
	Parameter C_AXI_WUSER_WIDTH bound to: 1 - type: integer 
	Parameter C_AXI_BUSER_WIDTH bound to: 1 - type: integer 
	Parameter C_AXI_ARUSER_WIDTH bound to: 1 - type: integer 
	Parameter C_AXI_RUSER_WIDTH bound to: 1 - type: integer 
	Parameter C_AWPAYLOAD_WIDTH bound to: 27 - type: integer 
	Parameter C_WPAYLOAD_WIDTH bound to: 41 - type: integer 
	Parameter C_BPAYLOAD_WIDTH bound to: 6 - type: integer 
	Parameter C_ARPAYLOAD_WIDTH bound to: 27 - type: integer 
	Parameter C_RPAYLOAD_WIDTH bound to: 39 - type: integer 
	Parameter G_AXI_AWADDR_INDEX bound to: 0 - type: integer 
	Parameter G_AXI_AWADDR_WIDTH bound to: 1 - type: integer 
	Parameter G_AXI_AWPROT_INDEX bound to: 1 - type: integer 
	Parameter G_AXI_AWPROT_WIDTH bound to: 3 - type: integer 
	Parameter G_AXI_AWSIZE_INDEX bound to: 4 - type: integer 
	Parameter G_AXI_AWSIZE_WIDTH bound to: 3 - type: integer 
	Parameter G_AXI_AWBURST_INDEX bound to: 7 - type: integer 
	Parameter G_AXI_AWBURST_WIDTH bound to: 2 - type: integer 
	Parameter G_AXI_AWCACHE_INDEX bound to: 9 - type: integer 
	Parameter G_AXI_AWCACHE_WIDTH bound to: 4 - type: integer 
	Parameter G_AXI_AWLEN_INDEX bound to: 13 - type: integer 
	Parameter G_AXI_AWLEN_WIDTH bound to: 4 - type: integer 
	Parameter G_AXI_AWLOCK_INDEX bound to: 17 - type: integer 
	Parameter G_AXI_AWLOCK_WIDTH bound to: 2 - type: integer 
	Parameter G_AXI_AWID_INDEX bound to: 19 - type: integer 
	Parameter G_AXI_AWID_WIDTH bound to: 4 - type: integer 
	Parameter G_AXI_AWQOS_INDEX bound to: 23 - type: integer 
	Parameter G_AXI_AWQOS_WIDTH bound to: 4 - type: integer 
	Parameter G_AXI_AWREGION_INDEX bound to: 27 - type: integer 
	Parameter G_AXI_AWREGION_WIDTH bound to: 0 - type: integer 
	Parameter G_AXI_AWUSER_INDEX bound to: 27 - type: integer 
	Parameter G_AXI_AWUSER_WIDTH bound to: 0 - type: integer 
	Parameter G_AXI_AWPAYLOAD_WIDTH bound to: 27 - type: integer 
	Parameter G_AXI_ARADDR_INDEX bound to: 0 - type: integer 
	Parameter G_AXI_ARADDR_WIDTH bound to: 1 - type: integer 
	Parameter G_AXI_ARPROT_INDEX bound to: 1 - type: integer 
	Parameter G_AXI_ARPROT_WIDTH bound to: 3 - type: integer 
	Parameter G_AXI_ARSIZE_INDEX bound to: 4 - type: integer 
	Parameter G_AXI_ARSIZE_WIDTH bound to: 3 - type: integer 
	Parameter G_AXI_ARBURST_INDEX bound to: 7 - type: integer 
	Parameter G_AXI_ARBURST_WIDTH bound to: 2 - type: integer 
	Parameter G_AXI_ARCACHE_INDEX bound to: 9 - type: integer 
	Parameter G_AXI_ARCACHE_WIDTH bound to: 4 - type: integer 
	Parameter G_AXI_ARLEN_INDEX bound to: 13 - type: integer 
	Parameter G_AXI_ARLEN_WIDTH bound to: 4 - type: integer 
	Parameter G_AXI_ARLOCK_INDEX bound to: 17 - type: integer 
	Parameter G_AXI_ARLOCK_WIDTH bound to: 2 - type: integer 
	Parameter G_AXI_ARID_INDEX bound to: 19 - type: integer 
	Parameter G_AXI_ARID_WIDTH bound to: 4 - type: integer 
	Parameter G_AXI_ARQOS_INDEX bound to: 23 - type: integer 
	Parameter G_AXI_ARQOS_WIDTH bound to: 4 - type: integer 
	Parameter G_AXI_ARREGION_INDEX bound to: 27 - type: integer 
	Parameter G_AXI_ARREGION_WIDTH bound to: 0 - type: integer 
	Parameter G_AXI_ARUSER_INDEX bound to: 27 - type: integer 
	Parameter G_AXI_ARUSER_WIDTH bound to: 0 - type: integer 
	Parameter G_AXI_ARPAYLOAD_WIDTH bound to: 27 - type: integer 
	Parameter G_AXI_WDATA_INDEX bound to: 0 - type: integer 
	Parameter G_AXI_WDATA_WIDTH bound to: 32 - type: integer 
	Parameter G_AXI_WSTRB_INDEX bound to: 32 - type: integer 
	Parameter G_AXI_WSTRB_WIDTH bound to: 4 - type: integer 
	Parameter G_AXI_WLAST_INDEX bound to: 36 - type: integer 
	Parameter G_AXI_WLAST_WIDTH bound to: 1 - type: integer 
	Parameter G_AXI_WID_INDEX bound to: 37 - type: integer 
	Parameter G_AXI_WID_WIDTH bound to: 4 - type: integer 
	Parameter G_AXI_WUSER_INDEX bound to: 41 - type: integer 
	Parameter G_AXI_WUSER_WIDTH bound to: 0 - type: integer 
	Parameter G_AXI_WPAYLOAD_WIDTH bound to: 41 - type: integer 
	Parameter G_AXI_BRESP_INDEX bound to: 0 - type: integer 
	Parameter G_AXI_BRESP_WIDTH bound to: 2 - type: integer 
	Parameter G_AXI_BID_INDEX bound to: 2 - type: integer 
	Parameter G_AXI_BID_WIDTH bound to: 4 - type: integer 
	Parameter G_AXI_BUSER_INDEX bound to: 6 - type: integer 
	Parameter G_AXI_BUSER_WIDTH bound to: 0 - type: integer 
	Parameter G_AXI_BPAYLOAD_WIDTH bound to: 6 - type: integer 
	Parameter G_AXI_RDATA_INDEX bound to: 0 - type: integer 
	Parameter G_AXI_RDATA_WIDTH bound to: 32 - type: integer 
	Parameter G_AXI_RRESP_INDEX bound to: 32 - type: integer 
	Parameter G_AXI_RRESP_WIDTH bound to: 2 - type: integer 
	Parameter G_AXI_RLAST_INDEX bound to: 34 - type: integer 
	Parameter G_AXI_RLAST_WIDTH bound to: 1 - type: integer 
	Parameter G_AXI_RID_INDEX bound to: 35 - type: integer 
	Parameter G_AXI_RID_WIDTH bound to: 4 - type: integer 
	Parameter G_AXI_RUSER_INDEX bound to: 39 - type: integer 
	Parameter G_AXI_RUSER_WIDTH bound to: 0 - type: integer 
	Parameter G_AXI_RPAYLOAD_WIDTH bound to: 39 - type: integer 
INFO: [Synth 8-6155] done synthesizing module 'axi_infrastructure_v1_1_0_axi2vector' (14#1) [c:/Users/HP/OneDrive/桌面/stu/计组/组成与结构实验5/cache实验基础代码/cache_lab_v0.05/soc_axi_lite_loongson/rtl/xilinx_ip/axi_crossbar_1x2/hdl/axi_infrastructure_v1_1_vl_rfs.v:60]
INFO: [Synth 8-6157] synthesizing module 'axi_infrastructure_v1_1_0_vector2axi' [c:/Users/HP/OneDrive/桌面/stu/计组/组成与结构实验5/cache实验基础代码/cache_lab_v0.05/soc_axi_lite_loongson/rtl/xilinx_ip/axi_crossbar_1x2/hdl/axi_infrastructure_v1_1_vl_rfs.v:474]
	Parameter C_AXI_PROTOCOL bound to: 1 - type: integer 
	Parameter C_AXI_ID_WIDTH bound to: 4 - type: integer 
	Parameter C_AXI_ADDR_WIDTH bound to: 1 - type: integer 
	Parameter C_AXI_DATA_WIDTH bound to: 32 - type: integer 
	Parameter C_AXI_SUPPORTS_USER_SIGNALS bound to: 0 - type: integer 
	Parameter C_AXI_SUPPORTS_REGION_SIGNALS bound to: 0 - type: integer 
	Parameter C_AXI_AWUSER_WIDTH bound to: 1 - type: integer 
	Parameter C_AXI_WUSER_WIDTH bound to: 1 - type: integer 
	Parameter C_AXI_BUSER_WIDTH bound to: 1 - type: integer 
	Parameter C_AXI_ARUSER_WIDTH bound to: 1 - type: integer 
	Parameter C_AXI_RUSER_WIDTH bound to: 1 - type: integer 
	Parameter C_AWPAYLOAD_WIDTH bound to: 27 - type: integer 
	Parameter C_WPAYLOAD_WIDTH bound to: 41 - type: integer 
	Parameter C_BPAYLOAD_WIDTH bound to: 6 - type: integer 
	Parameter C_ARPAYLOAD_WIDTH bound to: 27 - type: integer 
	Parameter C_RPAYLOAD_WIDTH bound to: 39 - type: integer 
	Parameter G_AXI_AWADDR_INDEX bound to: 0 - type: integer 
	Parameter G_AXI_AWADDR_WIDTH bound to: 1 - type: integer 
	Parameter G_AXI_AWPROT_INDEX bound to: 1 - type: integer 
	Parameter G_AXI_AWPROT_WIDTH bound to: 3 - type: integer 
	Parameter G_AXI_AWSIZE_INDEX bound to: 4 - type: integer 
	Parameter G_AXI_AWSIZE_WIDTH bound to: 3 - type: integer 
	Parameter G_AXI_AWBURST_INDEX bound to: 7 - type: integer 
	Parameter G_AXI_AWBURST_WIDTH bound to: 2 - type: integer 
	Parameter G_AXI_AWCACHE_INDEX bound to: 9 - type: integer 
	Parameter G_AXI_AWCACHE_WIDTH bound to: 4 - type: integer 
	Parameter G_AXI_AWLEN_INDEX bound to: 13 - type: integer 
	Parameter G_AXI_AWLEN_WIDTH bound to: 4 - type: integer 
	Parameter G_AXI_AWLOCK_INDEX bound to: 17 - type: integer 
	Parameter G_AXI_AWLOCK_WIDTH bound to: 2 - type: integer 
	Parameter G_AXI_AWID_INDEX bound to: 19 - type: integer 
	Parameter G_AXI_AWID_WIDTH bound to: 4 - type: integer 
	Parameter G_AXI_AWQOS_INDEX bound to: 23 - type: integer 
	Parameter G_AXI_AWQOS_WIDTH bound to: 4 - type: integer 
	Parameter G_AXI_AWREGION_INDEX bound to: 27 - type: integer 
	Parameter G_AXI_AWREGION_WIDTH bound to: 0 - type: integer 
	Parameter G_AXI_AWUSER_INDEX bound to: 27 - type: integer 
	Parameter G_AXI_AWUSER_WIDTH bound to: 0 - type: integer 
	Parameter G_AXI_AWPAYLOAD_WIDTH bound to: 27 - type: integer 
	Parameter G_AXI_ARADDR_INDEX bound to: 0 - type: integer 
	Parameter G_AXI_ARADDR_WIDTH bound to: 1 - type: integer 
	Parameter G_AXI_ARPROT_INDEX bound to: 1 - type: integer 
	Parameter G_AXI_ARPROT_WIDTH bound to: 3 - type: integer 
	Parameter G_AXI_ARSIZE_INDEX bound to: 4 - type: integer 
	Parameter G_AXI_ARSIZE_WIDTH bound to: 3 - type: integer 
	Parameter G_AXI_ARBURST_INDEX bound to: 7 - type: integer 
	Parameter G_AXI_ARBURST_WIDTH bound to: 2 - type: integer 
	Parameter G_AXI_ARCACHE_INDEX bound to: 9 - type: integer 
	Parameter G_AXI_ARCACHE_WIDTH bound to: 4 - type: integer 
	Parameter G_AXI_ARLEN_INDEX bound to: 13 - type: integer 
	Parameter G_AXI_ARLEN_WIDTH bound to: 4 - type: integer 
	Parameter G_AXI_ARLOCK_INDEX bound to: 17 - type: integer 
	Parameter G_AXI_ARLOCK_WIDTH bound to: 2 - type: integer 
	Parameter G_AXI_ARID_INDEX bound to: 19 - type: integer 
	Parameter G_AXI_ARID_WIDTH bound to: 4 - type: integer 
	Parameter G_AXI_ARQOS_INDEX bound to: 23 - type: integer 
	Parameter G_AXI_ARQOS_WIDTH bound to: 4 - type: integer 
	Parameter G_AXI_ARREGION_INDEX bound to: 27 - type: integer 
	Parameter G_AXI_ARREGION_WIDTH bound to: 0 - type: integer 
	Parameter G_AXI_ARUSER_INDEX bound to: 27 - type: integer 
	Parameter G_AXI_ARUSER_WIDTH bound to: 0 - type: integer 
	Parameter G_AXI_ARPAYLOAD_WIDTH bound to: 27 - type: integer 
	Parameter G_AXI_WDATA_INDEX bound to: 0 - type: integer 
	Parameter G_AXI_WDATA_WIDTH bound to: 32 - type: integer 
	Parameter G_AXI_WSTRB_INDEX bound to: 32 - type: integer 
	Parameter G_AXI_WSTRB_WIDTH bound to: 4 - type: integer 
	Parameter G_AXI_WLAST_INDEX bound to: 36 - type: integer 
	Parameter G_AXI_WLAST_WIDTH bound to: 1 - type: integer 
	Parameter G_AXI_WID_INDEX bound to: 37 - type: integer 
	Parameter G_AXI_WID_WIDTH bound to: 4 - type: integer 
	Parameter G_AXI_WUSER_INDEX bound to: 41 - type: integer 
	Parameter G_AXI_WUSER_WIDTH bound to: 0 - type: integer 
	Parameter G_AXI_WPAYLOAD_WIDTH bound to: 41 - type: integer 
	Parameter G_AXI_BRESP_INDEX bound to: 0 - type: integer 
	Parameter G_AXI_BRESP_WIDTH bound to: 2 - type: integer 
	Parameter G_AXI_BID_INDEX bound to: 2 - type: integer 
	Parameter G_AXI_BID_WIDTH bound to: 4 - type: integer 
	Parameter G_AXI_BUSER_INDEX bound to: 6 - type: integer 
	Parameter G_AXI_BUSER_WIDTH bound to: 0 - type: integer 
	Parameter G_AXI_BPAYLOAD_WIDTH bound to: 6 - type: integer 
	Parameter G_AXI_RDATA_INDEX bound to: 0 - type: integer 
	Parameter G_AXI_RDATA_WIDTH bound to: 32 - type: integer 
	Parameter G_AXI_RRESP_INDEX bound to: 32 - type: integer 
	Parameter G_AXI_RRESP_WIDTH bound to: 2 - type: integer 
	Parameter G_AXI_RLAST_INDEX bound to: 34 - type: integer 
	Parameter G_AXI_RLAST_WIDTH bound to: 1 - type: integer 
	Parameter G_AXI_RID_INDEX bound to: 35 - type: integer 
	Parameter G_AXI_RID_WIDTH bound to: 4 - type: integer 
	Parameter G_AXI_RUSER_INDEX bound to: 39 - type: integer 
	Parameter G_AXI_RUSER_WIDTH bound to: 0 - type: integer 
	Parameter G_AXI_RPAYLOAD_WIDTH bound to: 39 - type: integer 
INFO: [Synth 8-6155] done synthesizing module 'axi_infrastructure_v1_1_0_vector2axi' (15#1) [c:/Users/HP/OneDrive/桌面/stu/计组/组成与结构实验5/cache实验基础代码/cache_lab_v0.05/soc_axi_lite_loongson/rtl/xilinx_ip/axi_crossbar_1x2/hdl/axi_infrastructure_v1_1_vl_rfs.v:474]
INFO: [Synth 8-6157] synthesizing module 'axi_register_slice_v2_1_20_axic_register_slice' [c:/Users/HP/OneDrive/桌面/stu/计组/组成与结构实验5/cache实验基础代码/cache_lab_v0.05/soc_axi_lite_loongson/rtl/xilinx_ip/axi_crossbar_1x2/hdl/axi_register_slice_v2_1_vl_rfs.v:1476]
	Parameter C_FAMILY bound to: artix7 - type: string 
	Parameter C_DATA_WIDTH bound to: 27 - type: integer 
	Parameter C_REG_CONFIG bound to: 0 - type: integer 
INFO: [Synth 8-6155] done synthesizing module 'axi_register_slice_v2_1_20_axic_register_slice' (16#1) [c:/Users/HP/OneDrive/桌面/stu/计组/组成与结构实验5/cache实验基础代码/cache_lab_v0.05/soc_axi_lite_loongson/rtl/xilinx_ip/axi_crossbar_1x2/hdl/axi_register_slice_v2_1_vl_rfs.v:1476]
INFO: [Synth 8-6157] synthesizing module 'axi_register_slice_v2_1_20_axic_register_slice__parameterized0' [c:/Users/HP/OneDrive/桌面/stu/计组/组成与结构实验5/cache实验基础代码/cache_lab_v0.05/soc_axi_lite_loongson/rtl/xilinx_ip/axi_crossbar_1x2/hdl/axi_register_slice_v2_1_vl_rfs.v:1476]
	Parameter C_FAMILY bound to: artix7 - type: string 
	Parameter C_DATA_WIDTH bound to: 41 - type: integer 
	Parameter C_REG_CONFIG bound to: 0 - type: integer 
INFO: [Synth 8-6155] done synthesizing module 'axi_register_slice_v2_1_20_axic_register_slice__parameterized0' (16#1) [c:/Users/HP/OneDrive/桌面/stu/计组/组成与结构实验5/cache实验基础代码/cache_lab_v0.05/soc_axi_lite_loongson/rtl/xilinx_ip/axi_crossbar_1x2/hdl/axi_register_slice_v2_1_vl_rfs.v:1476]
INFO: [Synth 8-6157] synthesizing module 'axi_register_slice_v2_1_20_axic_register_slice__parameterized1' [c:/Users/HP/OneDrive/桌面/stu/计组/组成与结构实验5/cache实验基础代码/cache_lab_v0.05/soc_axi_lite_loongson/rtl/xilinx_ip/axi_crossbar_1x2/hdl/axi_register_slice_v2_1_vl_rfs.v:1476]
	Parameter C_FAMILY bound to: artix7 - type: string 
	Parameter C_DATA_WIDTH bound to: 6 - type: integer 
	Parameter C_REG_CONFIG bound to: 7 - type: integer 
INFO: [Synth 8-6155] done synthesizing module 'axi_register_slice_v2_1_20_axic_register_slice__parameterized1' (16#1) [c:/Users/HP/OneDrive/桌面/stu/计组/组成与结构实验5/cache实验基础代码/cache_lab_v0.05/soc_axi_lite_loongson/rtl/xilinx_ip/axi_crossbar_1x2/hdl/axi_register_slice_v2_1_vl_rfs.v:1476]
INFO: [Synth 8-6157] synthesizing module 'axi_register_slice_v2_1_20_axic_register_slice__parameterized2' [c:/Users/HP/OneDrive/桌面/stu/计组/组成与结构实验5/cache实验基础代码/cache_lab_v0.05/soc_axi_lite_loongson/rtl/xilinx_ip/axi_crossbar_1x2/hdl/axi_register_slice_v2_1_vl_rfs.v:1476]
	Parameter C_FAMILY bound to: artix7 - type: string 
	Parameter C_DATA_WIDTH bound to: 39 - type: integer 
	Parameter C_REG_CONFIG bound to: 1 - type: integer 
INFO: [Synth 8-6155] done synthesizing module 'axi_register_slice_v2_1_20_axic_register_slice__parameterized2' (16#1) [c:/Users/HP/OneDrive/桌面/stu/计组/组成与结构实验5/cache实验基础代码/cache_lab_v0.05/soc_axi_lite_loongson/rtl/xilinx_ip/axi_crossbar_1x2/hdl/axi_register_slice_v2_1_vl_rfs.v:1476]
INFO: [Synth 8-6155] done synthesizing module 'axi_register_slice_v2_1_20_axi_register_slice' (17#1) [c:/Users/HP/OneDrive/桌面/stu/计组/组成与结构实验5/cache实验基础代码/cache_lab_v0.05/soc_axi_lite_loongson/rtl/xilinx_ip/axi_crossbar_1x2/hdl/axi_register_slice_v2_1_vl_rfs.v:3704]
WARNING: [Synth 8-7023] instance 'reg_slice_mi' of module 'axi_register_slice_v2_1_20_axi_register_slice' has 93 connections declared, but only 92 given [c:/Users/HP/OneDrive/桌面/stu/计组/组成与结构实验5/cache实验基础代码/cache_lab_v0.05/soc_axi_lite_loongson/rtl/xilinx_ip/axi_crossbar_1x2/hdl/axi_crossbar_v2_1_vl_rfs.v:3122]
WARNING: [Synth 8-7023] instance 'reg_slice_mi' of module 'axi_register_slice_v2_1_20_axi_register_slice' has 93 connections declared, but only 92 given [c:/Users/HP/OneDrive/桌面/stu/计组/组成与结构实验5/cache实验基础代码/cache_lab_v0.05/soc_axi_lite_loongson/rtl/xilinx_ip/axi_crossbar_1x2/hdl/axi_crossbar_v2_1_vl_rfs.v:3122]
INFO: [Synth 8-6157] synthesizing module 'axi_data_fifo_v2_1_19_axic_srl_fifo__parameterized1' [c:/Users/HP/OneDrive/桌面/stu/计组/组成与结构实验5/cache实验基础代码/cache_lab_v0.05/soc_axi_lite_loongson/rtl/xilinx_ip/axi_crossbar_1x2/hdl/axi_data_fifo_v2_1_vl_rfs.v:698]
	Parameter C_FAMILY bound to: artix7 - type: string 
	Parameter C_FIFO_WIDTH bound to: 8 - type: integer 
	Parameter C_MAX_CTRL_FANOUT bound to: 33 - type: integer 
	Parameter C_FIFO_DEPTH_LOG bound to: 0 - type: integer 
	Parameter C_USE_FULL bound to: 0 - type: integer 
	Parameter P_FIFO_DEPTH_LOG bound to: 2 - type: integer 
	Parameter P_EMPTY bound to: 2'b11 
	Parameter P_ALMOSTEMPTY bound to: 2'b00 
	Parameter P_ALMOSTFULL_TEMP bound to: 3'b110 
	Parameter P_ALMOSTFULL bound to: 2'b10 
	Parameter P_NUM_REPS bound to: 1 - type: integer 
WARNING: [Synth 8-6014] Unused sequential element areset_d1_reg was removed.  [c:/Users/HP/OneDrive/桌面/stu/计组/组成与结构实验5/cache实验基础代码/cache_lab_v0.05/soc_axi_lite_loongson/rtl/xilinx_ip/axi_crossbar_1x2/hdl/axi_data_fifo_v2_1_vl_rfs.v:750]
WARNING: [Synth 8-6014] Unused sequential element S_READY_i_reg was removed.  [c:/Users/HP/OneDrive/桌面/stu/计组/组成与结构实验5/cache实验基础代码/cache_lab_v0.05/soc_axi_lite_loongson/rtl/xilinx_ip/axi_crossbar_1x2/hdl/axi_data_fifo_v2_1_vl_rfs.v:789]
INFO: [Synth 8-6155] done synthesizing module 'axi_data_fifo_v2_1_19_axic_srl_fifo__parameterized1' (17#1) [c:/Users/HP/OneDrive/桌面/stu/计组/组成与结构实验5/cache实验基础代码/cache_lab_v0.05/soc_axi_lite_loongson/rtl/xilinx_ip/axi_crossbar_1x2/hdl/axi_data_fifo_v2_1_vl_rfs.v:698]
INFO: [Synth 8-6157] synthesizing module 'axi_crossbar_v2_1_21_wdata_mux__parameterized0' [c:/Users/HP/OneDrive/桌面/stu/计组/组成与结构实验5/cache实验基础代码/cache_lab_v0.05/soc_axi_lite_loongson/rtl/xilinx_ip/axi_crossbar_1x2/hdl/axi_crossbar_v2_1_vl_rfs.v:4561]
	Parameter C_FAMILY bound to: artix7 - type: string 
	Parameter C_WMESG_WIDTH bound to: 41 - type: integer 
	Parameter C_NUM_SLAVE_SLOTS bound to: 1 - type: integer 
	Parameter C_SELECT_WIDTH bound to: 1 - type: integer 
	Parameter C_FIFO_DEPTH_LOG bound to: 0 - type: integer 
	Parameter P_FIFO_DEPTH_LOG bound to: 0 - type: integer 
INFO: [Synth 8-6155] done synthesizing module 'axi_crossbar_v2_1_21_wdata_mux__parameterized0' (17#1) [c:/Users/HP/OneDrive/桌面/stu/计组/组成与结构实验5/cache实验基础代码/cache_lab_v0.05/soc_axi_lite_loongson/rtl/xilinx_ip/axi_crossbar_1x2/hdl/axi_crossbar_v2_1_vl_rfs.v:4561]
WARNING: [Synth 8-7023] instance 'reg_slice_mi' of module 'axi_register_slice_v2_1_20_axi_register_slice' has 93 connections declared, but only 92 given [c:/Users/HP/OneDrive/桌面/stu/计组/组成与结构实验5/cache实验基础代码/cache_lab_v0.05/soc_axi_lite_loongson/rtl/xilinx_ip/axi_crossbar_1x2/hdl/axi_crossbar_v2_1_vl_rfs.v:3122]
INFO: [Synth 8-6157] synthesizing module 'axi_crossbar_v2_1_21_decerr_slave' [c:/Users/HP/OneDrive/桌面/stu/计组/组成与结构实验5/cache实验基础代码/cache_lab_v0.05/soc_axi_lite_loongson/rtl/xilinx_ip/axi_crossbar_1x2/hdl/axi_crossbar_v2_1_vl_rfs.v:3501]
	Parameter C_AXI_ID_WIDTH bound to: 4 - type: integer 
	Parameter C_AXI_DATA_WIDTH bound to: 32 - type: integer 
	Parameter C_AXI_BUSER_WIDTH bound to: 1 - type: integer 
	Parameter C_AXI_RUSER_WIDTH bound to: 1 - type: integer 
	Parameter C_AXI_PROTOCOL bound to: 1 - type: integer 
	Parameter C_RESP bound to: 3 - type: integer 
	Parameter P_WRITE_IDLE bound to: 2'b00 
	Parameter P_WRITE_DATA bound to: 2'b01 
	Parameter P_WRITE_RESP bound to: 2'b10 
	Parameter P_READ_IDLE bound to: 1'b0 
	Parameter P_READ_DATA bound to: 1'b1 
	Parameter P_AXI4 bound to: 0 - type: integer 
	Parameter P_AXI3 bound to: 1 - type: integer 
	Parameter P_AXILITE bound to: 2 - type: integer 
INFO: [Synth 8-155] case statement is not full and has no default [c:/Users/HP/OneDrive/桌面/stu/计组/组成与结构实验5/cache实验基础代码/cache_lab_v0.05/soc_axi_lite_loongson/rtl/xilinx_ip/axi_crossbar_1x2/hdl/axi_crossbar_v2_1_vl_rfs.v:3633]
INFO: [Synth 8-6155] done synthesizing module 'axi_crossbar_v2_1_21_decerr_slave' (18#1) [c:/Users/HP/OneDrive/桌面/stu/计组/组成与结构实验5/cache实验基础代码/cache_lab_v0.05/soc_axi_lite_loongson/rtl/xilinx_ip/axi_crossbar_1x2/hdl/axi_crossbar_v2_1_vl_rfs.v:3501]
INFO: [Synth 8-6157] synthesizing module 'axi_crossbar_v2_1_21_addr_arbiter' [c:/Users/HP/OneDrive/桌面/stu/计组/组成与结构实验5/cache实验基础代码/cache_lab_v0.05/soc_axi_lite_loongson/rtl/xilinx_ip/axi_crossbar_1x2/hdl/axi_crossbar_v2_1_vl_rfs.v:423]
	Parameter C_FAMILY bound to: artix7 - type: string 
	Parameter C_NUM_S bound to: 1 - type: integer 
	Parameter C_NUM_S_LOG bound to: 1 - type: integer 
	Parameter C_NUM_M bound to: 3 - type: integer 
	Parameter C_MESG_WIDTH bound to: 67 - type: integer 
	Parameter C_ARB_PRIORITY bound to: 0 - type: integer 
	Parameter P_PRIO_MASK bound to: 1'b0 
INFO: [Synth 8-6155] done synthesizing module 'axi_crossbar_v2_1_21_addr_arbiter' (19#1) [c:/Users/HP/OneDrive/桌面/stu/计组/组成与结构实验5/cache实验基础代码/cache_lab_v0.05/soc_axi_lite_loongson/rtl/xilinx_ip/axi_crossbar_1x2/hdl/axi_crossbar_v2_1_vl_rfs.v:423]
WARNING: [Synth 8-6014] Unused sequential element gen_master_slots[0].gen_mi_write.gen_debug_w.debug_w_beat_cnt_i_reg was removed.  [c:/Users/HP/OneDrive/桌面/stu/计组/组成与结构实验5/cache实验基础代码/cache_lab_v0.05/soc_axi_lite_loongson/rtl/xilinx_ip/axi_crossbar_1x2/hdl/axi_crossbar_v2_1_vl_rfs.v:2997]
WARNING: [Synth 8-6014] Unused sequential element gen_master_slots[1].gen_mi_write.gen_debug_w.debug_w_beat_cnt_i_reg was removed.  [c:/Users/HP/OneDrive/桌面/stu/计组/组成与结构实验5/cache实验基础代码/cache_lab_v0.05/soc_axi_lite_loongson/rtl/xilinx_ip/axi_crossbar_1x2/hdl/axi_crossbar_v2_1_vl_rfs.v:2997]
WARNING: [Synth 8-6014] Unused sequential element gen_master_slots[2].gen_mi_write.gen_debug_w.debug_w_beat_cnt_i_reg was removed.  [c:/Users/HP/OneDrive/桌面/stu/计组/组成与结构实验5/cache实验基础代码/cache_lab_v0.05/soc_axi_lite_loongson/rtl/xilinx_ip/axi_crossbar_1x2/hdl/axi_crossbar_v2_1_vl_rfs.v:2997]
INFO: [Synth 8-6155] done synthesizing module 'axi_crossbar_v2_1_21_crossbar' (20#1) [c:/Users/HP/OneDrive/桌面/stu/计组/组成与结构实验5/cache实验基础代码/cache_lab_v0.05/soc_axi_lite_loongson/rtl/xilinx_ip/axi_crossbar_1x2/hdl/axi_crossbar_v2_1_vl_rfs.v:2239]
INFO: [Synth 8-6155] done synthesizing module 'axi_crossbar_v2_1_21_axi_crossbar' (21#1) [c:/Users/HP/OneDrive/桌面/stu/计组/组成与结构实验5/cache实验基础代码/cache_lab_v0.05/soc_axi_lite_loongson/rtl/xilinx_ip/axi_crossbar_1x2/hdl/axi_crossbar_v2_1_vl_rfs.v:4884]
INFO: [Synth 8-6155] done synthesizing module 'axi_crossbar_1x2' (22#1) [c:/Users/HP/OneDrive/桌面/stu/计组/组成与结构实验5/cache实验基础代码/cache_lab_v0.05/soc_axi_lite_loongson/rtl/xilinx_ip/axi_crossbar_1x2/synth/axi_crossbar_1x2.v:59]
WARNING: [Synth 8-3331] design axi_register_slice_v2_1_20_axic_register_slice has unconnected port ACLK
WARNING: [Synth 8-3331] design axi_register_slice_v2_1_20_axic_register_slice has unconnected port ARESET
WARNING: [Synth 8-3331] design axi_register_slice_v2_1_20_axic_register_slice__parameterized0 has unconnected port ACLK
WARNING: [Synth 8-3331] design axi_register_slice_v2_1_20_axic_register_slice__parameterized0 has unconnected port ARESET
WARNING: [Synth 8-3331] design axi_infrastructure_v1_1_0_vector2axi has unconnected port m_axi_buser[0]
WARNING: [Synth 8-3331] design axi_infrastructure_v1_1_0_vector2axi has unconnected port m_axi_ruser[0]
WARNING: [Synth 8-3331] design axi_infrastructure_v1_1_0_axi2vector has unconnected port s_axi_awregion[3]
WARNING: [Synth 8-3331] design axi_infrastructure_v1_1_0_axi2vector has unconnected port s_axi_awregion[2]
WARNING: [Synth 8-3331] design axi_infrastructure_v1_1_0_axi2vector has unconnected port s_axi_awregion[1]
WARNING: [Synth 8-3331] design axi_infrastructure_v1_1_0_axi2vector has unconnected port s_axi_awregion[0]
WARNING: [Synth 8-3331] design axi_infrastructure_v1_1_0_axi2vector has unconnected port s_axi_awuser[0]
WARNING: [Synth 8-3331] design axi_infrastructure_v1_1_0_axi2vector has unconnected port s_axi_wuser[0]
WARNING: [Synth 8-3331] design axi_infrastructure_v1_1_0_axi2vector has unconnected port s_axi_arregion[3]
WARNING: [Synth 8-3331] design axi_infrastructure_v1_1_0_axi2vector has unconnected port s_axi_arregion[2]
WARNING: [Synth 8-3331] design axi_infrastructure_v1_1_0_axi2vector has unconnected port s_axi_arregion[1]
WARNING: [Synth 8-3331] design axi_infrastructure_v1_1_0_axi2vector has unconnected port s_axi_arregion[0]
WARNING: [Synth 8-3331] design axi_infrastructure_v1_1_0_axi2vector has unconnected port s_axi_aruser[0]
WARNING: [Synth 8-3331] design axi_register_slice_v2_1_20_axi_register_slice has unconnected port aclk2x
WARNING: [Synth 8-3331] design axi_crossbar_v2_1_21_wdata_mux__parameterized0 has unconnected port ACLK
WARNING: [Synth 8-3331] design axi_crossbar_v2_1_21_wdata_mux__parameterized0 has unconnected port ARESET
WARNING: [Synth 8-3331] design axi_crossbar_v2_1_21_wdata_mux__parameterized0 has unconnected port S_ASELECT[0]
WARNING: [Synth 8-3331] design axi_crossbar_v2_1_21_wdata_mux__parameterized0 has unconnected port S_AVALID
WARNING: [Synth 8-3331] design axi_crossbar_v2_1_21_wdata_mux has unconnected port ACLK
WARNING: [Synth 8-3331] design axi_crossbar_v2_1_21_wdata_mux has unconnected port ARESET
WARNING: [Synth 8-3331] design axi_crossbar_v2_1_21_wdata_mux has unconnected port S_ASELECT[0]
WARNING: [Synth 8-3331] design axi_crossbar_v2_1_21_wdata_mux has unconnected port S_AVALID
WARNING: [Synth 8-3331] design axi_crossbar_v2_1_21_addr_decoder has unconnected port ADDR[1]
WARNING: [Synth 8-3331] design axi_crossbar_v2_1_21_addr_decoder has unconnected port ADDR[0]
WARNING: [Synth 8-3331] design axi_crossbar_v2_1_21_si_transactor__parameterized0 has unconnected port S_ABURST[1]
WARNING: [Synth 8-3331] design axi_crossbar_v2_1_21_si_transactor__parameterized0 has unconnected port S_ABURST[0]
WARNING: [Synth 8-3331] design axi_crossbar_v2_1_21_si_transactor has unconnected port S_ABURST[1]
WARNING: [Synth 8-3331] design axi_crossbar_v2_1_21_si_transactor has unconnected port S_ABURST[0]
WARNING: [Synth 8-3331] design axi_crossbar_v2_1_21_axi_crossbar has unconnected port s_axi_awlock[1]
WARNING: [Synth 8-3331] design axi_crossbar_v2_1_21_axi_crossbar has unconnected port s_axi_awuser[0]
WARNING: [Synth 8-3331] design axi_crossbar_v2_1_21_axi_crossbar has unconnected port s_axi_wuser[0]
WARNING: [Synth 8-3331] design axi_crossbar_v2_1_21_axi_crossbar has unconnected port s_axi_arlock[1]
WARNING: [Synth 8-3331] design axi_crossbar_v2_1_21_axi_crossbar has unconnected port s_axi_aruser[0]
WARNING: [Synth 8-3331] design axi_crossbar_v2_1_21_axi_crossbar has unconnected port m_axi_buser[1]
WARNING: [Synth 8-3331] design axi_crossbar_v2_1_21_axi_crossbar has unconnected port m_axi_buser[0]
WARNING: [Synth 8-3331] design axi_crossbar_v2_1_21_axi_crossbar has unconnected port m_axi_ruser[1]
WARNING: [Synth 8-3331] design axi_crossbar_v2_1_21_axi_crossbar has unconnected port m_axi_ruser[0]
TclStackFree: incorrect freePtr. Call out of sequence?
[Sun May 11 10:27:34 2025] axi_crossbar_1x2_synth_1 finished
WARNING: [Vivado 12-8222] Failed run(s) : 'axi_crossbar_1x2_synth_1'
[Sun May 11 10:27:34 2025] Waiting for axi_clock_converter_synth_1 to finish...
[Sun May 11 10:27:40 2025] Waiting for axi_clock_converter_synth_1 to finish...
[Sun May 11 10:27:45 2025] Waiting for axi_clock_converter_synth_1 to finish...
[Sun May 11 10:27:50 2025] Waiting for axi_clock_converter_synth_1 to finish...
[Sun May 11 10:28:00 2025] Waiting for axi_clock_converter_synth_1 to finish...
[Sun May 11 10:28:11 2025] Waiting for axi_clock_converter_synth_1 to finish...
[Sun May 11 10:28:21 2025] Waiting for axi_clock_converter_synth_1 to finish...
[Sun May 11 10:28:32 2025] Waiting for axi_clock_converter_synth_1 to finish...

*** Running vivado
    with args -log axi_clock_converter.vds -m64 -product Vivado -mode batch -messageDb vivado.pb -notrace -source axi_clock_converter.tcl


****** Vivado v2019.2 (64-bit)
  **** SW Build 2708876 on Wed Nov  6 21:40:23 MST 2019
  **** IP Build 2700528 on Thu Nov  7 00:09:20 MST 2019
    ** Copyright 1986-2019 Xilinx, Inc. All Rights Reserved.

source axi_clock_converter.tcl -notrace
create_project: Time (s): cpu = 00:00:05 ; elapsed = 00:00:05 . Memory (MB): peak = 438.207 ; gain = 157.879
Command: synth_design -top axi_clock_converter -part xc7a200tfbg676-2 -mode out_of_context
Starting synth_design
Attempting to get a license for feature 'Synthesis' and/or device 'xc7a200t'
INFO: [Common 17-349] Got license for feature 'Synthesis' and/or device 'xc7a200t'
INFO: [Device 21-403] Loading part xc7a200tfbg676-2
INFO: Launching helper process for spawning children vivado processes
INFO: Helper process launched with PID 23252 
---------------------------------------------------------------------------------
Starting RTL Elaboration : Time (s): cpu = 00:00:12 ; elapsed = 00:00:15 . Memory (MB): peak = 1026.031 ; gain = 234.922
---------------------------------------------------------------------------------
INFO: [Synth 8-6157] synthesizing module 'axi_clock_converter' [c:/Users/HP/OneDrive/桌面/stu/计组/组成与结构实验5/cache实验基础代码/cache_lab_v0.05/soc_axi_lite_loongson/rtl/xilinx_ip/axi_clock_converter/synth/axi_clock_converter.v:58]
INFO: [Synth 8-6157] synthesizing module 'axi_clock_converter_v2_1_19_axi_clock_converter' [c:/Users/HP/OneDrive/桌面/stu/计组/组成与结构实验5/cache实验基础代码/cache_lab_v0.05/soc_axi_lite_loongson/rtl/xilinx_ip/axi_clock_converter/hdl/axi_clock_converter_v2_1_vl_rfs.v:654]
	Parameter C_FAMILY bound to: artix7 - type: string 
	Parameter C_AXI_ID_WIDTH bound to: 4 - type: integer 
	Parameter C_AXI_ADDR_WIDTH bound to: 32 - type: integer 
	Parameter C_AXI_DATA_WIDTH bound to: 32 - type: integer 
	Parameter C_S_AXI_ACLK_RATIO bound to: 1 - type: integer 
	Parameter C_M_AXI_ACLK_RATIO bound to: 2 - type: integer 
	Parameter C_AXI_IS_ACLK_ASYNC bound to: 1 - type: integer 
	Parameter C_AXI_PROTOCOL bound to: 1 - type: integer 
	Parameter C_AXI_SUPPORTS_USER_SIGNALS bound to: 0 - type: integer 
	Parameter C_AXI_AWUSER_WIDTH bound to: 1 - type: integer 
	Parameter C_AXI_ARUSER_WIDTH bound to: 1 - type: integer 
	Parameter C_AXI_WUSER_WIDTH bound to: 1 - type: integer 
	Parameter C_AXI_RUSER_WIDTH bound to: 1 - type: integer 
	Parameter C_AXI_BUSER_WIDTH bound to: 1 - type: integer 
	Parameter C_AXI_SUPPORTS_WRITE bound to: 1 - type: integer 
	Parameter C_AXI_SUPPORTS_READ bound to: 1 - type: integer 
	Parameter C_SYNCHRONIZER_STAGE bound to: 3 - type: integer 
	Parameter P_AXI4 bound to: 0 - type: integer 
	Parameter P_AXI3 bound to: 1 - type: integer 
	Parameter P_AXILITE bound to: 2 - type: integer 
	Parameter P_LIGHT_WT bound to: 0 - type: integer 
	Parameter P_FULLY_REG bound to: 1 - type: integer 
	Parameter P_LUTRAM_ASYNC bound to: 12 - type: integer 
	Parameter P_SI_LT_MI bound to: 1'b1 
	Parameter P_ROUNDING_OFFSET bound to: 0 - type: integer 
	Parameter P_ACLK_RATIO bound to: 2 - type: integer 
	Parameter C_AWUSER_RIGHT bound to: 0 - type: integer 
	Parameter C_AWUSER_WIDTH bound to: 0 - type: integer 
	Parameter C_AWQOS_RIGHT bound to: 0 - type: integer 
	Parameter C_AWQOS_WIDTH bound to: 4 - type: integer 
	Parameter C_AWREGION_RIGHT bound to: 4 - type: integer 
	Parameter C_AWREGION_WIDTH bound to: 0 - type: integer 
	Parameter C_AWPROT_RIGHT bound to: 4 - type: integer 
	Parameter C_AWPROT_WIDTH bound to: 3 - type: integer 
	Parameter C_AWCACHE_RIGHT bound to: 7 - type: integer 
	Parameter C_AWCACHE_WIDTH bound to: 4 - type: integer 
	Parameter C_AWLOCK_RIGHT bound to: 11 - type: integer 
	Parameter C_AWLOCK_WIDTH bound to: 2 - type: integer 
	Parameter C_AWBURST_RIGHT bound to: 13 - type: integer 
	Parameter C_AWBURST_WIDTH bound to: 2 - type: integer 
	Parameter C_AWSIZE_RIGHT bound to: 15 - type: integer 
	Parameter C_AWSIZE_WIDTH bound to: 3 - type: integer 
	Parameter C_AWLEN_RIGHT bound to: 18 - type: integer 
	Parameter C_AWLEN_WIDTH bound to: 4 - type: integer 
	Parameter C_AWADDR_RIGHT bound to: 22 - type: integer 
	Parameter C_AWADDR_WIDTH bound to: 32 - type: integer 
	Parameter C_AWID_RIGHT bound to: 54 - type: integer 
	Parameter C_AWID_WIDTH bound to: 4 - type: integer 
	Parameter C_AW_WIDTH bound to: 58 - type: integer 
	Parameter C_FIFO_AW_WIDTH bound to: 62 - type: integer 
	Parameter C_WUSER_RIGHT bound to: 0 - type: integer 
	Parameter C_WUSER_WIDTH bound to: 0 - type: integer 
	Parameter C_WLAST_RIGHT bound to: 0 - type: integer 
	Parameter C_WLAST_WIDTH bound to: 1 - type: integer 
	Parameter C_WSTRB_RIGHT bound to: 1 - type: integer 
	Parameter C_WSTRB_WIDTH bound to: 4 - type: integer 
	Parameter C_WDATA_RIGHT bound to: 5 - type: integer 
	Parameter C_WDATA_WIDTH bound to: 32 - type: integer 
	Parameter C_WID_RIGHT bound to: 37 - type: integer 
	Parameter C_WID_WIDTH bound to: 4 - type: integer 
	Parameter C_W_WIDTH bound to: 41 - type: integer 
	Parameter C_FIFO_W_WIDTH bound to: 41 - type: integer 
	Parameter C_BUSER_RIGHT bound to: 0 - type: integer 
	Parameter C_BUSER_WIDTH bound to: 0 - type: integer 
	Parameter C_BRESP_RIGHT bound to: 0 - type: integer 
	Parameter C_BRESP_WIDTH bound to: 2 - type: integer 
	Parameter C_BID_RIGHT bound to: 2 - type: integer 
	Parameter C_BID_WIDTH bound to: 4 - type: integer 
	Parameter C_B_WIDTH bound to: 6 - type: integer 
	Parameter C_FIFO_B_WIDTH bound to: 6 - type: integer 
	Parameter C_ARUSER_RIGHT bound to: 0 - type: integer 
	Parameter C_ARUSER_WIDTH bound to: 0 - type: integer 
	Parameter C_ARQOS_RIGHT bound to: 0 - type: integer 
	Parameter C_ARQOS_WIDTH bound to: 4 - type: integer 
	Parameter C_ARREGION_RIGHT bound to: 4 - type: integer 
	Parameter C_ARREGION_WIDTH bound to: 0 - type: integer 
	Parameter C_ARPROT_RIGHT bound to: 4 - type: integer 
	Parameter C_ARPROT_WIDTH bound to: 3 - type: integer 
	Parameter C_ARCACHE_RIGHT bound to: 7 - type: integer 
	Parameter C_ARCACHE_WIDTH bound to: 4 - type: integer 
	Parameter C_ARLOCK_RIGHT bound to: 11 - type: integer 
	Parameter C_ARLOCK_WIDTH bound to: 2 - type: integer 
	Parameter C_ARBURST_RIGHT bound to: 13 - type: integer 
	Parameter C_ARBURST_WIDTH bound to: 2 - type: integer 
	Parameter C_ARSIZE_RIGHT bound to: 15 - type: integer 
	Parameter C_ARSIZE_WIDTH bound to: 3 - type: integer 
	Parameter C_ARLEN_RIGHT bound to: 18 - type: integer 
	Parameter C_ARLEN_WIDTH bound to: 4 - type: integer 
	Parameter C_ARADDR_RIGHT bound to: 22 - type: integer 
	Parameter C_ARADDR_WIDTH bound to: 32 - type: integer 
	Parameter C_ARID_RIGHT bound to: 54 - type: integer 
	Parameter C_ARID_WIDTH bound to: 4 - type: integer 
	Parameter C_AR_WIDTH bound to: 58 - type: integer 
	Parameter C_FIFO_AR_WIDTH bound to: 62 - type: integer 
	Parameter C_RUSER_RIGHT bound to: 0 - type: integer 
	Parameter C_RUSER_WIDTH bound to: 0 - type: integer 
	Parameter C_RLAST_RIGHT bound to: 0 - type: integer 
	Parameter C_RLAST_WIDTH bound to: 1 - type: integer 
	Parameter C_RRESP_RIGHT bound to: 1 - type: integer 
	Parameter C_RRESP_WIDTH bound to: 2 - type: integer 
	Parameter C_RDATA_RIGHT bound to: 3 - type: integer 
	Parameter C_RDATA_WIDTH bound to: 32 - type: integer 
	Parameter C_RID_RIGHT bound to: 35 - type: integer 
	Parameter C_RID_WIDTH bound to: 4 - type: integer 
	Parameter C_R_WIDTH bound to: 39 - type: integer 
	Parameter C_FIFO_R_WIDTH bound to: 39 - type: integer 
INFO: [Synth 8-5534] Detected attribute (* KEEP = "TRUE" *) [c:/Users/HP/OneDrive/桌面/stu/计组/组成与结构实验5/cache实验基础代码/cache_lab_v0.05/soc_axi_lite_loongson/rtl/xilinx_ip/axi_clock_converter/hdl/axi_clock_converter_v2_1_vl_rfs.v:690]
INFO: [Synth 8-5534] Detected attribute (* KEEP = "TRUE" *) [c:/Users/HP/OneDrive/桌面/stu/计组/组成与结构实验5/cache实验基础代码/cache_lab_v0.05/soc_axi_lite_loongson/rtl/xilinx_ip/axi_clock_converter/hdl/axi_clock_converter_v2_1_vl_rfs.v:691]
INFO: [Synth 8-5534] Detected attribute (* KEEP = "TRUE" *) [c:/Users/HP/OneDrive/桌面/stu/计组/组成与结构实验5/cache实验基础代码/cache_lab_v0.05/soc_axi_lite_loongson/rtl/xilinx_ip/axi_clock_converter/hdl/axi_clock_converter_v2_1_vl_rfs.v:749]
INFO: [Synth 8-5534] Detected attribute (* KEEP = "TRUE" *) [c:/Users/HP/OneDrive/桌面/stu/计组/组成与结构实验5/cache实验基础代码/cache_lab_v0.05/soc_axi_lite_loongson/rtl/xilinx_ip/axi_clock_converter/hdl/axi_clock_converter_v2_1_vl_rfs.v:750]
INFO: [Synth 8-6157] synthesizing module 'xpm_cdc_single' [F:/vivado/Vivado/2019.2/data/ip/xpm/xpm_cdc/hdl/xpm_cdc.sv:153]
INFO: [Synth 8-5534] Detected attribute (* ASYNC_REG = "TRUE" *) [F:/vivado/Vivado/2019.2/data/ip/xpm/xpm_cdc/hdl/xpm_cdc.sv:205]
INFO: [Synth 8-6155] done synthesizing module 'xpm_cdc_single' (1#1) [F:/vivado/Vivado/2019.2/data/ip/xpm/xpm_cdc/hdl/xpm_cdc.sv:153]
INFO: [Synth 8-6157] synthesizing module 'xpm_cdc_async_rst' [F:/vivado/Vivado/2019.2/data/ip/xpm/xpm_cdc/hdl/xpm_cdc.sv:1175]
INFO: [Synth 8-5534] Detected attribute (* ASYNC_REG = "TRUE" *) [F:/vivado/Vivado/2019.2/data/ip/xpm/xpm_cdc/hdl/xpm_cdc.sv:1226]
INFO: [Synth 8-6155] done synthesizing module 'xpm_cdc_async_rst' (2#1) [F:/vivado/Vivado/2019.2/data/ip/xpm/xpm_cdc/hdl/xpm_cdc.sv:1175]
INFO: [Synth 8-6157] synthesizing module 'xpm_cdc_single__parameterized1' [F:/vivado/Vivado/2019.2/data/ip/xpm/xpm_cdc/hdl/xpm_cdc.sv:153]
INFO: [Synth 8-6155] done synthesizing module 'xpm_cdc_single__parameterized1' (2#1) [F:/vivado/Vivado/2019.2/data/ip/xpm/xpm_cdc/hdl/xpm_cdc.sv:153]
INFO: [Synth 8-6157] synthesizing module 'xpm_cdc_gray' [F:/vivado/Vivado/2019.2/data/ip/xpm/xpm_cdc/hdl/xpm_cdc.sv:284]
INFO: [Synth 8-5534] Detected attribute (* ASYNC_REG = "TRUE" *) [F:/vivado/Vivado/2019.2/data/ip/xpm/xpm_cdc/hdl/xpm_cdc.sv:358]
INFO: [Synth 8-6155] done synthesizing module 'xpm_cdc_gray' (7#1) [F:/vivado/Vivado/2019.2/data/ip/xpm/xpm_cdc/hdl/xpm_cdc.sv:284]
INFO: [Synth 8-6155] done synthesizing module 'axi_clock_converter_v2_1_19_axi_clock_converter' (22#1) [c:/Users/HP/OneDrive/桌面/stu/计组/组成与结构实验5/cache实验基础代码/cache_lab_v0.05/soc_axi_lite_loongson/rtl/xilinx_ip/axi_clock_converter/hdl/axi_clock_converter_v2_1_vl_rfs.v:654]
INFO: [Synth 8-6155] done synthesizing module 'axi_clock_converter' (23#1) [c:/Users/HP/OneDrive/桌面/stu/计组/组成与结构实验5/cache实验基础代码/cache_lab_v0.05/soc_axi_lite_loongson/rtl/xilinx_ip/axi_clock_converter/synth/axi_clock_converter.v:58]
WARNING: [Synth 8-3331] design output_blk__parameterized2 has unconnected port ALMOST_FULL_I
WARNING: [Synth 8-3331] design output_blk__parameterized2 has unconnected port PROG_FULL_I
WARNING: [Synth 8-3331] design output_blk__parameterized2 has unconnected port ALMOST_EMPTY_I
WARNING: [Synth 8-3331] design output_blk__parameterized2 has unconnected port PROG_EMPTY_I
WARNING: [Synth 8-3331] design output_blk__parameterized2 has unconnected port WR_ACK_I
WARNING: [Synth 8-3331] design output_blk__parameterized2 has unconnected port VALID_I
WARNING: [Synth 8-3331] design output_blk__parameterized2 has unconnected port OVERFLOW_I
WARNING: [Synth 8-3331] design output_blk__parameterized2 has unconnected port UNDERFLOW_I
WARNING: [Synth 8-3331] design output_blk__parameterized2 has unconnected port DATA_COUNT_I[4]
WARNING: [Synth 8-3331] design output_blk__parameterized2 has unconnected port DATA_COUNT_I[3]
WARNING: [Synth 8-3331] design output_blk__parameterized2 has unconnected port DATA_COUNT_I[2]
WARNING: [Synth 8-3331] design output_blk__parameterized2 has unconnected port DATA_COUNT_I[1]
WARNING: [Synth 8-3331] design output_blk__parameterized2 has unconnected port DATA_COUNT_I[0]
WARNING: [Synth 8-3331] design output_blk__parameterized2 has unconnected port WR_DATA_COUNT_I[4]
WARNING: [Synth 8-3331] design output_blk__parameterized2 has unconnected port WR_DATA_COUNT_I[3]
WARNING: [Synth 8-3331] design output_blk__parameterized2 has unconnected port WR_DATA_COUNT_I[2]
WARNING: [Synth 8-3331] design output_blk__parameterized2 has unconnected port WR_DATA_COUNT_I[1]
WARNING: [Synth 8-3331] design output_blk__parameterized2 has unconnected port WR_DATA_COUNT_I[0]
WARNING: [Synth 8-3331] design output_blk__parameterized2 has unconnected port RD_DATA_COUNT_I[4]
WARNING: [Synth 8-3331] design output_blk__parameterized2 has unconnected port RD_DATA_COUNT_I[3]
WARNING: [Synth 8-3331] design output_blk__parameterized2 has unconnected port RD_DATA_COUNT_I[2]
WARNING: [Synth 8-3331] design output_blk__parameterized2 has unconnected port RD_DATA_COUNT_I[1]
WARNING: [Synth 8-3331] design output_blk__parameterized2 has unconnected port RD_DATA_COUNT_I[0]
WARNING: [Synth 8-3331] design output_blk__parameterized2 has unconnected port SBITERR_I
WARNING: [Synth 8-3331] design output_blk__parameterized2 has unconnected port DBITERR_I
WARNING: [Synth 8-3331] design wr_status_flags_as has unconnected port WR_RST
WARNING: [Synth 8-3331] design wr_status_flags_as has unconnected port SRST
WARNING: [Synth 8-3331] design wr_status_flags_as has unconnected port SAFETY_CKT_WR_RST
WARNING: [Synth 8-3331] design wr_status_flags_as has unconnected port WR_PNTR_PLUS3[3]
WARNING: [Synth 8-3331] design wr_status_flags_as has unconnected port WR_PNTR_PLUS3[2]
WARNING: [Synth 8-3331] design wr_status_flags_as has unconnected port WR_PNTR_PLUS3[1]
WARNING: [Synth 8-3331] design wr_status_flags_as has unconnected port WR_PNTR_PLUS3[0]
WARNING: [Synth 8-3331] design wr_bin_cntr has unconnected port SRST
WARNING: [Synth 8-3331] design wr_logic has unconnected port WR_EN_INTO_LOGIC
WARNING: [Synth 8-3331] design wr_logic has unconnected port WR_RST_INTO_LOGIC
WARNING: [Synth 8-3331] design wr_logic has unconnected port RD_EN
WARNING: [Synth 8-3331] design wr_logic has unconnected port SRST_FULL_FF
WARNING: [Synth 8-3331] design wr_logic has unconnected port WR_RST_BUSY
WARNING: [Synth 8-3331] design wr_logic has unconnected port EMPTY
WARNING: [Synth 8-3331] design wr_logic has unconnected port RAM_RD_EN
WARNING: [Synth 8-3331] design wr_logic has unconnected port ALMOST_EMPTY
WARNING: [Synth 8-3331] design wr_logic has unconnected port PROG_FULL_THRESH[3]
WARNING: [Synth 8-3331] design wr_logic has unconnected port PROG_FULL_THRESH[2]
WARNING: [Synth 8-3331] design wr_logic has unconnected port PROG_FULL_THRESH[1]
WARNING: [Synth 8-3331] design wr_logic has unconnected port PROG_FULL_THRESH[0]
WARNING: [Synth 8-3331] design wr_logic has unconnected port PROG_FULL_THRESH_ASSERT[3]
WARNING: [Synth 8-3331] design wr_logic has unconnected port PROG_FULL_THRESH_ASSERT[2]
WARNING: [Synth 8-3331] design wr_logic has unconnected port PROG_FULL_THRESH_ASSERT[1]
WARNING: [Synth 8-3331] design wr_logic has unconnected port PROG_FULL_THRESH_ASSERT[0]
WARNING: [Synth 8-3331] design wr_logic has unconnected port PROG_FULL_THRESH_NEGATE[3]
WARNING: [Synth 8-3331] design wr_logic has unconnected port PROG_FULL_THRESH_NEGATE[2]
WARNING: [Synth 8-3331] design wr_logic has unconnected port PROG_FULL_THRESH_NEGATE[1]
WARNING: [Synth 8-3331] design wr_logic has unconnected port PROG_FULL_THRESH_NEGATE[0]
WARNING: [Synth 8-3331] design rd_fwft has unconnected port SRST
WARNING: [Synth 8-3331] design rd_fwft has unconnected port SAFETY_CKT_RD_RST
WARNING: [Synth 8-3331] design rd_fwft has unconnected port RAM_ALMOST_EMPTY
WARNING: [Synth 8-3331] design rd_status_flags_as has unconnected port SRST
WARNING: [Synth 8-3331] design rd_status_flags_as has unconnected port SAFETY_CKT_RD_RST
WARNING: [Synth 8-3331] design rd_status_flags_as has unconnected port RD_PNTR_PLUS2[3]
WARNING: [Synth 8-3331] design rd_status_flags_as has unconnected port RD_PNTR_PLUS2[2]
WARNING: [Synth 8-3331] design rd_status_flags_as has unconnected port RD_PNTR_PLUS2[1]
WARNING: [Synth 8-3331] design rd_status_flags_as has unconnected port RD_PNTR_PLUS2[0]
WARNING: [Synth 8-3331] design rd_bin_cntr has unconnected port SRST
WARNING: [Synth 8-3331] design rd_logic has unconnected port RD_EN_INTO_LOGIC
WARNING: [Synth 8-3331] design rd_logic has unconnected port RD_RST_INTO_LOGIC
WARNING: [Synth 8-3331] design rd_logic has unconnected port RD_RST_BUSY
WARNING: [Synth 8-3331] design rd_logic has unconnected port RAM_WR_EN
WARNING: [Synth 8-3331] design rd_logic has unconnected port RST_FULL_FF
WARNING: [Synth 8-3331] design rd_logic has unconnected port ALMOST_FULL_FB
WARNING: [Synth 8-3331] design rd_logic has unconnected port FULL
WARNING: [Synth 8-3331] design rd_logic has unconnected port WR_PNTR_PLUS1_RD[3]
WARNING: [Synth 8-3331] design rd_logic has unconnected port WR_PNTR_PLUS1_RD[2]
WARNING: [Synth 8-3331] design rd_logic has unconnected port WR_PNTR_PLUS1_RD[1]
WARNING: [Synth 8-3331] design rd_logic has unconnected port WR_PNTR_PLUS1_RD[0]
WARNING: [Synth 8-3331] design rd_logic has unconnected port PROG_EMPTY_THRESH[3]
WARNING: [Synth 8-3331] design rd_logic has unconnected port PROG_EMPTY_THRESH[2]
WARNING: [Synth 8-3331] design rd_logic has unconnected port PROG_EMPTY_THRESH[1]
WARNING: [Synth 8-3331] design rd_logic has unconnected port PROG_EMPTY_THRESH[0]
WARNING: [Synth 8-3331] design rd_logic has unconnected port PROG_EMPTY_THRESH_ASSERT[3]
WARNING: [Synth 8-3331] design rd_logic has unconnected port PROG_EMPTY_THRESH_ASSERT[2]
WARNING: [Synth 8-3331] design rd_logic has unconnected port PROG_EMPTY_THRESH_ASSERT[1]
WARNING: [Synth 8-3331] design rd_logic has unconnected port PROG_EMPTY_THRESH_ASSERT[0]
WARNING: [Synth 8-3331] design rd_logic has unconnected port PROG_EMPTY_THRESH_NEGATE[3]
WARNING: [Synth 8-3331] design rd_logic has unconnected port PROG_EMPTY_THRESH_NEGATE[2]
WARNING: [Synth 8-3331] design rd_logic has unconnected port PROG_EMPTY_THRESH_NEGATE[1]
WARNING: [Synth 8-3331] design rd_logic has unconnected port PROG_EMPTY_THRESH_NEGATE[0]
WARNING: [Synth 8-3331] design clk_x_pntrs has unconnected port WR_RST
WARNING: [Synth 8-3331] design clk_x_pntrs has unconnected port RD_RST
WARNING: [Synth 8-3331] design dmem__parameterized2 has unconnected port SRST
WARNING: [Synth 8-3331] design memory__parameterized2 has unconnected port FAB_REGOUT_EN
WARNING: [Synth 8-3331] design memory__parameterized2 has unconnected port SFT_RST
WARNING: [Synth 8-3331] design memory__parameterized2 has unconnected port SRST
WARNING: [Synth 8-3331] design memory__parameterized2 has unconnected port SAFETY_CKT_RD_RST
WARNING: [Synth 8-3331] design memory__parameterized2 has unconnected port SLEEP
WARNING: [Synth 8-3331] design memory__parameterized2 has unconnected port INJECTDBITERR
WARNING: [Synth 8-3331] design memory__parameterized2 has unconnected port INJECTSBITERR
WARNING: [Synth 8-3331] design input_blk__parameterized2 has unconnected port CLK
WARNING: [Synth 8-3331] design input_blk__parameterized2 has unconnected port INT_CLK
WARNING: [Synth 8-3331] design input_blk__parameterized2 has unconnected port PROG_EMPTY_THRESH[3]
WARNING: [Synth 8-3331] design input_blk__parameterized2 has unconnected port PROG_EMPTY_THRESH[2]
INFO: [Common 17-14] Message 'Synth 8-3331' appears 100 times and further instances of the messages will be disabled. Use the Tcl command set_msg_config to change the current settings.
TclStackFree: incorrect freePtr. Call out of sequence?
[Sun May 11 10:28:32 2025] axi_clock_converter_synth_1 finished
WARNING: [Vivado 12-8222] Failed run(s) : 'axi_clock_converter_synth_1'
wait_on_run: Time (s): cpu = 00:00:05 ; elapsed = 00:00:58 . Memory (MB): peak = 1177.145 ; gain = 0.000
wait_on_run clk_pll_synth_1
wait_on_run axi_ram_synth_1
wait_on_run axi_crossbar_1x2_synth_1
wait_on_run axi_clock_converter_synth_1
wait_on_run unsigned_mult_synth_1

[Sun May 11 10:28:32 2025] Waiting for clk_pll_synth_1 to finish...

*** Running vivado
    with args -log clk_pll.vds -m64 -product Vivado -mode batch -messageDb vivado.pb -notrace -source clk_pll.tcl


****** Vivado v2019.2 (64-bit)
  **** SW Build 2708876 on Wed Nov  6 21:40:23 MST 2019
  **** IP Build 2700528 on Thu Nov  7 00:09:20 MST 2019
    ** Copyright 1986-2019 Xilinx, Inc. All Rights Reserved.

source clk_pll.tcl -notrace
create_project: Time (s): cpu = 00:00:05 ; elapsed = 00:00:06 . Memory (MB): peak = 438.473 ; gain = 158.379
Command: synth_design -top clk_pll -part xc7a200tfbg676-2 -mode out_of_context
Starting synth_design
Attempting to get a license for feature 'Synthesis' and/or device 'xc7a200t'
INFO: [Common 17-349] Got license for feature 'Synthesis' and/or device 'xc7a200t'
INFO: [Device 21-403] Loading part xc7a200tfbg676-2
INFO: Launching helper process for spawning children vivado processes
INFO: Helper process launched with PID 13544 
---------------------------------------------------------------------------------
Starting RTL Elaboration : Time (s): cpu = 00:00:09 ; elapsed = 00:00:10 . Memory (MB): peak = 1027.168 ; gain = 234.387
---------------------------------------------------------------------------------
INFO: [Synth 8-6157] synthesizing module 'clk_pll' [c:/Users/HP/OneDrive/桌面/stu/计组/组成与结构实验5/cache实验基础代码/cache_lab_v0.05/soc_axi_lite_loongson/rtl/xilinx_ip/clk_pll/clk_pll.v:71]
INFO: [Synth 8-6157] synthesizing module 'clk_pll_clk_wiz' [c:/Users/HP/OneDrive/桌面/stu/计组/组成与结构实验5/cache实验基础代码/cache_lab_v0.05/soc_axi_lite_loongson/rtl/xilinx_ip/clk_pll/clk_pll_clk_wiz.v:69]
INFO: [Synth 8-6157] synthesizing module 'IBUF' [F:/vivado/Vivado/2019.2/scripts/rt/data/unisim_comp.v:32937]
	Parameter CAPACITANCE bound to: DONT_CARE - type: string 
	Parameter IBUF_DELAY_VALUE bound to: 0 - type: string 
	Parameter IBUF_LOW_PWR bound to: TRUE - type: string 
	Parameter IFD_DELAY_VALUE bound to: AUTO - type: string 
	Parameter IOSTANDARD bound to: DEFAULT - type: string 
INFO: [Synth 8-6155] done synthesizing module 'IBUF' (1#1) [F:/vivado/Vivado/2019.2/scripts/rt/data/unisim_comp.v:32937]
INFO: [Synth 8-6157] synthesizing module 'PLLE2_ADV' [F:/vivado/Vivado/2019.2/scripts/rt/data/unisim_comp.v:61416]
	Parameter BANDWIDTH bound to: OPTIMIZED - type: string 
	Parameter CLKFBOUT_MULT bound to: 9 - type: integer 
	Parameter CLKFBOUT_PHASE bound to: 0.000000 - type: double 
	Parameter CLKIN1_PERIOD bound to: 10.000000 - type: double 
	Parameter CLKIN2_PERIOD bound to: 0.000000 - type: double 
	Parameter CLKOUT0_DIVIDE bound to: 18 - type: integer 
	Parameter CLKOUT0_DUTY_CYCLE bound to: 0.500000 - type: double 
	Parameter CLKOUT0_PHASE bound to: 0.000000 - type: double 
	Parameter CLKOUT1_DIVIDE bound to: 9 - type: integer 
	Parameter CLKOUT1_DUTY_CYCLE bound to: 0.500000 - type: double 
	Parameter CLKOUT1_PHASE bound to: 0.000000 - type: double 
	Parameter CLKOUT2_DIVIDE bound to: 1 - type: integer 
	Parameter CLKOUT2_DUTY_CYCLE bound to: 0.500000 - type: double 
	Parameter CLKOUT2_PHASE bound to: 0.000000 - type: double 
	Parameter CLKOUT3_DIVIDE bound to: 1 - type: integer 
	Parameter CLKOUT3_DUTY_CYCLE bound to: 0.500000 - type: double 
	Parameter CLKOUT3_PHASE bound to: 0.000000 - type: double 
	Parameter CLKOUT4_DIVIDE bound to: 1 - type: integer 
	Parameter CLKOUT4_DUTY_CYCLE bound to: 0.500000 - type: double 
	Parameter CLKOUT4_PHASE bound to: 0.000000 - type: double 
	Parameter CLKOUT5_DIVIDE bound to: 1 - type: integer 
	Parameter CLKOUT5_DUTY_CYCLE bound to: 0.500000 - type: double 
	Parameter CLKOUT5_PHASE bound to: 0.000000 - type: double 
	Parameter COMPENSATION bound to: ZHOLD - type: string 
	Parameter DIVCLK_DIVIDE bound to: 1 - type: integer 
	Parameter IS_CLKINSEL_INVERTED bound to: 1'b0 
	Parameter IS_PWRDWN_INVERTED bound to: 1'b0 
	Parameter IS_RST_INVERTED bound to: 1'b0 
	Parameter REF_JITTER1 bound to: 0.010000 - type: double 
	Parameter REF_JITTER2 bound to: 0.010000 - type: double 
	Parameter STARTUP_WAIT bound to: FALSE - type: string 
INFO: [Synth 8-6155] done synthesizing module 'PLLE2_ADV' (2#1) [F:/vivado/Vivado/2019.2/scripts/rt/data/unisim_comp.v:61416]
INFO: [Synth 8-6157] synthesizing module 'BUFG' [F:/vivado/Vivado/2019.2/scripts/rt/data/unisim_comp.v:1075]
INFO: [Synth 8-6155] done synthesizing module 'BUFG' (3#1) [F:/vivado/Vivado/2019.2/scripts/rt/data/unisim_comp.v:1075]
INFO: [Synth 8-6155] done synthesizing module 'clk_pll_clk_wiz' (4#1) [c:/Users/HP/OneDrive/桌面/stu/计组/组成与结构实验5/cache实验基础代码/cache_lab_v0.05/soc_axi_lite_loongson/rtl/xilinx_ip/clk_pll/clk_pll_clk_wiz.v:69]
INFO: [Synth 8-6155] done synthesizing module 'clk_pll' (5#1) [c:/Users/HP/OneDrive/桌面/stu/计组/组成与结构实验5/cache实验基础代码/cache_lab_v0.05/soc_axi_lite_loongson/rtl/xilinx_ip/clk_pll/clk_pll.v:71]
TclStackFree: incorrect freePtr. Call out of sequence?
[Sun May 11 10:28:32 2025] clk_pll_synth_1 finished
WARNING: [Vivado 12-8222] Failed run(s) : 'clk_pll_synth_1'
[Sun May 11 10:28:33 2025] Waiting for axi_ram_synth_1 to finish...

*** Running vivado
    with args -log axi_ram.vds -m64 -product Vivado -mode batch -messageDb vivado.pb -notrace -source axi_ram.tcl


****** Vivado v2019.2 (64-bit)
  **** SW Build 2708876 on Wed Nov  6 21:40:23 MST 2019
  **** IP Build 2700528 on Thu Nov  7 00:09:20 MST 2019
    ** Copyright 1986-2019 Xilinx, Inc. All Rights Reserved.

source axi_ram.tcl -notrace
create_project: Time (s): cpu = 00:00:06 ; elapsed = 00:00:07 . Memory (MB): peak = 438.531 ; gain = 157.934
Command: synth_design -top axi_ram -part xc7a200tfbg676-2 -mode out_of_context
Starting synth_design
Attempting to get a license for feature 'Synthesis' and/or device 'xc7a200t'
INFO: [Common 17-349] Got license for feature 'Synthesis' and/or device 'xc7a200t'
INFO: [Device 21-403] Loading part xc7a200tfbg676-2
INFO: Launching helper process for spawning children vivado processes
INFO: Helper process launched with PID 23368 
---------------------------------------------------------------------------------
Starting RTL Elaboration : Time (s): cpu = 00:00:18 ; elapsed = 00:00:22 . Memory (MB): peak = 1026.668 ; gain = 234.738
---------------------------------------------------------------------------------
INFO: [Synth 8-638] synthesizing module 'axi_ram' [c:/Users/HP/OneDrive/桌面/stu/计组/组成与结构实验5/cache实验基础代码/cache_lab_v0.05/soc_axi_lite_loongson/rtl/xilinx_ip/axi_ram/synth/axi_ram.vhd:95]
	Parameter C_FAMILY bound to: artix7 - type: string 
	Parameter C_XDEVICEFAMILY bound to: artix7 - type: string 
	Parameter C_ELABORATION_DIR bound to: ./ - type: string 
	Parameter C_INTERFACE_TYPE bound to: 1 - type: integer 
	Parameter C_AXI_TYPE bound to: 1 - type: integer 
	Parameter C_AXI_SLAVE_TYPE bound to: 0 - type: integer 
	Parameter C_USE_BRAM_BLOCK bound to: 0 - type: integer 
	Parameter C_ENABLE_32BIT_ADDRESS bound to: 0 - type: integer 
	Parameter C_CTRL_ECC_ALGO bound to: NONE - type: string 
	Parameter C_HAS_AXI_ID bound to: 1 - type: integer 
	Parameter C_AXI_ID_WIDTH bound to: 4 - type: integer 
	Parameter C_MEM_TYPE bound to: 1 - type: integer 
	Parameter C_BYTE_SIZE bound to: 8 - type: integer 
	Parameter C_ALGORITHM bound to: 1 - type: integer 
	Parameter C_PRIM_TYPE bound to: 1 - type: integer 
	Parameter C_LOAD_INIT_FILE bound to: 1 - type: integer 
	Parameter C_INIT_FILE_NAME bound to: axi_ram.mif - type: string 
	Parameter C_INIT_FILE bound to: axi_ram.mem - type: string 
	Parameter C_USE_DEFAULT_DATA bound to: 1 - type: integer 
	Parameter C_DEFAULT_DATA bound to: 0 - type: string 
	Parameter C_HAS_RSTA bound to: 0 - type: integer 
	Parameter C_RST_PRIORITY_A bound to: CE - type: string 
	Parameter C_RSTRAM_A bound to: 0 - type: integer 
	Parameter C_INITA_VAL bound to: 0 - type: string 
	Parameter C_HAS_ENA bound to: 1 - type: integer 
	Parameter C_HAS_REGCEA bound to: 0 - type: integer 
	Parameter C_USE_BYTE_WEA bound to: 1 - type: integer 
	Parameter C_WEA_WIDTH bound to: 4 - type: integer 
	Parameter C_WRITE_MODE_A bound to: READ_FIRST - type: string 
	Parameter C_WRITE_WIDTH_A bound to: 32 - type: integer 
	Parameter C_READ_WIDTH_A bound to: 32 - type: integer 
	Parameter C_WRITE_DEPTH_A bound to: 262144 - type: integer 
	Parameter C_READ_DEPTH_A bound to: 262144 - type: integer 
	Parameter C_ADDRA_WIDTH bound to: 18 - type: integer 
	Parameter C_HAS_RSTB bound to: 1 - type: integer 
	Parameter C_RST_PRIORITY_B bound to: CE - type: string 
	Parameter C_RSTRAM_B bound to: 0 - type: integer 
	Parameter C_INITB_VAL bound to: 0 - type: string 
	Parameter C_HAS_ENB bound to: 1 - type: integer 
	Parameter C_HAS_REGCEB bound to: 0 - type: integer 
	Parameter C_USE_BYTE_WEB bound to: 1 - type: integer 
	Parameter C_WEB_WIDTH bound to: 4 - type: integer 
	Parameter C_WRITE_MODE_B bound to: READ_FIRST - type: string 
	Parameter C_WRITE_WIDTH_B bound to: 32 - type: integer 
	Parameter C_READ_WIDTH_B bound to: 32 - type: integer 
	Parameter C_WRITE_DEPTH_B bound to: 262144 - type: integer 
	Parameter C_READ_DEPTH_B bound to: 262144 - type: integer 
	Parameter C_ADDRB_WIDTH bound to: 18 - type: integer 
	Parameter C_HAS_MEM_OUTPUT_REGS_A bound to: 0 - type: integer 
	Parameter C_HAS_MEM_OUTPUT_REGS_B bound to: 0 - type: integer 
	Parameter C_HAS_MUX_OUTPUT_REGS_A bound to: 0 - type: integer 
	Parameter C_HAS_MUX_OUTPUT_REGS_B bound to: 0 - type: integer 
	Parameter C_MUX_PIPELINE_STAGES bound to: 0 - type: integer 
	Parameter C_HAS_SOFTECC_INPUT_REGS_A bound to: 0 - type: integer 
	Parameter C_HAS_SOFTECC_OUTPUT_REGS_B bound to: 0 - type: integer 
	Parameter C_USE_SOFTECC bound to: 0 - type: integer 
	Parameter C_USE_ECC bound to: 0 - type: integer 
	Parameter C_EN_ECC_PIPE bound to: 0 - type: integer 
	Parameter C_READ_LATENCY_A bound to: 1 - type: integer 
	Parameter C_READ_LATENCY_B bound to: 1 - type: integer 
	Parameter C_HAS_INJECTERR bound to: 0 - type: integer 
	Parameter C_SIM_COLLISION_CHECK bound to: ALL - type: string 
	Parameter C_COMMON_CLK bound to: 1 - type: integer 
	Parameter C_DISABLE_WARN_BHV_COLL bound to: 0 - type: integer 
	Parameter C_EN_SLEEP_PIN bound to: 0 - type: integer 
	Parameter C_USE_URAM bound to: 0 - type: integer 
	Parameter C_EN_RDADDRA_CHG bound to: 0 - type: integer 
	Parameter C_EN_RDADDRB_CHG bound to: 0 - type: integer 
	Parameter C_EN_DEEPSLEEP_PIN bound to: 0 - type: integer 
	Parameter C_EN_SHUTDOWN_PIN bound to: 0 - type: integer 
	Parameter C_EN_SAFETY_CKT bound to: 0 - type: integer 
	Parameter C_DISABLE_WARN_BHV_RANGE bound to: 0 - type: integer 
	Parameter C_COUNT_36K_BRAM bound to: 256 - type: string 
	Parameter C_COUNT_18K_BRAM bound to: 0 - type: string 
	Parameter C_EST_POWER_SUMMARY bound to: Estimated Power for IP     :     21.018106 mW - type: string 
INFO: [Synth 8-3491] module 'blk_mem_gen_v8_4_4' declared at 'c:/Users/HP/OneDrive/桌面/stu/计组/组成与结构实验5/cache实验基础代码/cache_lab_v0.05/soc_axi_lite_loongson/rtl/xilinx_ip/axi_ram/hdl/blk_mem_gen_v8_4_vhsyn_rfs.vhd:195321' bound to instance 'U0' of component 'blk_mem_gen_v8_4_4' [c:/Users/HP/OneDrive/桌面/stu/计组/组成与结构实验5/cache实验基础代码/cache_lab_v0.05/soc_axi_lite_loongson/rtl/xilinx_ip/axi_ram/synth/axi_ram.vhd:289]
INFO: [Synth 8-256] done synthesizing module 'axi_ram' (15#1) [c:/Users/HP/OneDrive/桌面/stu/计组/组成与结构实验5/cache实验基础代码/cache_lab_v0.05/soc_axi_lite_loongson/rtl/xilinx_ip/axi_ram/synth/axi_ram.vhd:95]
WARNING: [Synth 8-3331] design blk_mem_output_block has unconnected port CLKB
WARNING: [Synth 8-3331] design blk_mem_output_block has unconnected port DOUTA_I[31]
WARNING: [Synth 8-3331] design blk_mem_output_block has unconnected port DOUTA_I[30]
WARNING: [Synth 8-3331] design blk_mem_output_block has unconnected port DOUTA_I[29]
WARNING: [Synth 8-3331] design blk_mem_output_block has unconnected port DOUTA_I[28]
WARNING: [Synth 8-3331] design blk_mem_output_block has unconnected port DOUTA_I[27]
WARNING: [Synth 8-3331] design blk_mem_output_block has unconnected port DOUTA_I[26]
WARNING: [Synth 8-3331] design blk_mem_output_block has unconnected port DOUTA_I[25]
WARNING: [Synth 8-3331] design blk_mem_output_block has unconnected port DOUTA_I[24]
WARNING: [Synth 8-3331] design blk_mem_output_block has unconnected port DOUTA_I[23]
WARNING: [Synth 8-3331] design blk_mem_output_block has unconnected port DOUTA_I[22]
WARNING: [Synth 8-3331] design blk_mem_output_block has unconnected port DOUTA_I[21]
WARNING: [Synth 8-3331] design blk_mem_output_block has unconnected port DOUTA_I[20]
WARNING: [Synth 8-3331] design blk_mem_output_block has unconnected port DOUTA_I[19]
WARNING: [Synth 8-3331] design blk_mem_output_block has unconnected port DOUTA_I[18]
WARNING: [Synth 8-3331] design blk_mem_output_block has unconnected port DOUTA_I[17]
WARNING: [Synth 8-3331] design blk_mem_output_block has unconnected port DOUTA_I[16]
WARNING: [Synth 8-3331] design blk_mem_output_block has unconnected port DOUTA_I[15]
WARNING: [Synth 8-3331] design blk_mem_output_block has unconnected port DOUTA_I[14]
WARNING: [Synth 8-3331] design blk_mem_output_block has unconnected port DOUTA_I[13]
WARNING: [Synth 8-3331] design blk_mem_output_block has unconnected port DOUTA_I[12]
WARNING: [Synth 8-3331] design blk_mem_output_block has unconnected port DOUTA_I[11]
WARNING: [Synth 8-3331] design blk_mem_output_block has unconnected port DOUTA_I[10]
WARNING: [Synth 8-3331] design blk_mem_output_block has unconnected port DOUTA_I[9]
WARNING: [Synth 8-3331] design blk_mem_output_block has unconnected port DOUTA_I[8]
WARNING: [Synth 8-3331] design blk_mem_output_block has unconnected port DOUTA_I[7]
WARNING: [Synth 8-3331] design blk_mem_output_block has unconnected port DOUTA_I[6]
WARNING: [Synth 8-3331] design blk_mem_output_block has unconnected port DOUTA_I[5]
WARNING: [Synth 8-3331] design blk_mem_output_block has unconnected port DOUTA_I[4]
WARNING: [Synth 8-3331] design blk_mem_output_block has unconnected port DOUTA_I[3]
WARNING: [Synth 8-3331] design blk_mem_output_block has unconnected port DOUTA_I[2]
WARNING: [Synth 8-3331] design blk_mem_output_block has unconnected port DOUTA_I[1]
WARNING: [Synth 8-3331] design blk_mem_output_block has unconnected port DOUTA_I[0]
WARNING: [Synth 8-3331] design blk_mem_output_block has unconnected port SBITERR_I
WARNING: [Synth 8-3331] design blk_mem_output_block has unconnected port DBITERR_I
WARNING: [Synth 8-3331] design blk_mem_output_block has unconnected port RDADDRECC_I[17]
WARNING: [Synth 8-3331] design blk_mem_output_block has unconnected port RDADDRECC_I[16]
WARNING: [Synth 8-3331] design blk_mem_output_block has unconnected port RDADDRECC_I[15]
WARNING: [Synth 8-3331] design blk_mem_output_block has unconnected port RDADDRECC_I[14]
WARNING: [Synth 8-3331] design blk_mem_output_block has unconnected port RDADDRECC_I[13]
WARNING: [Synth 8-3331] design blk_mem_output_block has unconnected port RDADDRECC_I[12]
WARNING: [Synth 8-3331] design blk_mem_output_block has unconnected port RDADDRECC_I[11]
WARNING: [Synth 8-3331] design blk_mem_output_block has unconnected port RDADDRECC_I[10]
WARNING: [Synth 8-3331] design blk_mem_output_block has unconnected port RDADDRECC_I[9]
WARNING: [Synth 8-3331] design blk_mem_output_block has unconnected port RDADDRECC_I[8]
WARNING: [Synth 8-3331] design blk_mem_output_block has unconnected port RDADDRECC_I[7]
WARNING: [Synth 8-3331] design blk_mem_output_block has unconnected port RDADDRECC_I[6]
WARNING: [Synth 8-3331] design blk_mem_output_block has unconnected port RDADDRECC_I[5]
WARNING: [Synth 8-3331] design blk_mem_output_block has unconnected port RDADDRECC_I[4]
WARNING: [Synth 8-3331] design blk_mem_output_block has unconnected port RDADDRECC_I[3]
WARNING: [Synth 8-3331] design blk_mem_output_block has unconnected port RDADDRECC_I[2]
WARNING: [Synth 8-3331] design blk_mem_output_block has unconnected port RDADDRECC_I[1]
WARNING: [Synth 8-3331] design blk_mem_output_block has unconnected port RDADDRECC_I[0]
WARNING: [Synth 8-3331] design blk_mem_gen_prim_wrapper_init__parameterized254 has unconnected port SSRA
WARNING: [Synth 8-3331] design blk_mem_gen_prim_wrapper_init__parameterized254 has unconnected port REGCEA
WARNING: [Synth 8-3331] design blk_mem_gen_prim_wrapper_init__parameterized254 has unconnected port SSRB
WARNING: [Synth 8-3331] design blk_mem_gen_prim_wrapper_init__parameterized254 has unconnected port WEB[0]
WARNING: [Synth 8-3331] design blk_mem_gen_prim_wrapper_init__parameterized254 has unconnected port DINB[8]
WARNING: [Synth 8-3331] design blk_mem_gen_prim_wrapper_init__parameterized254 has unconnected port DINB[7]
WARNING: [Synth 8-3331] design blk_mem_gen_prim_wrapper_init__parameterized254 has unconnected port DINB[6]
WARNING: [Synth 8-3331] design blk_mem_gen_prim_wrapper_init__parameterized254 has unconnected port DINB[5]
WARNING: [Synth 8-3331] design blk_mem_gen_prim_wrapper_init__parameterized254 has unconnected port DINB[4]
WARNING: [Synth 8-3331] design blk_mem_gen_prim_wrapper_init__parameterized254 has unconnected port DINB[3]
WARNING: [Synth 8-3331] design blk_mem_gen_prim_wrapper_init__parameterized254 has unconnected port DINB[2]
WARNING: [Synth 8-3331] design blk_mem_gen_prim_wrapper_init__parameterized254 has unconnected port DINB[1]
WARNING: [Synth 8-3331] design blk_mem_gen_prim_wrapper_init__parameterized254 has unconnected port DINB[0]
WARNING: [Synth 8-3331] design blk_mem_gen_prim_wrapper_init__parameterized254 has unconnected port SLEEP
WARNING: [Synth 8-3331] design blk_mem_gen_prim_wrapper_init__parameterized254 has unconnected port INJECTSBITERR
WARNING: [Synth 8-3331] design blk_mem_gen_prim_wrapper_init__parameterized254 has unconnected port INJECTDBITERR
WARNING: [Synth 8-3331] design blk_mem_gen_prim_wrapper_init__parameterized254 has unconnected port ECCPIPECE
WARNING: [Synth 8-3331] design blk_mem_gen_prim_wrapper_init__parameterized253 has unconnected port SSRA
WARNING: [Synth 8-3331] design blk_mem_gen_prim_wrapper_init__parameterized253 has unconnected port REGCEA
WARNING: [Synth 8-3331] design blk_mem_gen_prim_wrapper_init__parameterized253 has unconnected port SSRB
WARNING: [Synth 8-3331] design blk_mem_gen_prim_wrapper_init__parameterized253 has unconnected port WEB[0]
WARNING: [Synth 8-3331] design blk_mem_gen_prim_wrapper_init__parameterized253 has unconnected port DINB[8]
WARNING: [Synth 8-3331] design blk_mem_gen_prim_wrapper_init__parameterized253 has unconnected port DINB[7]
WARNING: [Synth 8-3331] design blk_mem_gen_prim_wrapper_init__parameterized253 has unconnected port DINB[6]
WARNING: [Synth 8-3331] design blk_mem_gen_prim_wrapper_init__parameterized253 has unconnected port DINB[5]
WARNING: [Synth 8-3331] design blk_mem_gen_prim_wrapper_init__parameterized253 has unconnected port DINB[4]
WARNING: [Synth 8-3331] design blk_mem_gen_prim_wrapper_init__parameterized253 has unconnected port DINB[3]
WARNING: [Synth 8-3331] design blk_mem_gen_prim_wrapper_init__parameterized253 has unconnected port DINB[2]
WARNING: [Synth 8-3331] design blk_mem_gen_prim_wrapper_init__parameterized253 has unconnected port DINB[1]
WARNING: [Synth 8-3331] design blk_mem_gen_prim_wrapper_init__parameterized253 has unconnected port DINB[0]
WARNING: [Synth 8-3331] design blk_mem_gen_prim_wrapper_init__parameterized253 has unconnected port SLEEP
WARNING: [Synth 8-3331] design blk_mem_gen_prim_wrapper_init__parameterized253 has unconnected port INJECTSBITERR
WARNING: [Synth 8-3331] design blk_mem_gen_prim_wrapper_init__parameterized253 has unconnected port INJECTDBITERR
WARNING: [Synth 8-3331] design blk_mem_gen_prim_wrapper_init__parameterized253 has unconnected port ECCPIPECE
WARNING: [Synth 8-3331] design blk_mem_gen_prim_wrapper_init__parameterized252 has unconnected port SSRA
WARNING: [Synth 8-3331] design blk_mem_gen_prim_wrapper_init__parameterized252 has unconnected port REGCEA
WARNING: [Synth 8-3331] design blk_mem_gen_prim_wrapper_init__parameterized252 has unconnected port SSRB
WARNING: [Synth 8-3331] design blk_mem_gen_prim_wrapper_init__parameterized252 has unconnected port WEB[0]
WARNING: [Synth 8-3331] design blk_mem_gen_prim_wrapper_init__parameterized252 has unconnected port DINB[8]
WARNING: [Synth 8-3331] design blk_mem_gen_prim_wrapper_init__parameterized252 has unconnected port DINB[7]
WARNING: [Synth 8-3331] design blk_mem_gen_prim_wrapper_init__parameterized252 has unconnected port DINB[6]
WARNING: [Synth 8-3331] design blk_mem_gen_prim_wrapper_init__parameterized252 has unconnected port DINB[5]
WARNING: [Synth 8-3331] design blk_mem_gen_prim_wrapper_init__parameterized252 has unconnected port DINB[4]
WARNING: [Synth 8-3331] design blk_mem_gen_prim_wrapper_init__parameterized252 has unconnected port DINB[3]
WARNING: [Synth 8-3331] design blk_mem_gen_prim_wrapper_init__parameterized252 has unconnected port DINB[2]
WARNING: [Synth 8-3331] design blk_mem_gen_prim_wrapper_init__parameterized252 has unconnected port DINB[1]
WARNING: [Synth 8-3331] design blk_mem_gen_prim_wrapper_init__parameterized252 has unconnected port DINB[0]
INFO: [Common 17-14] Message 'Synth 8-3331' appears 100 times and further instances of the messages will be disabled. Use the Tcl command set_msg_config to change the current settings.
TclStackFree: incorrect freePtr. Call out of sequence?
[Sun May 11 10:28:33 2025] axi_ram_synth_1 finished
WARNING: [Vivado 12-8222] Failed run(s) : 'axi_ram_synth_1'
[Sun May 11 10:28:33 2025] Waiting for axi_crossbar_1x2_synth_1 to finish...

*** Running vivado
    with args -log axi_crossbar_1x2.vds -m64 -product Vivado -mode batch -messageDb vivado.pb -notrace -source axi_crossbar_1x2.tcl


****** Vivado v2019.2 (64-bit)
  **** SW Build 2708876 on Wed Nov  6 21:40:23 MST 2019
  **** IP Build 2700528 on Thu Nov  7 00:09:20 MST 2019
    ** Copyright 1986-2019 Xilinx, Inc. All Rights Reserved.

source axi_crossbar_1x2.tcl -notrace
create_project: Time (s): cpu = 00:00:04 ; elapsed = 00:00:06 . Memory (MB): peak = 437.074 ; gain = 156.543
Command: synth_design -top axi_crossbar_1x2 -part xc7a200tfbg676-2 -mode out_of_context
Starting synth_design
Attempting to get a license for feature 'Synthesis' and/or device 'xc7a200t'
INFO: [Common 17-349] Got license for feature 'Synthesis' and/or device 'xc7a200t'
INFO: [Device 21-403] Loading part xc7a200tfbg676-2
INFO: Launching helper process for spawning children vivado processes
INFO: Helper process launched with PID 24448 
---------------------------------------------------------------------------------
Starting RTL Elaboration : Time (s): cpu = 00:00:14 ; elapsed = 00:00:17 . Memory (MB): peak = 1031.172 ; gain = 235.164
---------------------------------------------------------------------------------
INFO: [Synth 8-6157] synthesizing module 'axi_crossbar_1x2' [c:/Users/HP/OneDrive/桌面/stu/计组/组成与结构实验5/cache实验基础代码/cache_lab_v0.05/soc_axi_lite_loongson/rtl/xilinx_ip/axi_crossbar_1x2/synth/axi_crossbar_1x2.v:59]
INFO: [Synth 8-6157] synthesizing module 'axi_crossbar_v2_1_21_axi_crossbar' [c:/Users/HP/OneDrive/桌面/stu/计组/组成与结构实验5/cache实验基础代码/cache_lab_v0.05/soc_axi_lite_loongson/rtl/xilinx_ip/axi_crossbar_1x2/hdl/axi_crossbar_v2_1_vl_rfs.v:4884]
	Parameter C_FAMILY bound to: artix7 - type: string 
	Parameter C_NUM_SLAVE_SLOTS bound to: 1 - type: integer 
	Parameter C_NUM_MASTER_SLOTS bound to: 2 - type: integer 
	Parameter C_AXI_ID_WIDTH bound to: 4 - type: integer 
	Parameter C_AXI_ADDR_WIDTH bound to: 32 - type: integer 
	Parameter C_AXI_DATA_WIDTH bound to: 32 - type: integer 
	Parameter C_AXI_PROTOCOL bound to: 1 - type: integer 
	Parameter C_NUM_ADDR_RANGES bound to: 5 - type: integer 
	Parameter C_M_AXI_BASE_ADDR bound to: 640'b0000000000000000000000000000000000000000000000000000000000000000000000000000000000000000000000001000000000000000000000000000000000000000000000000000000000000000010000000000000000000000000000000000000000000000000000000000000000100000000000000000000000000000000000000000000000000000000000000001111111000000000000000000000011111111111111111111111111111111111111111111111111111111111111111111111111111111111111111111111111111111111111111111111111111111111111111111111111111111111111111111111111111111111111111111111111111111111111111111111111111111111111111111111111111111111111110000000000000000000000000000000000011111101011110000000000000000 
	Parameter C_M_AXI_ADDR_WIDTH bound to: 320'b00000000000000000000000000011100000000000000000000000000000111110000000000000000000000000001111000000000000000000000000000011101000000000000000000000000000101100000000000000000000000000000000000000000000000000000000000000000000000000000000000000000000000000000000000000000000000000000000000000000000000000000000000010000 
	Parameter C_S_AXI_BASE_ID bound to: 0 - type: integer 
	Parameter C_S_AXI_THREAD_ID_WIDTH bound to: 4 - type: integer 
	Parameter C_AXI_SUPPORTS_USER_SIGNALS bound to: 0 - type: integer 
	Parameter C_AXI_AWUSER_WIDTH bound to: 1 - type: integer 
	Parameter C_AXI_ARUSER_WIDTH bound to: 1 - type: integer 
	Parameter C_AXI_WUSER_WIDTH bound to: 1 - type: integer 
	Parameter C_AXI_RUSER_WIDTH bound to: 1 - type: integer 
	Parameter C_AXI_BUSER_WIDTH bound to: 1 - type: integer 
	Parameter C_M_AXI_WRITE_CONNECTIVITY bound to: 64'b0000000000000000000000000000000100000000000000000000000000000001 
	Parameter C_M_AXI_READ_CONNECTIVITY bound to: 64'b0000000000000000000000000000000100000000000000000000000000000001 
	Parameter C_R_REGISTER bound to: 0 - type: integer 
	Parameter C_S_AXI_SINGLE_THREAD bound to: 0 - type: integer 
	Parameter C_S_AXI_WRITE_ACCEPTANCE bound to: 4 - type: integer 
	Parameter C_S_AXI_READ_ACCEPTANCE bound to: 4 - type: integer 
	Parameter C_M_AXI_WRITE_ISSUING bound to: 64'b0000000000000000000000000000010000000000000000000000000000000100 
	Parameter C_M_AXI_READ_ISSUING bound to: 64'b0000000000000000000000000000010000000000000000000000000000000100 
	Parameter C_S_AXI_ARB_PRIORITY bound to: 0 - type: integer 
	Parameter C_M_AXI_SECURE bound to: 64'b0000000000000000000000000000000000000000000000000000000000000000 
	Parameter C_CONNECTIVITY_MODE bound to: 1 - type: integer 
	Parameter P_ONES bound to: 65'b11111111111111111111111111111111111111111111111111111111111111111 
	Parameter P_S_AXI_BASE_ID bound to: 64'b0000000000000000000000000000000000000000000000000000000000000000 
	Parameter P_S_AXI_HIGH_ID bound to: 64'b0000000000000000000000000000000000000000000000000000000000001111 
	Parameter P_AXI4 bound to: 0 - type: integer 
	Parameter P_AXI3 bound to: 1 - type: integer 
	Parameter P_AXILITE bound to: 2 - type: integer 
	Parameter P_AXILITE_SIZE bound to: 3'b010 
	Parameter P_INCR bound to: 2'b01 
	Parameter P_M_AXI_SUPPORTS_WRITE bound to: 2'b11 
	Parameter P_M_AXI_SUPPORTS_READ bound to: 2'b11 
	Parameter P_S_AXI_SUPPORTS_WRITE bound to: 1'b1 
	Parameter P_S_AXI_SUPPORTS_READ bound to: 1'b1 
	Parameter C_DEBUG bound to: 1 - type: integer 
	Parameter P_RANGE_CHECK bound to: 1 - type: integer 
	Parameter P_ADDR_DECODE bound to: 1 - type: integer 
	Parameter P_M_AXI_ERR_MODE bound to: 64'b0000000000000000000000000000000000000000000000000000000000000000 
	Parameter P_LEN bound to: 4 - type: integer 
	Parameter P_LOCK bound to: 2 - type: integer 
	Parameter P_FAMILY bound to: artix7 - type: string 
INFO: [Synth 8-6157] synthesizing module 'axi_crossbar_v2_1_21_crossbar' [c:/Users/HP/OneDrive/桌面/stu/计组/组成与结构实验5/cache实验基础代码/cache_lab_v0.05/soc_axi_lite_loongson/rtl/xilinx_ip/axi_crossbar_1x2/hdl/axi_crossbar_v2_1_vl_rfs.v:2239]
	Parameter C_FAMILY bound to: artix7 - type: string 
	Parameter C_NUM_SLAVE_SLOTS bound to: 1 - type: integer 
	Parameter C_NUM_MASTER_SLOTS bound to: 2 - type: integer 
	Parameter C_NUM_ADDR_RANGES bound to: 5 - type: integer 
	Parameter C_AXI_ID_WIDTH bound to: 4 - type: integer 
	Parameter C_AXI_ADDR_WIDTH bound to: 32 - type: integer 
	Parameter C_AXI_DATA_WIDTH bound to: 32 - type: integer 
	Parameter C_AXI_PROTOCOL bound to: 1 - type: integer 
	Parameter C_M_AXI_BASE_ADDR bound to: 640'b0000000000000000000000000000000000000000000000000000000000000000000000000000000000000000000000001000000000000000000000000000000000000000000000000000000000000000010000000000000000000000000000000000000000000000000000000000000000100000000000000000000000000000000000000000000000000000000000000001111111000000000000000000000011111111111111111111111111111111111111111111111111111111111111111111111111111111111111111111111111111111111111111111111111111111111111111111111111111111111111111111111111111111111111111111111111111111111111111111111111111111111111111111111111111111111111110000000000000000000000000000000000011111101011110000000000000000 
	Parameter C_M_AXI_HIGH_ADDR bound to: 640'b0000000000000000000000000000000000001111111111111111111111111111000000000000000000000000000000001111111111111111111111111111111100000000000000000000000000000000011111111111111111111111111111110000000000000000000000000000000000111111111111111111111111111111000000000000000000000000000000000001111111111111111111111111111100000000000000000000000000000000000000000000000000000000000000000000000000000000000000000000000000000000000000000000000000000000000000000000000000000000000000000000000000000000000000000000000000000000000000000000000000000000000000000000000000000000000000000000000000000000000000000000000000011111101011111111111111111111 
	Parameter C_S_AXI_BASE_ID bound to: 64'b0000000000000000000000000000000000000000000000000000000000000000 
	Parameter C_S_AXI_HIGH_ID bound to: 64'b0000000000000000000000000000000000000000000000000000000000001111 
	Parameter C_S_AXI_THREAD_ID_WIDTH bound to: 4 - type: integer 
	Parameter C_AXI_SUPPORTS_USER_SIGNALS bound to: 0 - type: integer 
	Parameter C_AXI_AWUSER_WIDTH bound to: 1 - type: integer 
	Parameter C_AXI_ARUSER_WIDTH bound to: 1 - type: integer 
	Parameter C_AXI_WUSER_WIDTH bound to: 1 - type: integer 
	Parameter C_AXI_RUSER_WIDTH bound to: 1 - type: integer 
	Parameter C_AXI_BUSER_WIDTH bound to: 1 - type: integer 
	Parameter C_S_AXI_SUPPORTS_WRITE bound to: 1'b1 
	Parameter C_S_AXI_SUPPORTS_READ bound to: 1'b1 
	Parameter C_M_AXI_SUPPORTS_WRITE bound to: 2'b11 
	Parameter C_M_AXI_SUPPORTS_READ bound to: 2'b11 
	Parameter C_M_AXI_WRITE_CONNECTIVITY bound to: 64'b0000000000000000000000000000000100000000000000000000000000000001 
	Parameter C_M_AXI_READ_CONNECTIVITY bound to: 64'b0000000000000000000000000000000100000000000000000000000000000001 
	Parameter C_S_AXI_SINGLE_THREAD bound to: 0 - type: integer 
	Parameter C_S_AXI_WRITE_ACCEPTANCE bound to: 4 - type: integer 
	Parameter C_S_AXI_READ_ACCEPTANCE bound to: 4 - type: integer 
	Parameter C_M_AXI_WRITE_ISSUING bound to: 64'b0000000000000000000000000000010000000000000000000000000000000100 
	Parameter C_M_AXI_READ_ISSUING bound to: 64'b0000000000000000000000000000010000000000000000000000000000000100 
	Parameter C_S_AXI_ARB_PRIORITY bound to: 0 - type: integer 
	Parameter C_M_AXI_SECURE bound to: 64'b0000000000000000000000000000000000000000000000000000000000000000 
	Parameter C_M_AXI_ERR_MODE bound to: 64'b0000000000000000000000000000000000000000000000000000000000000000 
	Parameter C_RANGE_CHECK bound to: 1 - type: integer 
	Parameter C_ADDR_DECODE bound to: 1 - type: integer 
	Parameter C_W_ISSUE_WIDTH bound to: 96'b000000000000000000000000000000000000000000000000000000000000001000000000000000000000000000000010 
	Parameter C_R_ISSUE_WIDTH bound to: 96'b000000000000000000000000000000000000000000000000000000000000001000000000000000000000000000000010 
	Parameter C_W_ACCEPT_WIDTH bound to: 32'b00000000000000000000000000000010 
	Parameter C_R_ACCEPT_WIDTH bound to: 32'b00000000000000000000000000000010 
	Parameter C_DEBUG bound to: 1 - type: integer 
	Parameter P_AXI4 bound to: 0 - type: integer 
	Parameter P_AXI3 bound to: 1 - type: integer 
	Parameter P_AXILITE bound to: 2 - type: integer 
	Parameter P_WRITE bound to: 0 - type: integer 
	Parameter P_READ bound to: 1 - type: integer 
	Parameter P_NUM_MASTER_SLOTS_LOG bound to: 1 - type: integer 
	Parameter P_NUM_SLAVE_SLOTS_LOG bound to: 1 - type: integer 
	Parameter P_AXI_WID_WIDTH bound to: 4 - type: integer 
	Parameter P_ST_AWMESG_WIDTH bound to: 11 - type: integer 
	Parameter P_AA_AWMESG_WIDTH bound to: 67 - type: integer 
	Parameter P_ST_ARMESG_WIDTH bound to: 11 - type: integer 
	Parameter P_AA_ARMESG_WIDTH bound to: 67 - type: integer 
	Parameter P_ST_BMESG_WIDTH bound to: 3 - type: integer 
	Parameter P_ST_RMESG_WIDTH bound to: 35 - type: integer 
	Parameter P_WR_WMESG_WIDTH bound to: 41 - type: integer 
	Parameter P_BYPASS bound to: 0 - type: integer 
	Parameter P_FWD_REV bound to: 1 - type: integer 
	Parameter P_SIMPLE bound to: 7 - type: integer 
	Parameter P_M_AXI_SUPPORTS_READ bound to: 3'b111 
	Parameter P_M_AXI_SUPPORTS_WRITE bound to: 3'b111 
	Parameter P_M_AXI_WRITE_CONNECTIVITY bound to: 96'b111111111111111111111111111111110000000000000000000000000000000100000000000000000000000000000001 
	Parameter P_M_AXI_READ_CONNECTIVITY bound to: 96'b111111111111111111111111111111110000000000000000000000000000000100000000000000000000000000000001 
	Parameter P_S_AXI_WRITE_CONNECTIVITY bound to: 32'b11111111111111111111111111111111 
	Parameter P_S_AXI_READ_CONNECTIVITY bound to: 32'b11111111111111111111111111111111 
	Parameter P_M_AXI_READ_ISSUING bound to: 96'b000000000000000000000000000000010000000000000000000000000000010000000000000000000000000000000100 
	Parameter P_M_AXI_WRITE_ISSUING bound to: 96'b000000000000000000000000000000010000000000000000000000000000010000000000000000000000000000000100 
	Parameter P_DECERR bound to: 2'b11 
INFO: [Synth 8-6157] synthesizing module 'axi_crossbar_v2_1_21_si_transactor' [c:/Users/HP/OneDrive/桌面/stu/计组/组成与结构实验5/cache实验基础代码/cache_lab_v0.05/soc_axi_lite_loongson/rtl/xilinx_ip/axi_crossbar_1x2/hdl/axi_crossbar_v2_1_vl_rfs.v:3800]
	Parameter C_FAMILY bound to: artix7 - type: string 
	Parameter C_SI bound to: 0 - type: integer 
	Parameter C_DIR bound to: 1 - type: integer 
	Parameter C_NUM_ADDR_RANGES bound to: 5 - type: integer 
	Parameter C_NUM_M bound to: 2 - type: integer 
	Parameter C_NUM_M_LOG bound to: 1 - type: integer 
	Parameter C_ACCEPTANCE bound to: 4 - type: integer 
	Parameter C_ACCEPTANCE_LOG bound to: 2 - type: integer 
	Parameter C_ID_WIDTH bound to: 4 - type: integer 
	Parameter C_THREAD_ID_WIDTH bound to: 4 - type: integer 
	Parameter C_ADDR_WIDTH bound to: 32 - type: integer 
	Parameter C_AMESG_WIDTH bound to: 11 - type: integer 
	Parameter C_RMESG_WIDTH bound to: 35 - type: integer 
	Parameter C_BASE_ID bound to: 4'b0000 
	Parameter C_HIGH_ID bound to: 4'b1111 
	Parameter C_BASE_ADDR bound to: 640'b0000000000000000000000000000000000000000000000000000000000000000000000000000000000000000000000001000000000000000000000000000000000000000000000000000000000000000010000000000000000000000000000000000000000000000000000000000000000100000000000000000000000000000000000000000000000000000000000000001111111000000000000000000000011111111111111111111111111111111111111111111111111111111111111111111111111111111111111111111111111111111111111111111111111111111111111111111111111111111111111111111111111111111111111111111111111111111111111111111111111111111111111111111111111111111111111110000000000000000000000000000000000011111101011110000000000000000 
	Parameter C_HIGH_ADDR bound to: 640'b0000000000000000000000000000000000001111111111111111111111111111000000000000000000000000000000001111111111111111111111111111111100000000000000000000000000000000011111111111111111111111111111110000000000000000000000000000000000111111111111111111111111111111000000000000000000000000000000000001111111111111111111111111111100000000000000000000000000000000000000000000000000000000000000000000000000000000000000000000000000000000000000000000000000000000000000000000000000000000000000000000000000000000000000000000000000000000000000000000000000000000000000000000000000000000000000000000000000000000000000000000000000011111101011111111111111111111 
	Parameter C_SINGLE_THREAD bound to: 0 - type: integer 
	Parameter C_TARGET_QUAL bound to: 2'b11 
	Parameter C_M_AXI_SECURE bound to: 64'b0000000000000000000000000000000000000000000000000000000000000000 
	Parameter C_RANGE_CHECK bound to: 1 - type: integer 
	Parameter C_ADDR_DECODE bound to: 1 - type: integer 
	Parameter C_ERR_MODE bound to: 64'b0000000000000000000000000000000000000000000000000000000000000000 
	Parameter C_DEBUG bound to: 1 - type: integer 
	Parameter P_WRITE bound to: 0 - type: integer 
	Parameter P_READ bound to: 1 - type: integer 
	Parameter P_RMUX_MESG_WIDTH bound to: 40 - type: integer 
	Parameter P_AXILITE_ERRMODE bound to: 1 - type: integer 
	Parameter P_NONSECURE_BIT bound to: 1 - type: integer 
	Parameter P_NUM_M_LOG_M1 bound to: 1 - type: integer 
	Parameter P_M_AXILITE bound to: 2'b00 
	Parameter P_FIXED bound to: 2'b00 
	Parameter P_NUM_M_DE_LOG bound to: 2 - type: integer 
	Parameter P_THREAD_ID_WIDTH_M1 bound to: 4 - type: integer 
	Parameter P_NUM_ID_VAL bound to: 16 - type: integer 
	Parameter P_NUM_THREADS bound to: 4 - type: integer 
	Parameter P_M_SECURE_MASK bound to: 2'b00 
INFO: [Synth 8-6157] synthesizing module 'axi_crossbar_v2_1_21_addr_decoder' [c:/Users/HP/OneDrive/桌面/stu/计组/组成与结构实验5/cache实验基础代码/cache_lab_v0.05/soc_axi_lite_loongson/rtl/xilinx_ip/axi_crossbar_1x2/hdl/axi_crossbar_v2_1_vl_rfs.v:794]
	Parameter C_FAMILY bound to: artix7 - type: string 
	Parameter C_NUM_TARGETS bound to: 2 - type: integer 
	Parameter C_NUM_TARGETS_LOG bound to: 1 - type: integer 
	Parameter C_NUM_RANGES bound to: 5 - type: integer 
	Parameter C_ADDR_WIDTH bound to: 32 - type: integer 
	Parameter C_TARGET_ENC bound to: 1 - type: integer 
	Parameter C_TARGET_HOT bound to: 1 - type: integer 
	Parameter C_REGION_ENC bound to: 1 - type: integer 
	Parameter C_BASE_ADDR bound to: 640'b0000000000000000000000000000000000000000000000000000000000000000000000000000000000000000000000001000000000000000000000000000000000000000000000000000000000000000010000000000000000000000000000000000000000000000000000000000000000100000000000000000000000000000000000000000000000000000000000000001111111000000000000000000000011111111111111111111111111111111111111111111111111111111111111111111111111111111111111111111111111111111111111111111111111111111111111111111111111111111111111111111111111111111111111111111111111111111111111111111111111111111111111111111111111111111111111110000000000000000000000000000000000011111101011110000000000000000 
	Parameter C_HIGH_ADDR bound to: 640'b0000000000000000000000000000000000001111111111111111111111111111000000000000000000000000000000001111111111111111111111111111111100000000000000000000000000000000011111111111111111111111111111110000000000000000000000000000000000111111111111111111111111111111000000000000000000000000000000000001111111111111111111111111111100000000000000000000000000000000000000000000000000000000000000000000000000000000000000000000000000000000000000000000000000000000000000000000000000000000000000000000000000000000000000000000000000000000000000000000000000000000000000000000000000000000000000000000000000000000000000000000000000011111101011111111111111111111 
	Parameter C_TARGET_QUAL bound to: 3'b011 
	Parameter C_RESOLUTION bound to: 2 - type: integer 
	Parameter C_COMPARATOR_THRESHOLD bound to: 6 - type: integer 
INFO: [Synth 8-6157] synthesizing module 'generic_baseblocks_v2_1_0_comparator_static' [c:/Users/HP/OneDrive/桌面/stu/计组/组成与结构实验5/cache实验基础代码/cache_lab_v0.05/soc_axi_lite_loongson/rtl/xilinx_ip/axi_crossbar_1x2/hdl/generic_baseblocks_v2_1_vl_rfs.v:2133]
	Parameter C_FAMILY bound to: rtl - type: string 
	Parameter C_VALUE bound to: 30'b000111111010111100000000000000 
	Parameter C_DATA_WIDTH bound to: 30 - type: integer 
	Parameter C_BITS_PER_LUT bound to: 6 - type: integer 
	Parameter C_NUM_LUT bound to: 5 - type: integer 
	Parameter C_FIX_DATA_WIDTH bound to: 30 - type: integer 
INFO: [Synth 8-6157] synthesizing module 'generic_baseblocks_v2_1_0_carry_and' [c:/Users/HP/OneDrive/桌面/stu/计组/组成与结构实验5/cache实验基础代码/cache_lab_v0.05/soc_axi_lite_loongson/rtl/xilinx_ip/axi_crossbar_1x2/hdl/generic_baseblocks_v2_1_vl_rfs.v:62]
	Parameter C_FAMILY bound to: rtl - type: string 
INFO: [Synth 8-6155] done synthesizing module 'generic_baseblocks_v2_1_0_carry_and' (1#1) [c:/Users/HP/OneDrive/桌面/stu/计组/组成与结构实验5/cache实验基础代码/cache_lab_v0.05/soc_axi_lite_loongson/rtl/xilinx_ip/axi_crossbar_1x2/hdl/generic_baseblocks_v2_1_vl_rfs.v:62]
INFO: [Synth 8-6155] done synthesizing module 'generic_baseblocks_v2_1_0_comparator_static' (2#1) [c:/Users/HP/OneDrive/桌面/stu/计组/组成与结构实验5/cache实验基础代码/cache_lab_v0.05/soc_axi_lite_loongson/rtl/xilinx_ip/axi_crossbar_1x2/hdl/generic_baseblocks_v2_1_vl_rfs.v:2133]
INFO: [Synth 8-6157] synthesizing module 'generic_baseblocks_v2_1_0_comparator_static__parameterized0' [c:/Users/HP/OneDrive/桌面/stu/计组/组成与结构实验5/cache实验基础代码/cache_lab_v0.05/soc_axi_lite_loongson/rtl/xilinx_ip/axi_crossbar_1x2/hdl/generic_baseblocks_v2_1_vl_rfs.v:2133]
	Parameter C_FAMILY bound to: rtl - type: string 
	Parameter C_VALUE bound to: 30'b000111111100000000000000000000 
	Parameter C_DATA_WIDTH bound to: 30 - type: integer 
	Parameter C_BITS_PER_LUT bound to: 6 - type: integer 
	Parameter C_NUM_LUT bound to: 5 - type: integer 
	Parameter C_FIX_DATA_WIDTH bound to: 30 - type: integer 
INFO: [Synth 8-6155] done synthesizing module 'generic_baseblocks_v2_1_0_comparator_static__parameterized0' (2#1) [c:/Users/HP/OneDrive/桌面/stu/计组/组成与结构实验5/cache实验基础代码/cache_lab_v0.05/soc_axi_lite_loongson/rtl/xilinx_ip/axi_crossbar_1x2/hdl/generic_baseblocks_v2_1_vl_rfs.v:2133]
INFO: [Synth 8-6157] synthesizing module 'generic_baseblocks_v2_1_0_comparator_static__parameterized1' [c:/Users/HP/OneDrive/桌面/stu/计组/组成与结构实验5/cache实验基础代码/cache_lab_v0.05/soc_axi_lite_loongson/rtl/xilinx_ip/axi_crossbar_1x2/hdl/generic_baseblocks_v2_1_vl_rfs.v:2133]
	Parameter C_FAMILY bound to: rtl - type: string 
	Parameter C_VALUE bound to: 30'b001000000000000000000000000000 
	Parameter C_DATA_WIDTH bound to: 30 - type: integer 
	Parameter C_BITS_PER_LUT bound to: 6 - type: integer 
	Parameter C_NUM_LUT bound to: 5 - type: integer 
	Parameter C_FIX_DATA_WIDTH bound to: 30 - type: integer 
INFO: [Synth 8-6155] done synthesizing module 'generic_baseblocks_v2_1_0_comparator_static__parameterized1' (2#1) [c:/Users/HP/OneDrive/桌面/stu/计组/组成与结构实验5/cache实验基础代码/cache_lab_v0.05/soc_axi_lite_loongson/rtl/xilinx_ip/axi_crossbar_1x2/hdl/generic_baseblocks_v2_1_vl_rfs.v:2133]
INFO: [Synth 8-6157] synthesizing module 'generic_baseblocks_v2_1_0_comparator_static__parameterized2' [c:/Users/HP/OneDrive/桌面/stu/计组/组成与结构实验5/cache实验基础代码/cache_lab_v0.05/soc_axi_lite_loongson/rtl/xilinx_ip/axi_crossbar_1x2/hdl/generic_baseblocks_v2_1_vl_rfs.v:2133]
	Parameter C_FAMILY bound to: rtl - type: string 
	Parameter C_VALUE bound to: 30'b010000000000000000000000000000 
	Parameter C_DATA_WIDTH bound to: 30 - type: integer 
	Parameter C_BITS_PER_LUT bound to: 6 - type: integer 
	Parameter C_NUM_LUT bound to: 5 - type: integer 
	Parameter C_FIX_DATA_WIDTH bound to: 30 - type: integer 
INFO: [Synth 8-6155] done synthesizing module 'generic_baseblocks_v2_1_0_comparator_static__parameterized2' (2#1) [c:/Users/HP/OneDrive/桌面/stu/计组/组成与结构实验5/cache实验基础代码/cache_lab_v0.05/soc_axi_lite_loongson/rtl/xilinx_ip/axi_crossbar_1x2/hdl/generic_baseblocks_v2_1_vl_rfs.v:2133]
INFO: [Synth 8-6157] synthesizing module 'generic_baseblocks_v2_1_0_comparator_static__parameterized3' [c:/Users/HP/OneDrive/桌面/stu/计组/组成与结构实验5/cache实验基础代码/cache_lab_v0.05/soc_axi_lite_loongson/rtl/xilinx_ip/axi_crossbar_1x2/hdl/generic_baseblocks_v2_1_vl_rfs.v:2133]
	Parameter C_FAMILY bound to: rtl - type: string 
	Parameter C_VALUE bound to: 30'b100000000000000000000000000000 
	Parameter C_DATA_WIDTH bound to: 30 - type: integer 
	Parameter C_BITS_PER_LUT bound to: 6 - type: integer 
	Parameter C_NUM_LUT bound to: 5 - type: integer 
	Parameter C_FIX_DATA_WIDTH bound to: 30 - type: integer 
INFO: [Synth 8-6155] done synthesizing module 'generic_baseblocks_v2_1_0_comparator_static__parameterized3' (2#1) [c:/Users/HP/OneDrive/桌面/stu/计组/组成与结构实验5/cache实验基础代码/cache_lab_v0.05/soc_axi_lite_loongson/rtl/xilinx_ip/axi_crossbar_1x2/hdl/generic_baseblocks_v2_1_vl_rfs.v:2133]
INFO: [Synth 8-6157] synthesizing module 'generic_baseblocks_v2_1_0_comparator_static__parameterized4' [c:/Users/HP/OneDrive/桌面/stu/计组/组成与结构实验5/cache实验基础代码/cache_lab_v0.05/soc_axi_lite_loongson/rtl/xilinx_ip/axi_crossbar_1x2/hdl/generic_baseblocks_v2_1_vl_rfs.v:2133]
	Parameter C_FAMILY bound to: rtl - type: string 
	Parameter C_VALUE bound to: 30'b000000000000000000000000000000 
	Parameter C_DATA_WIDTH bound to: 30 - type: integer 
	Parameter C_BITS_PER_LUT bound to: 6 - type: integer 
	Parameter C_NUM_LUT bound to: 5 - type: integer 
	Parameter C_FIX_DATA_WIDTH bound to: 30 - type: integer 
INFO: [Synth 8-6155] done synthesizing module 'generic_baseblocks_v2_1_0_comparator_static__parameterized4' (2#1) [c:/Users/HP/OneDrive/桌面/stu/计组/组成与结构实验5/cache实验基础代码/cache_lab_v0.05/soc_axi_lite_loongson/rtl/xilinx_ip/axi_crossbar_1x2/hdl/generic_baseblocks_v2_1_vl_rfs.v:2133]
INFO: [Synth 8-6155] done synthesizing module 'axi_crossbar_v2_1_21_addr_decoder' (3#1) [c:/Users/HP/OneDrive/桌面/stu/计组/组成与结构实验5/cache实验基础代码/cache_lab_v0.05/soc_axi_lite_loongson/rtl/xilinx_ip/axi_crossbar_1x2/hdl/axi_crossbar_v2_1_vl_rfs.v:794]
INFO: [Synth 8-6157] synthesizing module 'axi_data_fifo_v2_1_19_axic_srl_fifo' [c:/Users/HP/OneDrive/桌面/stu/计组/组成与结构实验5/cache实验基础代码/cache_lab_v0.05/soc_axi_lite_loongson/rtl/xilinx_ip/axi_crossbar_1x2/hdl/axi_data_fifo_v2_1_vl_rfs.v:698]
	Parameter C_FAMILY bound to: artix7 - type: string 
	Parameter C_FIFO_WIDTH bound to: 8 - type: integer 
	Parameter C_MAX_CTRL_FANOUT bound to: 33 - type: integer 
	Parameter C_FIFO_DEPTH_LOG bound to: 3 - type: integer 
	Parameter C_USE_FULL bound to: 0 - type: integer 
	Parameter P_FIFO_DEPTH_LOG bound to: 3 - type: integer 
	Parameter P_EMPTY bound to: 3'b111 
	Parameter P_ALMOSTEMPTY bound to: 3'b000 
	Parameter P_ALMOSTFULL_TEMP bound to: 4'b1110 
	Parameter P_ALMOSTFULL bound to: 3'b110 
	Parameter P_NUM_REPS bound to: 1 - type: integer 
INFO: [Synth 8-6157] synthesizing module 'axi_data_fifo_v2_1_19_ndeep_srl' [c:/Users/HP/OneDrive/桌面/stu/计组/组成与结构实验5/cache实验基础代码/cache_lab_v0.05/soc_axi_lite_loongson/rtl/xilinx_ip/axi_crossbar_1x2/hdl/axi_data_fifo_v2_1_vl_rfs.v:1135]
	Parameter C_FAMILY bound to: artix7 - type: string 
	Parameter C_A_WIDTH bound to: 3 - type: integer 
	Parameter P_SRLASIZE bound to: 5 - type: integer 
	Parameter P_SRLDEPTH bound to: 32 - type: integer 
	Parameter P_NUMSRLS bound to: 1 - type: integer 
	Parameter P_SHIFT_DEPTH bound to: 8 - type: integer 
INFO: [Synth 8-6157] synthesizing module 'SRLC32E' [F:/vivado/Vivado/2019.2/scripts/rt/data/unisim_comp.v:78115]
	Parameter INIT bound to: 32'b00000000000000000000000000000000 
	Parameter IS_CLK_INVERTED bound to: 1'b0 
INFO: [Synth 8-6155] done synthesizing module 'SRLC32E' (4#1) [F:/vivado/Vivado/2019.2/scripts/rt/data/unisim_comp.v:78115]
INFO: [Synth 8-6155] done synthesizing module 'axi_data_fifo_v2_1_19_ndeep_srl' (5#1) [c:/Users/HP/OneDrive/桌面/stu/计组/组成与结构实验5/cache实验基础代码/cache_lab_v0.05/soc_axi_lite_loongson/rtl/xilinx_ip/axi_crossbar_1x2/hdl/axi_data_fifo_v2_1_vl_rfs.v:1135]
WARNING: [Synth 8-6014] Unused sequential element areset_d1_reg was removed.  [c:/Users/HP/OneDrive/桌面/stu/计组/组成与结构实验5/cache实验基础代码/cache_lab_v0.05/soc_axi_lite_loongson/rtl/xilinx_ip/axi_crossbar_1x2/hdl/axi_data_fifo_v2_1_vl_rfs.v:750]
WARNING: [Synth 8-6014] Unused sequential element S_READY_i_reg was removed.  [c:/Users/HP/OneDrive/桌面/stu/计组/组成与结构实验5/cache实验基础代码/cache_lab_v0.05/soc_axi_lite_loongson/rtl/xilinx_ip/axi_crossbar_1x2/hdl/axi_data_fifo_v2_1_vl_rfs.v:789]
INFO: [Synth 8-6155] done synthesizing module 'axi_data_fifo_v2_1_19_axic_srl_fifo' (6#1) [c:/Users/HP/OneDrive/桌面/stu/计组/组成与结构实验5/cache实验基础代码/cache_lab_v0.05/soc_axi_lite_loongson/rtl/xilinx_ip/axi_crossbar_1x2/hdl/axi_data_fifo_v2_1_vl_rfs.v:698]
INFO: [Synth 8-6157] synthesizing module 'axi_crossbar_v2_1_21_arbiter_resp' [c:/Users/HP/OneDrive/桌面/stu/计组/组成与结构实验5/cache实验基础代码/cache_lab_v0.05/soc_axi_lite_loongson/rtl/xilinx_ip/axi_crossbar_1x2/hdl/axi_crossbar_v2_1_vl_rfs.v:1025]
	Parameter C_FAMILY bound to: artix7 - type: string 
	Parameter C_NUM_S bound to: 3 - type: integer 
	Parameter C_NUM_S_LOG bound to: 2 - type: integer 
	Parameter C_GRANT_ENC bound to: 1 - type: integer 
	Parameter C_GRANT_HOT bound to: 0 - type: integer 
INFO: [Synth 8-6155] done synthesizing module 'axi_crossbar_v2_1_21_arbiter_resp' (7#1) [c:/Users/HP/OneDrive/桌面/stu/计组/组成与结构实验5/cache实验基础代码/cache_lab_v0.05/soc_axi_lite_loongson/rtl/xilinx_ip/axi_crossbar_1x2/hdl/axi_crossbar_v2_1_vl_rfs.v:1025]
INFO: [Synth 8-6157] synthesizing module 'generic_baseblocks_v2_1_0_mux_enc' [c:/Users/HP/OneDrive/桌面/stu/计组/组成与结构实验5/cache实验基础代码/cache_lab_v0.05/soc_axi_lite_loongson/rtl/xilinx_ip/axi_crossbar_1x2/hdl/generic_baseblocks_v2_1_vl_rfs.v:2452]
	Parameter C_FAMILY bound to: artix7 - type: string 
	Parameter C_RATIO bound to: 3 - type: integer 
	Parameter C_SEL_WIDTH bound to: 2 - type: integer 
	Parameter C_DATA_WIDTH bound to: 40 - type: integer 
INFO: [Synth 8-6155] done synthesizing module 'generic_baseblocks_v2_1_0_mux_enc' (8#1) [c:/Users/HP/OneDrive/桌面/stu/计组/组成与结构实验5/cache实验基础代码/cache_lab_v0.05/soc_axi_lite_loongson/rtl/xilinx_ip/axi_crossbar_1x2/hdl/generic_baseblocks_v2_1_vl_rfs.v:2452]
WARNING: [Synth 8-6014] Unused sequential element gen_multi_thread.debug_r_beat_cnt_i_reg was removed.  [c:/Users/HP/OneDrive/桌面/stu/计组/组成与结构实验5/cache实验基础代码/cache_lab_v0.05/soc_axi_lite_loongson/rtl/xilinx_ip/axi_crossbar_1x2/hdl/axi_crossbar_v2_1_vl_rfs.v:4346]
WARNING: [Synth 8-6014] Unused sequential element gen_multi_thread.debug_r_beat_cnt_i_reg was removed.  [c:/Users/HP/OneDrive/桌面/stu/计组/组成与结构实验5/cache实验基础代码/cache_lab_v0.05/soc_axi_lite_loongson/rtl/xilinx_ip/axi_crossbar_1x2/hdl/axi_crossbar_v2_1_vl_rfs.v:4346]
WARNING: [Synth 8-6014] Unused sequential element gen_multi_thread.debug_r_beat_cnt_i_reg was removed.  [c:/Users/HP/OneDrive/桌面/stu/计组/组成与结构实验5/cache实验基础代码/cache_lab_v0.05/soc_axi_lite_loongson/rtl/xilinx_ip/axi_crossbar_1x2/hdl/axi_crossbar_v2_1_vl_rfs.v:4346]
WARNING: [Synth 8-6014] Unused sequential element gen_multi_thread.debug_r_beat_cnt_i_reg was removed.  [c:/Users/HP/OneDrive/桌面/stu/计组/组成与结构实验5/cache实验基础代码/cache_lab_v0.05/soc_axi_lite_loongson/rtl/xilinx_ip/axi_crossbar_1x2/hdl/axi_crossbar_v2_1_vl_rfs.v:4346]
INFO: [Synth 8-6155] done synthesizing module 'axi_crossbar_v2_1_21_si_transactor' (9#1) [c:/Users/HP/OneDrive/桌面/stu/计组/组成与结构实验5/cache实验基础代码/cache_lab_v0.05/soc_axi_lite_loongson/rtl/xilinx_ip/axi_crossbar_1x2/hdl/axi_crossbar_v2_1_vl_rfs.v:3800]
INFO: [Synth 8-6157] synthesizing module 'axi_crossbar_v2_1_21_si_transactor__parameterized0' [c:/Users/HP/OneDrive/桌面/stu/计组/组成与结构实验5/cache实验基础代码/cache_lab_v0.05/soc_axi_lite_loongson/rtl/xilinx_ip/axi_crossbar_1x2/hdl/axi_crossbar_v2_1_vl_rfs.v:3800]
	Parameter C_FAMILY bound to: artix7 - type: string 
	Parameter C_SI bound to: 0 - type: integer 
	Parameter C_DIR bound to: 0 - type: integer 
	Parameter C_NUM_ADDR_RANGES bound to: 5 - type: integer 
	Parameter C_NUM_M bound to: 2 - type: integer 
	Parameter C_NUM_M_LOG bound to: 1 - type: integer 
	Parameter C_ACCEPTANCE bound to: 4 - type: integer 
	Parameter C_ACCEPTANCE_LOG bound to: 2 - type: integer 
	Parameter C_ID_WIDTH bound to: 4 - type: integer 
	Parameter C_THREAD_ID_WIDTH bound to: 4 - type: integer 
	Parameter C_ADDR_WIDTH bound to: 32 - type: integer 
	Parameter C_AMESG_WIDTH bound to: 11 - type: integer 
	Parameter C_RMESG_WIDTH bound to: 3 - type: integer 
	Parameter C_BASE_ID bound to: 4'b0000 
	Parameter C_HIGH_ID bound to: 4'b1111 
	Parameter C_BASE_ADDR bound to: 640'b0000000000000000000000000000000000000000000000000000000000000000000000000000000000000000000000001000000000000000000000000000000000000000000000000000000000000000010000000000000000000000000000000000000000000000000000000000000000100000000000000000000000000000000000000000000000000000000000000001111111000000000000000000000011111111111111111111111111111111111111111111111111111111111111111111111111111111111111111111111111111111111111111111111111111111111111111111111111111111111111111111111111111111111111111111111111111111111111111111111111111111111111111111111111111111111111110000000000000000000000000000000000011111101011110000000000000000 
	Parameter C_HIGH_ADDR bound to: 640'b0000000000000000000000000000000000001111111111111111111111111111000000000000000000000000000000001111111111111111111111111111111100000000000000000000000000000000011111111111111111111111111111110000000000000000000000000000000000111111111111111111111111111111000000000000000000000000000000000001111111111111111111111111111100000000000000000000000000000000000000000000000000000000000000000000000000000000000000000000000000000000000000000000000000000000000000000000000000000000000000000000000000000000000000000000000000000000000000000000000000000000000000000000000000000000000000000000000000000000000000000000000000011111101011111111111111111111 
	Parameter C_SINGLE_THREAD bound to: 0 - type: integer 
	Parameter C_TARGET_QUAL bound to: 2'b11 
	Parameter C_M_AXI_SECURE bound to: 64'b0000000000000000000000000000000000000000000000000000000000000000 
	Parameter C_RANGE_CHECK bound to: 1 - type: integer 
	Parameter C_ADDR_DECODE bound to: 1 - type: integer 
	Parameter C_ERR_MODE bound to: 64'b0000000000000000000000000000000000000000000000000000000000000000 
	Parameter C_DEBUG bound to: 1 - type: integer 
	Parameter P_WRITE bound to: 0 - type: integer 
	Parameter P_READ bound to: 1 - type: integer 
	Parameter P_RMUX_MESG_WIDTH bound to: 8 - type: integer 
	Parameter P_AXILITE_ERRMODE bound to: 1 - type: integer 
	Parameter P_NONSECURE_BIT bound to: 1 - type: integer 
	Parameter P_NUM_M_LOG_M1 bound to: 1 - type: integer 
	Parameter P_M_AXILITE bound to: 2'b00 
	Parameter P_FIXED bound to: 2'b00 
	Parameter P_NUM_M_DE_LOG bound to: 2 - type: integer 
	Parameter P_THREAD_ID_WIDTH_M1 bound to: 4 - type: integer 
	Parameter P_NUM_ID_VAL bound to: 16 - type: integer 
	Parameter P_NUM_THREADS bound to: 4 - type: integer 
	Parameter P_M_SECURE_MASK bound to: 2'b00 
INFO: [Synth 8-6157] synthesizing module 'generic_baseblocks_v2_1_0_mux_enc__parameterized0' [c:/Users/HP/OneDrive/桌面/stu/计组/组成与结构实验5/cache实验基础代码/cache_lab_v0.05/soc_axi_lite_loongson/rtl/xilinx_ip/axi_crossbar_1x2/hdl/generic_baseblocks_v2_1_vl_rfs.v:2452]
	Parameter C_FAMILY bound to: artix7 - type: string 
	Parameter C_RATIO bound to: 3 - type: integer 
	Parameter C_SEL_WIDTH bound to: 2 - type: integer 
	Parameter C_DATA_WIDTH bound to: 8 - type: integer 
INFO: [Synth 8-6155] done synthesizing module 'generic_baseblocks_v2_1_0_mux_enc__parameterized0' (9#1) [c:/Users/HP/OneDrive/桌面/stu/计组/组成与结构实验5/cache实验基础代码/cache_lab_v0.05/soc_axi_lite_loongson/rtl/xilinx_ip/axi_crossbar_1x2/hdl/generic_baseblocks_v2_1_vl_rfs.v:2452]
WARNING: [Synth 8-6014] Unused sequential element gen_multi_thread.debug_r_beat_cnt_i_reg was removed.  [c:/Users/HP/OneDrive/桌面/stu/计组/组成与结构实验5/cache实验基础代码/cache_lab_v0.05/soc_axi_lite_loongson/rtl/xilinx_ip/axi_crossbar_1x2/hdl/axi_crossbar_v2_1_vl_rfs.v:4346]
WARNING: [Synth 8-6014] Unused sequential element gen_multi_thread.debug_r_beat_cnt_i_reg was removed.  [c:/Users/HP/OneDrive/桌面/stu/计组/组成与结构实验5/cache实验基础代码/cache_lab_v0.05/soc_axi_lite_loongson/rtl/xilinx_ip/axi_crossbar_1x2/hdl/axi_crossbar_v2_1_vl_rfs.v:4346]
WARNING: [Synth 8-6014] Unused sequential element gen_multi_thread.debug_r_beat_cnt_i_reg was removed.  [c:/Users/HP/OneDrive/桌面/stu/计组/组成与结构实验5/cache实验基础代码/cache_lab_v0.05/soc_axi_lite_loongson/rtl/xilinx_ip/axi_crossbar_1x2/hdl/axi_crossbar_v2_1_vl_rfs.v:4346]
WARNING: [Synth 8-6014] Unused sequential element gen_multi_thread.debug_r_beat_cnt_i_reg was removed.  [c:/Users/HP/OneDrive/桌面/stu/计组/组成与结构实验5/cache实验基础代码/cache_lab_v0.05/soc_axi_lite_loongson/rtl/xilinx_ip/axi_crossbar_1x2/hdl/axi_crossbar_v2_1_vl_rfs.v:4346]
INFO: [Synth 8-6155] done synthesizing module 'axi_crossbar_v2_1_21_si_transactor__parameterized0' (9#1) [c:/Users/HP/OneDrive/桌面/stu/计组/组成与结构实验5/cache实验基础代码/cache_lab_v0.05/soc_axi_lite_loongson/rtl/xilinx_ip/axi_crossbar_1x2/hdl/axi_crossbar_v2_1_vl_rfs.v:3800]
INFO: [Synth 8-6157] synthesizing module 'axi_crossbar_v2_1_21_splitter' [c:/Users/HP/OneDrive/桌面/stu/计组/组成与结构实验5/cache实验基础代码/cache_lab_v0.05/soc_axi_lite_loongson/rtl/xilinx_ip/axi_crossbar_1x2/hdl/axi_crossbar_v2_1_vl_rfs.v:4461]
	Parameter C_NUM_M bound to: 2 - type: integer 
INFO: [Synth 8-6155] done synthesizing module 'axi_crossbar_v2_1_21_splitter' (10#1) [c:/Users/HP/OneDrive/桌面/stu/计组/组成与结构实验5/cache实验基础代码/cache_lab_v0.05/soc_axi_lite_loongson/rtl/xilinx_ip/axi_crossbar_1x2/hdl/axi_crossbar_v2_1_vl_rfs.v:4461]
INFO: [Synth 8-6157] synthesizing module 'axi_crossbar_v2_1_21_wdata_router' [c:/Users/HP/OneDrive/桌面/stu/计组/组成与结构实验5/cache实验基础代码/cache_lab_v0.05/soc_axi_lite_loongson/rtl/xilinx_ip/axi_crossbar_1x2/hdl/axi_crossbar_v2_1_vl_rfs.v:4736]
	Parameter C_FAMILY bound to: artix7 - type: string 
	Parameter C_WMESG_WIDTH bound to: 41 - type: integer 
	Parameter C_NUM_MASTER_SLOTS bound to: 3 - type: integer 
	Parameter C_SELECT_WIDTH bound to: 2 - type: integer 
	Parameter C_FIFO_DEPTH_LOG bound to: 2 - type: integer 
	Parameter P_FIFO_DEPTH_LOG bound to: 2 - type: integer 
INFO: [Synth 8-6157] synthesizing module 'axi_data_fifo_v2_1_19_axic_reg_srl_fifo' [c:/Users/HP/OneDrive/桌面/stu/计组/组成与结构实验5/cache实验基础代码/cache_lab_v0.05/soc_axi_lite_loongson/rtl/xilinx_ip/axi_crossbar_1x2/hdl/axi_data_fifo_v2_1_vl_rfs.v:889]
	Parameter C_FAMILY bound to: artix7 - type: string 
	Parameter C_FIFO_WIDTH bound to: 2 - type: integer 
	Parameter C_MAX_CTRL_FANOUT bound to: 33 - type: integer 
	Parameter C_FIFO_DEPTH_LOG bound to: 2 - type: integer 
	Parameter C_USE_FULL bound to: 1 - type: integer 
	Parameter P_FIFO_DEPTH_LOG bound to: 2 - type: integer 
	Parameter P_EMPTY bound to: 2'b11 
	Parameter P_ALMOSTEMPTY bound to: 2'b00 
	Parameter P_ALMOSTFULL_TEMP bound to: 3'b110 
	Parameter P_ALMOSTFULL bound to: 2'b10 
	Parameter P_NUM_REPS bound to: 1 - type: integer 
	Parameter ZERO bound to: 2'b10 
	Parameter ONE bound to: 2'b11 
	Parameter TWO bound to: 2'b01 
INFO: [Synth 8-6157] synthesizing module 'axi_data_fifo_v2_1_19_ndeep_srl__parameterized0' [c:/Users/HP/OneDrive/桌面/stu/计组/组成与结构实验5/cache实验基础代码/cache_lab_v0.05/soc_axi_lite_loongson/rtl/xilinx_ip/axi_crossbar_1x2/hdl/axi_data_fifo_v2_1_vl_rfs.v:1135]
	Parameter C_FAMILY bound to: artix7 - type: string 
	Parameter C_A_WIDTH bound to: 2 - type: integer 
	Parameter P_SRLASIZE bound to: 5 - type: integer 
	Parameter P_SRLDEPTH bound to: 32 - type: integer 
	Parameter P_NUMSRLS bound to: 1 - type: integer 
	Parameter P_SHIFT_DEPTH bound to: 4 - type: integer 
INFO: [Synth 8-6155] done synthesizing module 'axi_data_fifo_v2_1_19_ndeep_srl__parameterized0' (10#1) [c:/Users/HP/OneDrive/桌面/stu/计组/组成与结构实验5/cache实验基础代码/cache_lab_v0.05/soc_axi_lite_loongson/rtl/xilinx_ip/axi_crossbar_1x2/hdl/axi_data_fifo_v2_1_vl_rfs.v:1135]
INFO: [Synth 8-155] case statement is not full and has no default [c:/Users/HP/OneDrive/桌面/stu/计组/组成与结构实验5/cache实验基础代码/cache_lab_v0.05/soc_axi_lite_loongson/rtl/xilinx_ip/axi_crossbar_1x2/hdl/axi_data_fifo_v2_1_vl_rfs.v:986]
INFO: [Synth 8-6155] done synthesizing module 'axi_data_fifo_v2_1_19_axic_reg_srl_fifo' (11#1) [c:/Users/HP/OneDrive/桌面/stu/计组/组成与结构实验5/cache实验基础代码/cache_lab_v0.05/soc_axi_lite_loongson/rtl/xilinx_ip/axi_crossbar_1x2/hdl/axi_data_fifo_v2_1_vl_rfs.v:889]
INFO: [Synth 8-6155] done synthesizing module 'axi_crossbar_v2_1_21_wdata_router' (12#1) [c:/Users/HP/OneDrive/桌面/stu/计组/组成与结构实验5/cache实验基础代码/cache_lab_v0.05/soc_axi_lite_loongson/rtl/xilinx_ip/axi_crossbar_1x2/hdl/axi_crossbar_v2_1_vl_rfs.v:4736]
INFO: [Synth 8-6157] synthesizing module 'axi_data_fifo_v2_1_19_axic_srl_fifo__parameterized0' [c:/Users/HP/OneDrive/桌面/stu/计组/组成与结构实验5/cache实验基础代码/cache_lab_v0.05/soc_axi_lite_loongson/rtl/xilinx_ip/axi_crossbar_1x2/hdl/axi_data_fifo_v2_1_vl_rfs.v:698]
	Parameter C_FAMILY bound to: artix7 - type: string 
	Parameter C_FIFO_WIDTH bound to: 8 - type: integer 
	Parameter C_MAX_CTRL_FANOUT bound to: 33 - type: integer 
	Parameter C_FIFO_DEPTH_LOG bound to: 2 - type: integer 
	Parameter C_USE_FULL bound to: 0 - type: integer 
	Parameter P_FIFO_DEPTH_LOG bound to: 2 - type: integer 
	Parameter P_EMPTY bound to: 2'b11 
	Parameter P_ALMOSTEMPTY bound to: 2'b00 
	Parameter P_ALMOSTFULL_TEMP bound to: 3'b110 
	Parameter P_ALMOSTFULL bound to: 2'b10 
	Parameter P_NUM_REPS bound to: 1 - type: integer 
WARNING: [Synth 8-6014] Unused sequential element areset_d1_reg was removed.  [c:/Users/HP/OneDrive/桌面/stu/计组/组成与结构实验5/cache实验基础代码/cache_lab_v0.05/soc_axi_lite_loongson/rtl/xilinx_ip/axi_crossbar_1x2/hdl/axi_data_fifo_v2_1_vl_rfs.v:750]
WARNING: [Synth 8-6014] Unused sequential element S_READY_i_reg was removed.  [c:/Users/HP/OneDrive/桌面/stu/计组/组成与结构实验5/cache实验基础代码/cache_lab_v0.05/soc_axi_lite_loongson/rtl/xilinx_ip/axi_crossbar_1x2/hdl/axi_data_fifo_v2_1_vl_rfs.v:789]
INFO: [Synth 8-6155] done synthesizing module 'axi_data_fifo_v2_1_19_axic_srl_fifo__parameterized0' (12#1) [c:/Users/HP/OneDrive/桌面/stu/计组/组成与结构实验5/cache实验基础代码/cache_lab_v0.05/soc_axi_lite_loongson/rtl/xilinx_ip/axi_crossbar_1x2/hdl/axi_data_fifo_v2_1_vl_rfs.v:698]
INFO: [Synth 8-6157] synthesizing module 'axi_crossbar_v2_1_21_wdata_mux' [c:/Users/HP/OneDrive/桌面/stu/计组/组成与结构实验5/cache实验基础代码/cache_lab_v0.05/soc_axi_lite_loongson/rtl/xilinx_ip/axi_crossbar_1x2/hdl/axi_crossbar_v2_1_vl_rfs.v:4561]
	Parameter C_FAMILY bound to: artix7 - type: string 
	Parameter C_WMESG_WIDTH bound to: 41 - type: integer 
	Parameter C_NUM_SLAVE_SLOTS bound to: 1 - type: integer 
	Parameter C_SELECT_WIDTH bound to: 1 - type: integer 
	Parameter C_FIFO_DEPTH_LOG bound to: 2 - type: integer 
	Parameter P_FIFO_DEPTH_LOG bound to: 2 - type: integer 
INFO: [Synth 8-6155] done synthesizing module 'axi_crossbar_v2_1_21_wdata_mux' (13#1) [c:/Users/HP/OneDrive/桌面/stu/计组/组成与结构实验5/cache实验基础代码/cache_lab_v0.05/soc_axi_lite_loongson/rtl/xilinx_ip/axi_crossbar_1x2/hdl/axi_crossbar_v2_1_vl_rfs.v:4561]
INFO: [Synth 8-6157] synthesizing module 'axi_register_slice_v2_1_20_axi_register_slice' [c:/Users/HP/OneDrive/桌面/stu/计组/组成与结构实验5/cache实验基础代码/cache_lab_v0.05/soc_axi_lite_loongson/rtl/xilinx_ip/axi_crossbar_1x2/hdl/axi_register_slice_v2_1_vl_rfs.v:3704]
	Parameter C_FAMILY bound to: artix7 - type: string 
	Parameter C_AXI_PROTOCOL bound to: 1 - type: integer 
	Parameter C_AXI_ID_WIDTH bound to: 4 - type: integer 
	Parameter C_AXI_ADDR_WIDTH bound to: 1 - type: integer 
	Parameter C_AXI_DATA_WIDTH bound to: 32 - type: integer 
	Parameter C_AXI_SUPPORTS_USER_SIGNALS bound to: 0 - type: integer 
	Parameter C_AXI_AWUSER_WIDTH bound to: 1 - type: integer 
	Parameter C_AXI_ARUSER_WIDTH bound to: 1 - type: integer 
	Parameter C_AXI_WUSER_WIDTH bound to: 1 - type: integer 
	Parameter C_AXI_RUSER_WIDTH bound to: 1 - type: integer 
	Parameter C_AXI_BUSER_WIDTH bound to: 1 - type: integer 
	Parameter C_REG_CONFIG_AW bound to: 0 - type: integer 
	Parameter C_REG_CONFIG_W bound to: 0 - type: integer 
	Parameter C_REG_CONFIG_B bound to: 7 - type: integer 
	Parameter C_REG_CONFIG_AR bound to: 0 - type: integer 
	Parameter C_REG_CONFIG_R bound to: 1 - type: integer 
	Parameter C_RESERVE_MODE bound to: 0 - type: integer 
	Parameter C_NUM_SLR_CROSSINGS bound to: 0 - type: integer 
	Parameter C_PIPELINES_MASTER_AW bound to: 0 - type: integer 
	Parameter C_PIPELINES_MASTER_W bound to: 0 - type: integer 
	Parameter C_PIPELINES_MASTER_B bound to: 0 - type: integer 
	Parameter C_PIPELINES_MASTER_AR bound to: 0 - type: integer 
	Parameter C_PIPELINES_MASTER_R bound to: 0 - type: integer 
	Parameter C_PIPELINES_SLAVE_AW bound to: 0 - type: integer 
	Parameter C_PIPELINES_SLAVE_W bound to: 0 - type: integer 
	Parameter C_PIPELINES_SLAVE_B bound to: 0 - type: integer 
	Parameter C_PIPELINES_SLAVE_AR bound to: 0 - type: integer 
	Parameter C_PIPELINES_SLAVE_R bound to: 0 - type: integer 
	Parameter C_PIPELINES_MIDDLE_AW bound to: 0 - type: integer 
	Parameter C_PIPELINES_MIDDLE_W bound to: 0 - type: integer 
	Parameter C_PIPELINES_MIDDLE_B bound to: 0 - type: integer 
	Parameter C_PIPELINES_MIDDLE_AR bound to: 0 - type: integer 
	Parameter C_PIPELINES_MIDDLE_R bound to: 0 - type: integer 
	Parameter C_AXI_SUPPORTS_REGION_SIGNALS bound to: 0 - type: integer 
	Parameter P_FORWARD bound to: 0 - type: integer 
	Parameter P_RESPONSE bound to: 1 - type: integer 
	Parameter G_AXI_AWADDR_INDEX bound to: 0 - type: integer 
	Parameter G_AXI_AWADDR_WIDTH bound to: 1 - type: integer 
	Parameter G_AXI_AWPROT_INDEX bound to: 1 - type: integer 
	Parameter G_AXI_AWPROT_WIDTH bound to: 3 - type: integer 
	Parameter G_AXI_AWSIZE_INDEX bound to: 4 - type: integer 
	Parameter G_AXI_AWSIZE_WIDTH bound to: 3 - type: integer 
	Parameter G_AXI_AWBURST_INDEX bound to: 7 - type: integer 
	Parameter G_AXI_AWBURST_WIDTH bound to: 2 - type: integer 
	Parameter G_AXI_AWCACHE_INDEX bound to: 9 - type: integer 
	Parameter G_AXI_AWCACHE_WIDTH bound to: 4 - type: integer 
	Parameter G_AXI_AWLEN_INDEX bound to: 13 - type: integer 
	Parameter G_AXI_AWLEN_WIDTH bound to: 4 - type: integer 
	Parameter G_AXI_AWLOCK_INDEX bound to: 17 - type: integer 
	Parameter G_AXI_AWLOCK_WIDTH bound to: 2 - type: integer 
	Parameter G_AXI_AWID_INDEX bound to: 19 - type: integer 
	Parameter G_AXI_AWID_WIDTH bound to: 4 - type: integer 
	Parameter G_AXI_AWQOS_INDEX bound to: 23 - type: integer 
	Parameter G_AXI_AWQOS_WIDTH bound to: 4 - type: integer 
	Parameter G_AXI_AWREGION_INDEX bound to: 27 - type: integer 
	Parameter G_AXI_AWREGION_WIDTH bound to: 0 - type: integer 
	Parameter G_AXI_AWUSER_INDEX bound to: 27 - type: integer 
	Parameter G_AXI_AWUSER_WIDTH bound to: 0 - type: integer 
	Parameter G_AXI_AWPAYLOAD_WIDTH bound to: 27 - type: integer 
	Parameter G_AXI_ARADDR_INDEX bound to: 0 - type: integer 
	Parameter G_AXI_ARADDR_WIDTH bound to: 1 - type: integer 
	Parameter G_AXI_ARPROT_INDEX bound to: 1 - type: integer 
	Parameter G_AXI_ARPROT_WIDTH bound to: 3 - type: integer 
	Parameter G_AXI_ARSIZE_INDEX bound to: 4 - type: integer 
	Parameter G_AXI_ARSIZE_WIDTH bound to: 3 - type: integer 
	Parameter G_AXI_ARBURST_INDEX bound to: 7 - type: integer 
	Parameter G_AXI_ARBURST_WIDTH bound to: 2 - type: integer 
	Parameter G_AXI_ARCACHE_INDEX bound to: 9 - type: integer 
	Parameter G_AXI_ARCACHE_WIDTH bound to: 4 - type: integer 
	Parameter G_AXI_ARLEN_INDEX bound to: 13 - type: integer 
	Parameter G_AXI_ARLEN_WIDTH bound to: 4 - type: integer 
	Parameter G_AXI_ARLOCK_INDEX bound to: 17 - type: integer 
	Parameter G_AXI_ARLOCK_WIDTH bound to: 2 - type: integer 
	Parameter G_AXI_ARID_INDEX bound to: 19 - type: integer 
	Parameter G_AXI_ARID_WIDTH bound to: 4 - type: integer 
	Parameter G_AXI_ARQOS_INDEX bound to: 23 - type: integer 
	Parameter G_AXI_ARQOS_WIDTH bound to: 4 - type: integer 
	Parameter G_AXI_ARREGION_INDEX bound to: 27 - type: integer 
	Parameter G_AXI_ARREGION_WIDTH bound to: 0 - type: integer 
	Parameter G_AXI_ARUSER_INDEX bound to: 27 - type: integer 
	Parameter G_AXI_ARUSER_WIDTH bound to: 0 - type: integer 
	Parameter G_AXI_ARPAYLOAD_WIDTH bound to: 27 - type: integer 
	Parameter G_AXI_WDATA_INDEX bound to: 0 - type: integer 
	Parameter G_AXI_WDATA_WIDTH bound to: 32 - type: integer 
	Parameter G_AXI_WSTRB_INDEX bound to: 32 - type: integer 
	Parameter G_AXI_WSTRB_WIDTH bound to: 4 - type: integer 
	Parameter G_AXI_WLAST_INDEX bound to: 36 - type: integer 
	Parameter G_AXI_WLAST_WIDTH bound to: 1 - type: integer 
	Parameter G_AXI_WID_INDEX bound to: 37 - type: integer 
	Parameter G_AXI_WID_WIDTH bound to: 4 - type: integer 
	Parameter G_AXI_WUSER_INDEX bound to: 41 - type: integer 
	Parameter G_AXI_WUSER_WIDTH bound to: 0 - type: integer 
	Parameter G_AXI_WPAYLOAD_WIDTH bound to: 41 - type: integer 
	Parameter G_AXI_BRESP_INDEX bound to: 0 - type: integer 
	Parameter G_AXI_BRESP_WIDTH bound to: 2 - type: integer 
	Parameter G_AXI_BID_INDEX bound to: 2 - type: integer 
	Parameter G_AXI_BID_WIDTH bound to: 4 - type: integer 
	Parameter G_AXI_BUSER_INDEX bound to: 6 - type: integer 
	Parameter G_AXI_BUSER_WIDTH bound to: 0 - type: integer 
	Parameter G_AXI_BPAYLOAD_WIDTH bound to: 6 - type: integer 
	Parameter G_AXI_RDATA_INDEX bound to: 0 - type: integer 
	Parameter G_AXI_RDATA_WIDTH bound to: 32 - type: integer 
	Parameter G_AXI_RRESP_INDEX bound to: 32 - type: integer 
	Parameter G_AXI_RRESP_WIDTH bound to: 2 - type: integer 
	Parameter G_AXI_RLAST_INDEX bound to: 34 - type: integer 
	Parameter G_AXI_RLAST_WIDTH bound to: 1 - type: integer 
	Parameter G_AXI_RID_INDEX bound to: 35 - type: integer 
	Parameter G_AXI_RID_WIDTH bound to: 4 - type: integer 
	Parameter G_AXI_RUSER_INDEX bound to: 39 - type: integer 
	Parameter G_AXI_RUSER_WIDTH bound to: 0 - type: integer 
	Parameter G_AXI_RPAYLOAD_WIDTH bound to: 39 - type: integer 
INFO: [Synth 8-6157] synthesizing module 'axi_infrastructure_v1_1_0_axi2vector' [c:/Users/HP/OneDrive/桌面/stu/计组/组成与结构实验5/cache实验基础代码/cache_lab_v0.05/soc_axi_lite_loongson/rtl/xilinx_ip/axi_crossbar_1x2/hdl/axi_infrastructure_v1_1_vl_rfs.v:60]
	Parameter C_AXI_PROTOCOL bound to: 1 - type: integer 
	Parameter C_AXI_ID_WIDTH bound to: 4 - type: integer 
	Parameter C_AXI_ADDR_WIDTH bound to: 1 - type: integer 
	Parameter C_AXI_DATA_WIDTH bound to: 32 - type: integer 
	Parameter C_AXI_SUPPORTS_USER_SIGNALS bound to: 0 - type: integer 
	Parameter C_AXI_SUPPORTS_REGION_SIGNALS bound to: 0 - type: integer 
	Parameter C_AXI_AWUSER_WIDTH bound to: 1 - type: integer 
	Parameter C_AXI_WUSER_WIDTH bound to: 1 - type: integer 
	Parameter C_AXI_BUSER_WIDTH bound to: 1 - type: integer 
	Parameter C_AXI_ARUSER_WIDTH bound to: 1 - type: integer 
	Parameter C_AXI_RUSER_WIDTH bound to: 1 - type: integer 
	Parameter C_AWPAYLOAD_WIDTH bound to: 27 - type: integer 
	Parameter C_WPAYLOAD_WIDTH bound to: 41 - type: integer 
	Parameter C_BPAYLOAD_WIDTH bound to: 6 - type: integer 
	Parameter C_ARPAYLOAD_WIDTH bound to: 27 - type: integer 
	Parameter C_RPAYLOAD_WIDTH bound to: 39 - type: integer 
	Parameter G_AXI_AWADDR_INDEX bound to: 0 - type: integer 
	Parameter G_AXI_AWADDR_WIDTH bound to: 1 - type: integer 
	Parameter G_AXI_AWPROT_INDEX bound to: 1 - type: integer 
	Parameter G_AXI_AWPROT_WIDTH bound to: 3 - type: integer 
	Parameter G_AXI_AWSIZE_INDEX bound to: 4 - type: integer 
	Parameter G_AXI_AWSIZE_WIDTH bound to: 3 - type: integer 
	Parameter G_AXI_AWBURST_INDEX bound to: 7 - type: integer 
	Parameter G_AXI_AWBURST_WIDTH bound to: 2 - type: integer 
	Parameter G_AXI_AWCACHE_INDEX bound to: 9 - type: integer 
	Parameter G_AXI_AWCACHE_WIDTH bound to: 4 - type: integer 
	Parameter G_AXI_AWLEN_INDEX bound to: 13 - type: integer 
	Parameter G_AXI_AWLEN_WIDTH bound to: 4 - type: integer 
	Parameter G_AXI_AWLOCK_INDEX bound to: 17 - type: integer 
	Parameter G_AXI_AWLOCK_WIDTH bound to: 2 - type: integer 
	Parameter G_AXI_AWID_INDEX bound to: 19 - type: integer 
	Parameter G_AXI_AWID_WIDTH bound to: 4 - type: integer 
	Parameter G_AXI_AWQOS_INDEX bound to: 23 - type: integer 
	Parameter G_AXI_AWQOS_WIDTH bound to: 4 - type: integer 
	Parameter G_AXI_AWREGION_INDEX bound to: 27 - type: integer 
	Parameter G_AXI_AWREGION_WIDTH bound to: 0 - type: integer 
	Parameter G_AXI_AWUSER_INDEX bound to: 27 - type: integer 
	Parameter G_AXI_AWUSER_WIDTH bound to: 0 - type: integer 
	Parameter G_AXI_AWPAYLOAD_WIDTH bound to: 27 - type: integer 
	Parameter G_AXI_ARADDR_INDEX bound to: 0 - type: integer 
	Parameter G_AXI_ARADDR_WIDTH bound to: 1 - type: integer 
	Parameter G_AXI_ARPROT_INDEX bound to: 1 - type: integer 
	Parameter G_AXI_ARPROT_WIDTH bound to: 3 - type: integer 
	Parameter G_AXI_ARSIZE_INDEX bound to: 4 - type: integer 
	Parameter G_AXI_ARSIZE_WIDTH bound to: 3 - type: integer 
	Parameter G_AXI_ARBURST_INDEX bound to: 7 - type: integer 
	Parameter G_AXI_ARBURST_WIDTH bound to: 2 - type: integer 
	Parameter G_AXI_ARCACHE_INDEX bound to: 9 - type: integer 
	Parameter G_AXI_ARCACHE_WIDTH bound to: 4 - type: integer 
	Parameter G_AXI_ARLEN_INDEX bound to: 13 - type: integer 
	Parameter G_AXI_ARLEN_WIDTH bound to: 4 - type: integer 
	Parameter G_AXI_ARLOCK_INDEX bound to: 17 - type: integer 
	Parameter G_AXI_ARLOCK_WIDTH bound to: 2 - type: integer 
	Parameter G_AXI_ARID_INDEX bound to: 19 - type: integer 
	Parameter G_AXI_ARID_WIDTH bound to: 4 - type: integer 
	Parameter G_AXI_ARQOS_INDEX bound to: 23 - type: integer 
	Parameter G_AXI_ARQOS_WIDTH bound to: 4 - type: integer 
	Parameter G_AXI_ARREGION_INDEX bound to: 27 - type: integer 
	Parameter G_AXI_ARREGION_WIDTH bound to: 0 - type: integer 
	Parameter G_AXI_ARUSER_INDEX bound to: 27 - type: integer 
	Parameter G_AXI_ARUSER_WIDTH bound to: 0 - type: integer 
	Parameter G_AXI_ARPAYLOAD_WIDTH bound to: 27 - type: integer 
	Parameter G_AXI_WDATA_INDEX bound to: 0 - type: integer 
	Parameter G_AXI_WDATA_WIDTH bound to: 32 - type: integer 
	Parameter G_AXI_WSTRB_INDEX bound to: 32 - type: integer 
	Parameter G_AXI_WSTRB_WIDTH bound to: 4 - type: integer 
	Parameter G_AXI_WLAST_INDEX bound to: 36 - type: integer 
	Parameter G_AXI_WLAST_WIDTH bound to: 1 - type: integer 
	Parameter G_AXI_WID_INDEX bound to: 37 - type: integer 
	Parameter G_AXI_WID_WIDTH bound to: 4 - type: integer 
	Parameter G_AXI_WUSER_INDEX bound to: 41 - type: integer 
	Parameter G_AXI_WUSER_WIDTH bound to: 0 - type: integer 
	Parameter G_AXI_WPAYLOAD_WIDTH bound to: 41 - type: integer 
	Parameter G_AXI_BRESP_INDEX bound to: 0 - type: integer 
	Parameter G_AXI_BRESP_WIDTH bound to: 2 - type: integer 
	Parameter G_AXI_BID_INDEX bound to: 2 - type: integer 
	Parameter G_AXI_BID_WIDTH bound to: 4 - type: integer 
	Parameter G_AXI_BUSER_INDEX bound to: 6 - type: integer 
	Parameter G_AXI_BUSER_WIDTH bound to: 0 - type: integer 
	Parameter G_AXI_BPAYLOAD_WIDTH bound to: 6 - type: integer 
	Parameter G_AXI_RDATA_INDEX bound to: 0 - type: integer 
	Parameter G_AXI_RDATA_WIDTH bound to: 32 - type: integer 
	Parameter G_AXI_RRESP_INDEX bound to: 32 - type: integer 
	Parameter G_AXI_RRESP_WIDTH bound to: 2 - type: integer 
	Parameter G_AXI_RLAST_INDEX bound to: 34 - type: integer 
	Parameter G_AXI_RLAST_WIDTH bound to: 1 - type: integer 
	Parameter G_AXI_RID_INDEX bound to: 35 - type: integer 
	Parameter G_AXI_RID_WIDTH bound to: 4 - type: integer 
	Parameter G_AXI_RUSER_INDEX bound to: 39 - type: integer 
	Parameter G_AXI_RUSER_WIDTH bound to: 0 - type: integer 
	Parameter G_AXI_RPAYLOAD_WIDTH bound to: 39 - type: integer 
INFO: [Synth 8-6155] done synthesizing module 'axi_infrastructure_v1_1_0_axi2vector' (14#1) [c:/Users/HP/OneDrive/桌面/stu/计组/组成与结构实验5/cache实验基础代码/cache_lab_v0.05/soc_axi_lite_loongson/rtl/xilinx_ip/axi_crossbar_1x2/hdl/axi_infrastructure_v1_1_vl_rfs.v:60]
INFO: [Synth 8-6157] synthesizing module 'axi_infrastructure_v1_1_0_vector2axi' [c:/Users/HP/OneDrive/桌面/stu/计组/组成与结构实验5/cache实验基础代码/cache_lab_v0.05/soc_axi_lite_loongson/rtl/xilinx_ip/axi_crossbar_1x2/hdl/axi_infrastructure_v1_1_vl_rfs.v:474]
	Parameter C_AXI_PROTOCOL bound to: 1 - type: integer 
	Parameter C_AXI_ID_WIDTH bound to: 4 - type: integer 
	Parameter C_AXI_ADDR_WIDTH bound to: 1 - type: integer 
	Parameter C_AXI_DATA_WIDTH bound to: 32 - type: integer 
	Parameter C_AXI_SUPPORTS_USER_SIGNALS bound to: 0 - type: integer 
	Parameter C_AXI_SUPPORTS_REGION_SIGNALS bound to: 0 - type: integer 
	Parameter C_AXI_AWUSER_WIDTH bound to: 1 - type: integer 
	Parameter C_AXI_WUSER_WIDTH bound to: 1 - type: integer 
	Parameter C_AXI_BUSER_WIDTH bound to: 1 - type: integer 
	Parameter C_AXI_ARUSER_WIDTH bound to: 1 - type: integer 
	Parameter C_AXI_RUSER_WIDTH bound to: 1 - type: integer 
	Parameter C_AWPAYLOAD_WIDTH bound to: 27 - type: integer 
	Parameter C_WPAYLOAD_WIDTH bound to: 41 - type: integer 
	Parameter C_BPAYLOAD_WIDTH bound to: 6 - type: integer 
	Parameter C_ARPAYLOAD_WIDTH bound to: 27 - type: integer 
	Parameter C_RPAYLOAD_WIDTH bound to: 39 - type: integer 
	Parameter G_AXI_AWADDR_INDEX bound to: 0 - type: integer 
	Parameter G_AXI_AWADDR_WIDTH bound to: 1 - type: integer 
	Parameter G_AXI_AWPROT_INDEX bound to: 1 - type: integer 
	Parameter G_AXI_AWPROT_WIDTH bound to: 3 - type: integer 
	Parameter G_AXI_AWSIZE_INDEX bound to: 4 - type: integer 
	Parameter G_AXI_AWSIZE_WIDTH bound to: 3 - type: integer 
	Parameter G_AXI_AWBURST_INDEX bound to: 7 - type: integer 
	Parameter G_AXI_AWBURST_WIDTH bound to: 2 - type: integer 
	Parameter G_AXI_AWCACHE_INDEX bound to: 9 - type: integer 
	Parameter G_AXI_AWCACHE_WIDTH bound to: 4 - type: integer 
	Parameter G_AXI_AWLEN_INDEX bound to: 13 - type: integer 
	Parameter G_AXI_AWLEN_WIDTH bound to: 4 - type: integer 
	Parameter G_AXI_AWLOCK_INDEX bound to: 17 - type: integer 
	Parameter G_AXI_AWLOCK_WIDTH bound to: 2 - type: integer 
	Parameter G_AXI_AWID_INDEX bound to: 19 - type: integer 
	Parameter G_AXI_AWID_WIDTH bound to: 4 - type: integer 
	Parameter G_AXI_AWQOS_INDEX bound to: 23 - type: integer 
	Parameter G_AXI_AWQOS_WIDTH bound to: 4 - type: integer 
	Parameter G_AXI_AWREGION_INDEX bound to: 27 - type: integer 
	Parameter G_AXI_AWREGION_WIDTH bound to: 0 - type: integer 
	Parameter G_AXI_AWUSER_INDEX bound to: 27 - type: integer 
	Parameter G_AXI_AWUSER_WIDTH bound to: 0 - type: integer 
	Parameter G_AXI_AWPAYLOAD_WIDTH bound to: 27 - type: integer 
	Parameter G_AXI_ARADDR_INDEX bound to: 0 - type: integer 
	Parameter G_AXI_ARADDR_WIDTH bound to: 1 - type: integer 
	Parameter G_AXI_ARPROT_INDEX bound to: 1 - type: integer 
	Parameter G_AXI_ARPROT_WIDTH bound to: 3 - type: integer 
	Parameter G_AXI_ARSIZE_INDEX bound to: 4 - type: integer 
	Parameter G_AXI_ARSIZE_WIDTH bound to: 3 - type: integer 
	Parameter G_AXI_ARBURST_INDEX bound to: 7 - type: integer 
	Parameter G_AXI_ARBURST_WIDTH bound to: 2 - type: integer 
	Parameter G_AXI_ARCACHE_INDEX bound to: 9 - type: integer 
	Parameter G_AXI_ARCACHE_WIDTH bound to: 4 - type: integer 
	Parameter G_AXI_ARLEN_INDEX bound to: 13 - type: integer 
	Parameter G_AXI_ARLEN_WIDTH bound to: 4 - type: integer 
	Parameter G_AXI_ARLOCK_INDEX bound to: 17 - type: integer 
	Parameter G_AXI_ARLOCK_WIDTH bound to: 2 - type: integer 
	Parameter G_AXI_ARID_INDEX bound to: 19 - type: integer 
	Parameter G_AXI_ARID_WIDTH bound to: 4 - type: integer 
	Parameter G_AXI_ARQOS_INDEX bound to: 23 - type: integer 
	Parameter G_AXI_ARQOS_WIDTH bound to: 4 - type: integer 
	Parameter G_AXI_ARREGION_INDEX bound to: 27 - type: integer 
	Parameter G_AXI_ARREGION_WIDTH bound to: 0 - type: integer 
	Parameter G_AXI_ARUSER_INDEX bound to: 27 - type: integer 
	Parameter G_AXI_ARUSER_WIDTH bound to: 0 - type: integer 
	Parameter G_AXI_ARPAYLOAD_WIDTH bound to: 27 - type: integer 
	Parameter G_AXI_WDATA_INDEX bound to: 0 - type: integer 
	Parameter G_AXI_WDATA_WIDTH bound to: 32 - type: integer 
	Parameter G_AXI_WSTRB_INDEX bound to: 32 - type: integer 
	Parameter G_AXI_WSTRB_WIDTH bound to: 4 - type: integer 
	Parameter G_AXI_WLAST_INDEX bound to: 36 - type: integer 
	Parameter G_AXI_WLAST_WIDTH bound to: 1 - type: integer 
	Parameter G_AXI_WID_INDEX bound to: 37 - type: integer 
	Parameter G_AXI_WID_WIDTH bound to: 4 - type: integer 
	Parameter G_AXI_WUSER_INDEX bound to: 41 - type: integer 
	Parameter G_AXI_WUSER_WIDTH bound to: 0 - type: integer 
	Parameter G_AXI_WPAYLOAD_WIDTH bound to: 41 - type: integer 
	Parameter G_AXI_BRESP_INDEX bound to: 0 - type: integer 
	Parameter G_AXI_BRESP_WIDTH bound to: 2 - type: integer 
	Parameter G_AXI_BID_INDEX bound to: 2 - type: integer 
	Parameter G_AXI_BID_WIDTH bound to: 4 - type: integer 
	Parameter G_AXI_BUSER_INDEX bound to: 6 - type: integer 
	Parameter G_AXI_BUSER_WIDTH bound to: 0 - type: integer 
	Parameter G_AXI_BPAYLOAD_WIDTH bound to: 6 - type: integer 
	Parameter G_AXI_RDATA_INDEX bound to: 0 - type: integer 
	Parameter G_AXI_RDATA_WIDTH bound to: 32 - type: integer 
	Parameter G_AXI_RRESP_INDEX bound to: 32 - type: integer 
	Parameter G_AXI_RRESP_WIDTH bound to: 2 - type: integer 
	Parameter G_AXI_RLAST_INDEX bound to: 34 - type: integer 
	Parameter G_AXI_RLAST_WIDTH bound to: 1 - type: integer 
	Parameter G_AXI_RID_INDEX bound to: 35 - type: integer 
	Parameter G_AXI_RID_WIDTH bound to: 4 - type: integer 
	Parameter G_AXI_RUSER_INDEX bound to: 39 - type: integer 
	Parameter G_AXI_RUSER_WIDTH bound to: 0 - type: integer 
	Parameter G_AXI_RPAYLOAD_WIDTH bound to: 39 - type: integer 
INFO: [Synth 8-6155] done synthesizing module 'axi_infrastructure_v1_1_0_vector2axi' (15#1) [c:/Users/HP/OneDrive/桌面/stu/计组/组成与结构实验5/cache实验基础代码/cache_lab_v0.05/soc_axi_lite_loongson/rtl/xilinx_ip/axi_crossbar_1x2/hdl/axi_infrastructure_v1_1_vl_rfs.v:474]
INFO: [Synth 8-6157] synthesizing module 'axi_register_slice_v2_1_20_axic_register_slice' [c:/Users/HP/OneDrive/桌面/stu/计组/组成与结构实验5/cache实验基础代码/cache_lab_v0.05/soc_axi_lite_loongson/rtl/xilinx_ip/axi_crossbar_1x2/hdl/axi_register_slice_v2_1_vl_rfs.v:1476]
	Parameter C_FAMILY bound to: artix7 - type: string 
	Parameter C_DATA_WIDTH bound to: 27 - type: integer 
	Parameter C_REG_CONFIG bound to: 0 - type: integer 
INFO: [Synth 8-6155] done synthesizing module 'axi_register_slice_v2_1_20_axic_register_slice' (16#1) [c:/Users/HP/OneDrive/桌面/stu/计组/组成与结构实验5/cache实验基础代码/cache_lab_v0.05/soc_axi_lite_loongson/rtl/xilinx_ip/axi_crossbar_1x2/hdl/axi_register_slice_v2_1_vl_rfs.v:1476]
INFO: [Synth 8-6157] synthesizing module 'axi_register_slice_v2_1_20_axic_register_slice__parameterized0' [c:/Users/HP/OneDrive/桌面/stu/计组/组成与结构实验5/cache实验基础代码/cache_lab_v0.05/soc_axi_lite_loongson/rtl/xilinx_ip/axi_crossbar_1x2/hdl/axi_register_slice_v2_1_vl_rfs.v:1476]
	Parameter C_FAMILY bound to: artix7 - type: string 
	Parameter C_DATA_WIDTH bound to: 41 - type: integer 
	Parameter C_REG_CONFIG bound to: 0 - type: integer 
INFO: [Synth 8-6155] done synthesizing module 'axi_register_slice_v2_1_20_axic_register_slice__parameterized0' (16#1) [c:/Users/HP/OneDrive/桌面/stu/计组/组成与结构实验5/cache实验基础代码/cache_lab_v0.05/soc_axi_lite_loongson/rtl/xilinx_ip/axi_crossbar_1x2/hdl/axi_register_slice_v2_1_vl_rfs.v:1476]
INFO: [Synth 8-6157] synthesizing module 'axi_register_slice_v2_1_20_axic_register_slice__parameterized1' [c:/Users/HP/OneDrive/桌面/stu/计组/组成与结构实验5/cache实验基础代码/cache_lab_v0.05/soc_axi_lite_loongson/rtl/xilinx_ip/axi_crossbar_1x2/hdl/axi_register_slice_v2_1_vl_rfs.v:1476]
	Parameter C_FAMILY bound to: artix7 - type: string 
	Parameter C_DATA_WIDTH bound to: 6 - type: integer 
	Parameter C_REG_CONFIG bound to: 7 - type: integer 
INFO: [Synth 8-6155] done synthesizing module 'axi_register_slice_v2_1_20_axic_register_slice__parameterized1' (16#1) [c:/Users/HP/OneDrive/桌面/stu/计组/组成与结构实验5/cache实验基础代码/cache_lab_v0.05/soc_axi_lite_loongson/rtl/xilinx_ip/axi_crossbar_1x2/hdl/axi_register_slice_v2_1_vl_rfs.v:1476]
INFO: [Synth 8-6157] synthesizing module 'axi_register_slice_v2_1_20_axic_register_slice__parameterized2' [c:/Users/HP/OneDrive/桌面/stu/计组/组成与结构实验5/cache实验基础代码/cache_lab_v0.05/soc_axi_lite_loongson/rtl/xilinx_ip/axi_crossbar_1x2/hdl/axi_register_slice_v2_1_vl_rfs.v:1476]
	Parameter C_FAMILY bound to: artix7 - type: string 
	Parameter C_DATA_WIDTH bound to: 39 - type: integer 
	Parameter C_REG_CONFIG bound to: 1 - type: integer 
INFO: [Synth 8-6155] done synthesizing module 'axi_register_slice_v2_1_20_axic_register_slice__parameterized2' (16#1) [c:/Users/HP/OneDrive/桌面/stu/计组/组成与结构实验5/cache实验基础代码/cache_lab_v0.05/soc_axi_lite_loongson/rtl/xilinx_ip/axi_crossbar_1x2/hdl/axi_register_slice_v2_1_vl_rfs.v:1476]
INFO: [Synth 8-6155] done synthesizing module 'axi_register_slice_v2_1_20_axi_register_slice' (17#1) [c:/Users/HP/OneDrive/桌面/stu/计组/组成与结构实验5/cache实验基础代码/cache_lab_v0.05/soc_axi_lite_loongson/rtl/xilinx_ip/axi_crossbar_1x2/hdl/axi_register_slice_v2_1_vl_rfs.v:3704]
WARNING: [Synth 8-7023] instance 'reg_slice_mi' of module 'axi_register_slice_v2_1_20_axi_register_slice' has 93 connections declared, but only 92 given [c:/Users/HP/OneDrive/桌面/stu/计组/组成与结构实验5/cache实验基础代码/cache_lab_v0.05/soc_axi_lite_loongson/rtl/xilinx_ip/axi_crossbar_1x2/hdl/axi_crossbar_v2_1_vl_rfs.v:3122]
WARNING: [Synth 8-7023] instance 'reg_slice_mi' of module 'axi_register_slice_v2_1_20_axi_register_slice' has 93 connections declared, but only 92 given [c:/Users/HP/OneDrive/桌面/stu/计组/组成与结构实验5/cache实验基础代码/cache_lab_v0.05/soc_axi_lite_loongson/rtl/xilinx_ip/axi_crossbar_1x2/hdl/axi_crossbar_v2_1_vl_rfs.v:3122]
INFO: [Synth 8-6157] synthesizing module 'axi_data_fifo_v2_1_19_axic_srl_fifo__parameterized1' [c:/Users/HP/OneDrive/桌面/stu/计组/组成与结构实验5/cache实验基础代码/cache_lab_v0.05/soc_axi_lite_loongson/rtl/xilinx_ip/axi_crossbar_1x2/hdl/axi_data_fifo_v2_1_vl_rfs.v:698]
	Parameter C_FAMILY bound to: artix7 - type: string 
	Parameter C_FIFO_WIDTH bound to: 8 - type: integer 
	Parameter C_MAX_CTRL_FANOUT bound to: 33 - type: integer 
	Parameter C_FIFO_DEPTH_LOG bound to: 0 - type: integer 
	Parameter C_USE_FULL bound to: 0 - type: integer 
	Parameter P_FIFO_DEPTH_LOG bound to: 2 - type: integer 
	Parameter P_EMPTY bound to: 2'b11 
	Parameter P_ALMOSTEMPTY bound to: 2'b00 
	Parameter P_ALMOSTFULL_TEMP bound to: 3'b110 
	Parameter P_ALMOSTFULL bound to: 2'b10 
	Parameter P_NUM_REPS bound to: 1 - type: integer 
WARNING: [Synth 8-6014] Unused sequential element areset_d1_reg was removed.  [c:/Users/HP/OneDrive/桌面/stu/计组/组成与结构实验5/cache实验基础代码/cache_lab_v0.05/soc_axi_lite_loongson/rtl/xilinx_ip/axi_crossbar_1x2/hdl/axi_data_fifo_v2_1_vl_rfs.v:750]
WARNING: [Synth 8-6014] Unused sequential element S_READY_i_reg was removed.  [c:/Users/HP/OneDrive/桌面/stu/计组/组成与结构实验5/cache实验基础代码/cache_lab_v0.05/soc_axi_lite_loongson/rtl/xilinx_ip/axi_crossbar_1x2/hdl/axi_data_fifo_v2_1_vl_rfs.v:789]
INFO: [Synth 8-6155] done synthesizing module 'axi_data_fifo_v2_1_19_axic_srl_fifo__parameterized1' (17#1) [c:/Users/HP/OneDrive/桌面/stu/计组/组成与结构实验5/cache实验基础代码/cache_lab_v0.05/soc_axi_lite_loongson/rtl/xilinx_ip/axi_crossbar_1x2/hdl/axi_data_fifo_v2_1_vl_rfs.v:698]
INFO: [Synth 8-6157] synthesizing module 'axi_crossbar_v2_1_21_wdata_mux__parameterized0' [c:/Users/HP/OneDrive/桌面/stu/计组/组成与结构实验5/cache实验基础代码/cache_lab_v0.05/soc_axi_lite_loongson/rtl/xilinx_ip/axi_crossbar_1x2/hdl/axi_crossbar_v2_1_vl_rfs.v:4561]
	Parameter C_FAMILY bound to: artix7 - type: string 
	Parameter C_WMESG_WIDTH bound to: 41 - type: integer 
	Parameter C_NUM_SLAVE_SLOTS bound to: 1 - type: integer 
	Parameter C_SELECT_WIDTH bound to: 1 - type: integer 
	Parameter C_FIFO_DEPTH_LOG bound to: 0 - type: integer 
	Parameter P_FIFO_DEPTH_LOG bound to: 0 - type: integer 
INFO: [Synth 8-6155] done synthesizing module 'axi_crossbar_v2_1_21_wdata_mux__parameterized0' (17#1) [c:/Users/HP/OneDrive/桌面/stu/计组/组成与结构实验5/cache实验基础代码/cache_lab_v0.05/soc_axi_lite_loongson/rtl/xilinx_ip/axi_crossbar_1x2/hdl/axi_crossbar_v2_1_vl_rfs.v:4561]
WARNING: [Synth 8-7023] instance 'reg_slice_mi' of module 'axi_register_slice_v2_1_20_axi_register_slice' has 93 connections declared, but only 92 given [c:/Users/HP/OneDrive/桌面/stu/计组/组成与结构实验5/cache实验基础代码/cache_lab_v0.05/soc_axi_lite_loongson/rtl/xilinx_ip/axi_crossbar_1x2/hdl/axi_crossbar_v2_1_vl_rfs.v:3122]
INFO: [Synth 8-6157] synthesizing module 'axi_crossbar_v2_1_21_decerr_slave' [c:/Users/HP/OneDrive/桌面/stu/计组/组成与结构实验5/cache实验基础代码/cache_lab_v0.05/soc_axi_lite_loongson/rtl/xilinx_ip/axi_crossbar_1x2/hdl/axi_crossbar_v2_1_vl_rfs.v:3501]
	Parameter C_AXI_ID_WIDTH bound to: 4 - type: integer 
	Parameter C_AXI_DATA_WIDTH bound to: 32 - type: integer 
	Parameter C_AXI_BUSER_WIDTH bound to: 1 - type: integer 
	Parameter C_AXI_RUSER_WIDTH bound to: 1 - type: integer 
	Parameter C_AXI_PROTOCOL bound to: 1 - type: integer 
	Parameter C_RESP bound to: 3 - type: integer 
	Parameter P_WRITE_IDLE bound to: 2'b00 
	Parameter P_WRITE_DATA bound to: 2'b01 
	Parameter P_WRITE_RESP bound to: 2'b10 
	Parameter P_READ_IDLE bound to: 1'b0 
	Parameter P_READ_DATA bound to: 1'b1 
	Parameter P_AXI4 bound to: 0 - type: integer 
	Parameter P_AXI3 bound to: 1 - type: integer 
	Parameter P_AXILITE bound to: 2 - type: integer 
INFO: [Synth 8-155] case statement is not full and has no default [c:/Users/HP/OneDrive/桌面/stu/计组/组成与结构实验5/cache实验基础代码/cache_lab_v0.05/soc_axi_lite_loongson/rtl/xilinx_ip/axi_crossbar_1x2/hdl/axi_crossbar_v2_1_vl_rfs.v:3633]
INFO: [Synth 8-6155] done synthesizing module 'axi_crossbar_v2_1_21_decerr_slave' (18#1) [c:/Users/HP/OneDrive/桌面/stu/计组/组成与结构实验5/cache实验基础代码/cache_lab_v0.05/soc_axi_lite_loongson/rtl/xilinx_ip/axi_crossbar_1x2/hdl/axi_crossbar_v2_1_vl_rfs.v:3501]
INFO: [Synth 8-6157] synthesizing module 'axi_crossbar_v2_1_21_addr_arbiter' [c:/Users/HP/OneDrive/桌面/stu/计组/组成与结构实验5/cache实验基础代码/cache_lab_v0.05/soc_axi_lite_loongson/rtl/xilinx_ip/axi_crossbar_1x2/hdl/axi_crossbar_v2_1_vl_rfs.v:423]
	Parameter C_FAMILY bound to: artix7 - type: string 
	Parameter C_NUM_S bound to: 1 - type: integer 
	Parameter C_NUM_S_LOG bound to: 1 - type: integer 
	Parameter C_NUM_M bound to: 3 - type: integer 
	Parameter C_MESG_WIDTH bound to: 67 - type: integer 
	Parameter C_ARB_PRIORITY bound to: 0 - type: integer 
	Parameter P_PRIO_MASK bound to: 1'b0 
INFO: [Synth 8-6155] done synthesizing module 'axi_crossbar_v2_1_21_addr_arbiter' (19#1) [c:/Users/HP/OneDrive/桌面/stu/计组/组成与结构实验5/cache实验基础代码/cache_lab_v0.05/soc_axi_lite_loongson/rtl/xilinx_ip/axi_crossbar_1x2/hdl/axi_crossbar_v2_1_vl_rfs.v:423]
WARNING: [Synth 8-6014] Unused sequential element gen_master_slots[0].gen_mi_write.gen_debug_w.debug_w_beat_cnt_i_reg was removed.  [c:/Users/HP/OneDrive/桌面/stu/计组/组成与结构实验5/cache实验基础代码/cache_lab_v0.05/soc_axi_lite_loongson/rtl/xilinx_ip/axi_crossbar_1x2/hdl/axi_crossbar_v2_1_vl_rfs.v:2997]
WARNING: [Synth 8-6014] Unused sequential element gen_master_slots[1].gen_mi_write.gen_debug_w.debug_w_beat_cnt_i_reg was removed.  [c:/Users/HP/OneDrive/桌面/stu/计组/组成与结构实验5/cache实验基础代码/cache_lab_v0.05/soc_axi_lite_loongson/rtl/xilinx_ip/axi_crossbar_1x2/hdl/axi_crossbar_v2_1_vl_rfs.v:2997]
WARNING: [Synth 8-6014] Unused sequential element gen_master_slots[2].gen_mi_write.gen_debug_w.debug_w_beat_cnt_i_reg was removed.  [c:/Users/HP/OneDrive/桌面/stu/计组/组成与结构实验5/cache实验基础代码/cache_lab_v0.05/soc_axi_lite_loongson/rtl/xilinx_ip/axi_crossbar_1x2/hdl/axi_crossbar_v2_1_vl_rfs.v:2997]
INFO: [Synth 8-6155] done synthesizing module 'axi_crossbar_v2_1_21_crossbar' (20#1) [c:/Users/HP/OneDrive/桌面/stu/计组/组成与结构实验5/cache实验基础代码/cache_lab_v0.05/soc_axi_lite_loongson/rtl/xilinx_ip/axi_crossbar_1x2/hdl/axi_crossbar_v2_1_vl_rfs.v:2239]
INFO: [Synth 8-6155] done synthesizing module 'axi_crossbar_v2_1_21_axi_crossbar' (21#1) [c:/Users/HP/OneDrive/桌面/stu/计组/组成与结构实验5/cache实验基础代码/cache_lab_v0.05/soc_axi_lite_loongson/rtl/xilinx_ip/axi_crossbar_1x2/hdl/axi_crossbar_v2_1_vl_rfs.v:4884]
INFO: [Synth 8-6155] done synthesizing module 'axi_crossbar_1x2' (22#1) [c:/Users/HP/OneDrive/桌面/stu/计组/组成与结构实验5/cache实验基础代码/cache_lab_v0.05/soc_axi_lite_loongson/rtl/xilinx_ip/axi_crossbar_1x2/synth/axi_crossbar_1x2.v:59]
WARNING: [Synth 8-3331] design axi_register_slice_v2_1_20_axic_register_slice has unconnected port ACLK
WARNING: [Synth 8-3331] design axi_register_slice_v2_1_20_axic_register_slice has unconnected port ARESET
WARNING: [Synth 8-3331] design axi_register_slice_v2_1_20_axic_register_slice__parameterized0 has unconnected port ACLK
WARNING: [Synth 8-3331] design axi_register_slice_v2_1_20_axic_register_slice__parameterized0 has unconnected port ARESET
WARNING: [Synth 8-3331] design axi_infrastructure_v1_1_0_vector2axi has unconnected port m_axi_buser[0]
WARNING: [Synth 8-3331] design axi_infrastructure_v1_1_0_vector2axi has unconnected port m_axi_ruser[0]
WARNING: [Synth 8-3331] design axi_infrastructure_v1_1_0_axi2vector has unconnected port s_axi_awregion[3]
WARNING: [Synth 8-3331] design axi_infrastructure_v1_1_0_axi2vector has unconnected port s_axi_awregion[2]
WARNING: [Synth 8-3331] design axi_infrastructure_v1_1_0_axi2vector has unconnected port s_axi_awregion[1]
WARNING: [Synth 8-3331] design axi_infrastructure_v1_1_0_axi2vector has unconnected port s_axi_awregion[0]
WARNING: [Synth 8-3331] design axi_infrastructure_v1_1_0_axi2vector has unconnected port s_axi_awuser[0]
WARNING: [Synth 8-3331] design axi_infrastructure_v1_1_0_axi2vector has unconnected port s_axi_wuser[0]
WARNING: [Synth 8-3331] design axi_infrastructure_v1_1_0_axi2vector has unconnected port s_axi_arregion[3]
WARNING: [Synth 8-3331] design axi_infrastructure_v1_1_0_axi2vector has unconnected port s_axi_arregion[2]
WARNING: [Synth 8-3331] design axi_infrastructure_v1_1_0_axi2vector has unconnected port s_axi_arregion[1]
WARNING: [Synth 8-3331] design axi_infrastructure_v1_1_0_axi2vector has unconnected port s_axi_arregion[0]
WARNING: [Synth 8-3331] design axi_infrastructure_v1_1_0_axi2vector has unconnected port s_axi_aruser[0]
WARNING: [Synth 8-3331] design axi_register_slice_v2_1_20_axi_register_slice has unconnected port aclk2x
WARNING: [Synth 8-3331] design axi_crossbar_v2_1_21_wdata_mux__parameterized0 has unconnected port ACLK
WARNING: [Synth 8-3331] design axi_crossbar_v2_1_21_wdata_mux__parameterized0 has unconnected port ARESET
WARNING: [Synth 8-3331] design axi_crossbar_v2_1_21_wdata_mux__parameterized0 has unconnected port S_ASELECT[0]
WARNING: [Synth 8-3331] design axi_crossbar_v2_1_21_wdata_mux__parameterized0 has unconnected port S_AVALID
WARNING: [Synth 8-3331] design axi_crossbar_v2_1_21_wdata_mux has unconnected port ACLK
WARNING: [Synth 8-3331] design axi_crossbar_v2_1_21_wdata_mux has unconnected port ARESET
WARNING: [Synth 8-3331] design axi_crossbar_v2_1_21_wdata_mux has unconnected port S_ASELECT[0]
WARNING: [Synth 8-3331] design axi_crossbar_v2_1_21_wdata_mux has unconnected port S_AVALID
WARNING: [Synth 8-3331] design axi_crossbar_v2_1_21_addr_decoder has unconnected port ADDR[1]
WARNING: [Synth 8-3331] design axi_crossbar_v2_1_21_addr_decoder has unconnected port ADDR[0]
WARNING: [Synth 8-3331] design axi_crossbar_v2_1_21_si_transactor__parameterized0 has unconnected port S_ABURST[1]
WARNING: [Synth 8-3331] design axi_crossbar_v2_1_21_si_transactor__parameterized0 has unconnected port S_ABURST[0]
WARNING: [Synth 8-3331] design axi_crossbar_v2_1_21_si_transactor has unconnected port S_ABURST[1]
WARNING: [Synth 8-3331] design axi_crossbar_v2_1_21_si_transactor has unconnected port S_ABURST[0]
WARNING: [Synth 8-3331] design axi_crossbar_v2_1_21_axi_crossbar has unconnected port s_axi_awlock[1]
WARNING: [Synth 8-3331] design axi_crossbar_v2_1_21_axi_crossbar has unconnected port s_axi_awuser[0]
WARNING: [Synth 8-3331] design axi_crossbar_v2_1_21_axi_crossbar has unconnected port s_axi_wuser[0]
WARNING: [Synth 8-3331] design axi_crossbar_v2_1_21_axi_crossbar has unconnected port s_axi_arlock[1]
WARNING: [Synth 8-3331] design axi_crossbar_v2_1_21_axi_crossbar has unconnected port s_axi_aruser[0]
WARNING: [Synth 8-3331] design axi_crossbar_v2_1_21_axi_crossbar has unconnected port m_axi_buser[1]
WARNING: [Synth 8-3331] design axi_crossbar_v2_1_21_axi_crossbar has unconnected port m_axi_buser[0]
WARNING: [Synth 8-3331] design axi_crossbar_v2_1_21_axi_crossbar has unconnected port m_axi_ruser[1]
WARNING: [Synth 8-3331] design axi_crossbar_v2_1_21_axi_crossbar has unconnected port m_axi_ruser[0]
TclStackFree: incorrect freePtr. Call out of sequence?
[Sun May 11 10:28:33 2025] axi_crossbar_1x2_synth_1 finished
WARNING: [Vivado 12-8222] Failed run(s) : 'axi_crossbar_1x2_synth_1'
[Sun May 11 10:28:33 2025] Waiting for axi_clock_converter_synth_1 to finish...

*** Running vivado
    with args -log axi_clock_converter.vds -m64 -product Vivado -mode batch -messageDb vivado.pb -notrace -source axi_clock_converter.tcl


****** Vivado v2019.2 (64-bit)
  **** SW Build 2708876 on Wed Nov  6 21:40:23 MST 2019
  **** IP Build 2700528 on Thu Nov  7 00:09:20 MST 2019
    ** Copyright 1986-2019 Xilinx, Inc. All Rights Reserved.

source axi_clock_converter.tcl -notrace
create_project: Time (s): cpu = 00:00:05 ; elapsed = 00:00:05 . Memory (MB): peak = 438.207 ; gain = 157.879
Command: synth_design -top axi_clock_converter -part xc7a200tfbg676-2 -mode out_of_context
Starting synth_design
Attempting to get a license for feature 'Synthesis' and/or device 'xc7a200t'
INFO: [Common 17-349] Got license for feature 'Synthesis' and/or device 'xc7a200t'
INFO: [Device 21-403] Loading part xc7a200tfbg676-2
INFO: Launching helper process for spawning children vivado processes
INFO: Helper process launched with PID 23252 
---------------------------------------------------------------------------------
Starting RTL Elaboration : Time (s): cpu = 00:00:12 ; elapsed = 00:00:15 . Memory (MB): peak = 1026.031 ; gain = 234.922
---------------------------------------------------------------------------------
INFO: [Synth 8-6157] synthesizing module 'axi_clock_converter' [c:/Users/HP/OneDrive/桌面/stu/计组/组成与结构实验5/cache实验基础代码/cache_lab_v0.05/soc_axi_lite_loongson/rtl/xilinx_ip/axi_clock_converter/synth/axi_clock_converter.v:58]
INFO: [Synth 8-6157] synthesizing module 'axi_clock_converter_v2_1_19_axi_clock_converter' [c:/Users/HP/OneDrive/桌面/stu/计组/组成与结构实验5/cache实验基础代码/cache_lab_v0.05/soc_axi_lite_loongson/rtl/xilinx_ip/axi_clock_converter/hdl/axi_clock_converter_v2_1_vl_rfs.v:654]
	Parameter C_FAMILY bound to: artix7 - type: string 
	Parameter C_AXI_ID_WIDTH bound to: 4 - type: integer 
	Parameter C_AXI_ADDR_WIDTH bound to: 32 - type: integer 
	Parameter C_AXI_DATA_WIDTH bound to: 32 - type: integer 
	Parameter C_S_AXI_ACLK_RATIO bound to: 1 - type: integer 
	Parameter C_M_AXI_ACLK_RATIO bound to: 2 - type: integer 
	Parameter C_AXI_IS_ACLK_ASYNC bound to: 1 - type: integer 
	Parameter C_AXI_PROTOCOL bound to: 1 - type: integer 
	Parameter C_AXI_SUPPORTS_USER_SIGNALS bound to: 0 - type: integer 
	Parameter C_AXI_AWUSER_WIDTH bound to: 1 - type: integer 
	Parameter C_AXI_ARUSER_WIDTH bound to: 1 - type: integer 
	Parameter C_AXI_WUSER_WIDTH bound to: 1 - type: integer 
	Parameter C_AXI_RUSER_WIDTH bound to: 1 - type: integer 
	Parameter C_AXI_BUSER_WIDTH bound to: 1 - type: integer 
	Parameter C_AXI_SUPPORTS_WRITE bound to: 1 - type: integer 
	Parameter C_AXI_SUPPORTS_READ bound to: 1 - type: integer 
	Parameter C_SYNCHRONIZER_STAGE bound to: 3 - type: integer 
	Parameter P_AXI4 bound to: 0 - type: integer 
	Parameter P_AXI3 bound to: 1 - type: integer 
	Parameter P_AXILITE bound to: 2 - type: integer 
	Parameter P_LIGHT_WT bound to: 0 - type: integer 
	Parameter P_FULLY_REG bound to: 1 - type: integer 
	Parameter P_LUTRAM_ASYNC bound to: 12 - type: integer 
	Parameter P_SI_LT_MI bound to: 1'b1 
	Parameter P_ROUNDING_OFFSET bound to: 0 - type: integer 
	Parameter P_ACLK_RATIO bound to: 2 - type: integer 
	Parameter C_AWUSER_RIGHT bound to: 0 - type: integer 
	Parameter C_AWUSER_WIDTH bound to: 0 - type: integer 
	Parameter C_AWQOS_RIGHT bound to: 0 - type: integer 
	Parameter C_AWQOS_WIDTH bound to: 4 - type: integer 
	Parameter C_AWREGION_RIGHT bound to: 4 - type: integer 
	Parameter C_AWREGION_WIDTH bound to: 0 - type: integer 
	Parameter C_AWPROT_RIGHT bound to: 4 - type: integer 
	Parameter C_AWPROT_WIDTH bound to: 3 - type: integer 
	Parameter C_AWCACHE_RIGHT bound to: 7 - type: integer 
	Parameter C_AWCACHE_WIDTH bound to: 4 - type: integer 
	Parameter C_AWLOCK_RIGHT bound to: 11 - type: integer 
	Parameter C_AWLOCK_WIDTH bound to: 2 - type: integer 
	Parameter C_AWBURST_RIGHT bound to: 13 - type: integer 
	Parameter C_AWBURST_WIDTH bound to: 2 - type: integer 
	Parameter C_AWSIZE_RIGHT bound to: 15 - type: integer 
	Parameter C_AWSIZE_WIDTH bound to: 3 - type: integer 
	Parameter C_AWLEN_RIGHT bound to: 18 - type: integer 
	Parameter C_AWLEN_WIDTH bound to: 4 - type: integer 
	Parameter C_AWADDR_RIGHT bound to: 22 - type: integer 
	Parameter C_AWADDR_WIDTH bound to: 32 - type: integer 
	Parameter C_AWID_RIGHT bound to: 54 - type: integer 
	Parameter C_AWID_WIDTH bound to: 4 - type: integer 
	Parameter C_AW_WIDTH bound to: 58 - type: integer 
	Parameter C_FIFO_AW_WIDTH bound to: 62 - type: integer 
	Parameter C_WUSER_RIGHT bound to: 0 - type: integer 
	Parameter C_WUSER_WIDTH bound to: 0 - type: integer 
	Parameter C_WLAST_RIGHT bound to: 0 - type: integer 
	Parameter C_WLAST_WIDTH bound to: 1 - type: integer 
	Parameter C_WSTRB_RIGHT bound to: 1 - type: integer 
	Parameter C_WSTRB_WIDTH bound to: 4 - type: integer 
	Parameter C_WDATA_RIGHT bound to: 5 - type: integer 
	Parameter C_WDATA_WIDTH bound to: 32 - type: integer 
	Parameter C_WID_RIGHT bound to: 37 - type: integer 
	Parameter C_WID_WIDTH bound to: 4 - type: integer 
	Parameter C_W_WIDTH bound to: 41 - type: integer 
	Parameter C_FIFO_W_WIDTH bound to: 41 - type: integer 
	Parameter C_BUSER_RIGHT bound to: 0 - type: integer 
	Parameter C_BUSER_WIDTH bound to: 0 - type: integer 
	Parameter C_BRESP_RIGHT bound to: 0 - type: integer 
	Parameter C_BRESP_WIDTH bound to: 2 - type: integer 
	Parameter C_BID_RIGHT bound to: 2 - type: integer 
	Parameter C_BID_WIDTH bound to: 4 - type: integer 
	Parameter C_B_WIDTH bound to: 6 - type: integer 
	Parameter C_FIFO_B_WIDTH bound to: 6 - type: integer 
	Parameter C_ARUSER_RIGHT bound to: 0 - type: integer 
	Parameter C_ARUSER_WIDTH bound to: 0 - type: integer 
	Parameter C_ARQOS_RIGHT bound to: 0 - type: integer 
	Parameter C_ARQOS_WIDTH bound to: 4 - type: integer 
	Parameter C_ARREGION_RIGHT bound to: 4 - type: integer 
	Parameter C_ARREGION_WIDTH bound to: 0 - type: integer 
	Parameter C_ARPROT_RIGHT bound to: 4 - type: integer 
	Parameter C_ARPROT_WIDTH bound to: 3 - type: integer 
	Parameter C_ARCACHE_RIGHT bound to: 7 - type: integer 
	Parameter C_ARCACHE_WIDTH bound to: 4 - type: integer 
	Parameter C_ARLOCK_RIGHT bound to: 11 - type: integer 
	Parameter C_ARLOCK_WIDTH bound to: 2 - type: integer 
	Parameter C_ARBURST_RIGHT bound to: 13 - type: integer 
	Parameter C_ARBURST_WIDTH bound to: 2 - type: integer 
	Parameter C_ARSIZE_RIGHT bound to: 15 - type: integer 
	Parameter C_ARSIZE_WIDTH bound to: 3 - type: integer 
	Parameter C_ARLEN_RIGHT bound to: 18 - type: integer 
	Parameter C_ARLEN_WIDTH bound to: 4 - type: integer 
	Parameter C_ARADDR_RIGHT bound to: 22 - type: integer 
	Parameter C_ARADDR_WIDTH bound to: 32 - type: integer 
	Parameter C_ARID_RIGHT bound to: 54 - type: integer 
	Parameter C_ARID_WIDTH bound to: 4 - type: integer 
	Parameter C_AR_WIDTH bound to: 58 - type: integer 
	Parameter C_FIFO_AR_WIDTH bound to: 62 - type: integer 
	Parameter C_RUSER_RIGHT bound to: 0 - type: integer 
	Parameter C_RUSER_WIDTH bound to: 0 - type: integer 
	Parameter C_RLAST_RIGHT bound to: 0 - type: integer 
	Parameter C_RLAST_WIDTH bound to: 1 - type: integer 
	Parameter C_RRESP_RIGHT bound to: 1 - type: integer 
	Parameter C_RRESP_WIDTH bound to: 2 - type: integer 
	Parameter C_RDATA_RIGHT bound to: 3 - type: integer 
	Parameter C_RDATA_WIDTH bound to: 32 - type: integer 
	Parameter C_RID_RIGHT bound to: 35 - type: integer 
	Parameter C_RID_WIDTH bound to: 4 - type: integer 
	Parameter C_R_WIDTH bound to: 39 - type: integer 
	Parameter C_FIFO_R_WIDTH bound to: 39 - type: integer 
INFO: [Synth 8-5534] Detected attribute (* KEEP = "TRUE" *) [c:/Users/HP/OneDrive/桌面/stu/计组/组成与结构实验5/cache实验基础代码/cache_lab_v0.05/soc_axi_lite_loongson/rtl/xilinx_ip/axi_clock_converter/hdl/axi_clock_converter_v2_1_vl_rfs.v:690]
INFO: [Synth 8-5534] Detected attribute (* KEEP = "TRUE" *) [c:/Users/HP/OneDrive/桌面/stu/计组/组成与结构实验5/cache实验基础代码/cache_lab_v0.05/soc_axi_lite_loongson/rtl/xilinx_ip/axi_clock_converter/hdl/axi_clock_converter_v2_1_vl_rfs.v:691]
INFO: [Synth 8-5534] Detected attribute (* KEEP = "TRUE" *) [c:/Users/HP/OneDrive/桌面/stu/计组/组成与结构实验5/cache实验基础代码/cache_lab_v0.05/soc_axi_lite_loongson/rtl/xilinx_ip/axi_clock_converter/hdl/axi_clock_converter_v2_1_vl_rfs.v:749]
INFO: [Synth 8-5534] Detected attribute (* KEEP = "TRUE" *) [c:/Users/HP/OneDrive/桌面/stu/计组/组成与结构实验5/cache实验基础代码/cache_lab_v0.05/soc_axi_lite_loongson/rtl/xilinx_ip/axi_clock_converter/hdl/axi_clock_converter_v2_1_vl_rfs.v:750]
INFO: [Synth 8-6157] synthesizing module 'xpm_cdc_single' [F:/vivado/Vivado/2019.2/data/ip/xpm/xpm_cdc/hdl/xpm_cdc.sv:153]
INFO: [Synth 8-5534] Detected attribute (* ASYNC_REG = "TRUE" *) [F:/vivado/Vivado/2019.2/data/ip/xpm/xpm_cdc/hdl/xpm_cdc.sv:205]
INFO: [Synth 8-6155] done synthesizing module 'xpm_cdc_single' (1#1) [F:/vivado/Vivado/2019.2/data/ip/xpm/xpm_cdc/hdl/xpm_cdc.sv:153]
INFO: [Synth 8-6157] synthesizing module 'xpm_cdc_async_rst' [F:/vivado/Vivado/2019.2/data/ip/xpm/xpm_cdc/hdl/xpm_cdc.sv:1175]
INFO: [Synth 8-5534] Detected attribute (* ASYNC_REG = "TRUE" *) [F:/vivado/Vivado/2019.2/data/ip/xpm/xpm_cdc/hdl/xpm_cdc.sv:1226]
INFO: [Synth 8-6155] done synthesizing module 'xpm_cdc_async_rst' (2#1) [F:/vivado/Vivado/2019.2/data/ip/xpm/xpm_cdc/hdl/xpm_cdc.sv:1175]
INFO: [Synth 8-6157] synthesizing module 'xpm_cdc_single__parameterized1' [F:/vivado/Vivado/2019.2/data/ip/xpm/xpm_cdc/hdl/xpm_cdc.sv:153]
INFO: [Synth 8-6155] done synthesizing module 'xpm_cdc_single__parameterized1' (2#1) [F:/vivado/Vivado/2019.2/data/ip/xpm/xpm_cdc/hdl/xpm_cdc.sv:153]
INFO: [Synth 8-6157] synthesizing module 'xpm_cdc_gray' [F:/vivado/Vivado/2019.2/data/ip/xpm/xpm_cdc/hdl/xpm_cdc.sv:284]
INFO: [Synth 8-5534] Detected attribute (* ASYNC_REG = "TRUE" *) [F:/vivado/Vivado/2019.2/data/ip/xpm/xpm_cdc/hdl/xpm_cdc.sv:358]
INFO: [Synth 8-6155] done synthesizing module 'xpm_cdc_gray' (7#1) [F:/vivado/Vivado/2019.2/data/ip/xpm/xpm_cdc/hdl/xpm_cdc.sv:284]
INFO: [Synth 8-6155] done synthesizing module 'axi_clock_converter_v2_1_19_axi_clock_converter' (22#1) [c:/Users/HP/OneDrive/桌面/stu/计组/组成与结构实验5/cache实验基础代码/cache_lab_v0.05/soc_axi_lite_loongson/rtl/xilinx_ip/axi_clock_converter/hdl/axi_clock_converter_v2_1_vl_rfs.v:654]
INFO: [Synth 8-6155] done synthesizing module 'axi_clock_converter' (23#1) [c:/Users/HP/OneDrive/桌面/stu/计组/组成与结构实验5/cache实验基础代码/cache_lab_v0.05/soc_axi_lite_loongson/rtl/xilinx_ip/axi_clock_converter/synth/axi_clock_converter.v:58]
WARNING: [Synth 8-3331] design output_blk__parameterized2 has unconnected port ALMOST_FULL_I
WARNING: [Synth 8-3331] design output_blk__parameterized2 has unconnected port PROG_FULL_I
WARNING: [Synth 8-3331] design output_blk__parameterized2 has unconnected port ALMOST_EMPTY_I
WARNING: [Synth 8-3331] design output_blk__parameterized2 has unconnected port PROG_EMPTY_I
WARNING: [Synth 8-3331] design output_blk__parameterized2 has unconnected port WR_ACK_I
WARNING: [Synth 8-3331] design output_blk__parameterized2 has unconnected port VALID_I
WARNING: [Synth 8-3331] design output_blk__parameterized2 has unconnected port OVERFLOW_I
WARNING: [Synth 8-3331] design output_blk__parameterized2 has unconnected port UNDERFLOW_I
WARNING: [Synth 8-3331] design output_blk__parameterized2 has unconnected port DATA_COUNT_I[4]
WARNING: [Synth 8-3331] design output_blk__parameterized2 has unconnected port DATA_COUNT_I[3]
WARNING: [Synth 8-3331] design output_blk__parameterized2 has unconnected port DATA_COUNT_I[2]
WARNING: [Synth 8-3331] design output_blk__parameterized2 has unconnected port DATA_COUNT_I[1]
WARNING: [Synth 8-3331] design output_blk__parameterized2 has unconnected port DATA_COUNT_I[0]
WARNING: [Synth 8-3331] design output_blk__parameterized2 has unconnected port WR_DATA_COUNT_I[4]
WARNING: [Synth 8-3331] design output_blk__parameterized2 has unconnected port WR_DATA_COUNT_I[3]
WARNING: [Synth 8-3331] design output_blk__parameterized2 has unconnected port WR_DATA_COUNT_I[2]
WARNING: [Synth 8-3331] design output_blk__parameterized2 has unconnected port WR_DATA_COUNT_I[1]
WARNING: [Synth 8-3331] design output_blk__parameterized2 has unconnected port WR_DATA_COUNT_I[0]
WARNING: [Synth 8-3331] design output_blk__parameterized2 has unconnected port RD_DATA_COUNT_I[4]
WARNING: [Synth 8-3331] design output_blk__parameterized2 has unconnected port RD_DATA_COUNT_I[3]
WARNING: [Synth 8-3331] design output_blk__parameterized2 has unconnected port RD_DATA_COUNT_I[2]
WARNING: [Synth 8-3331] design output_blk__parameterized2 has unconnected port RD_DATA_COUNT_I[1]
WARNING: [Synth 8-3331] design output_blk__parameterized2 has unconnected port RD_DATA_COUNT_I[0]
WARNING: [Synth 8-3331] design output_blk__parameterized2 has unconnected port SBITERR_I
WARNING: [Synth 8-3331] design output_blk__parameterized2 has unconnected port DBITERR_I
WARNING: [Synth 8-3331] design wr_status_flags_as has unconnected port WR_RST
WARNING: [Synth 8-3331] design wr_status_flags_as has unconnected port SRST
WARNING: [Synth 8-3331] design wr_status_flags_as has unconnected port SAFETY_CKT_WR_RST
WARNING: [Synth 8-3331] design wr_status_flags_as has unconnected port WR_PNTR_PLUS3[3]
WARNING: [Synth 8-3331] design wr_status_flags_as has unconnected port WR_PNTR_PLUS3[2]
WARNING: [Synth 8-3331] design wr_status_flags_as has unconnected port WR_PNTR_PLUS3[1]
WARNING: [Synth 8-3331] design wr_status_flags_as has unconnected port WR_PNTR_PLUS3[0]
WARNING: [Synth 8-3331] design wr_bin_cntr has unconnected port SRST
WARNING: [Synth 8-3331] design wr_logic has unconnected port WR_EN_INTO_LOGIC
WARNING: [Synth 8-3331] design wr_logic has unconnected port WR_RST_INTO_LOGIC
WARNING: [Synth 8-3331] design wr_logic has unconnected port RD_EN
WARNING: [Synth 8-3331] design wr_logic has unconnected port SRST_FULL_FF
WARNING: [Synth 8-3331] design wr_logic has unconnected port WR_RST_BUSY
WARNING: [Synth 8-3331] design wr_logic has unconnected port EMPTY
WARNING: [Synth 8-3331] design wr_logic has unconnected port RAM_RD_EN
WARNING: [Synth 8-3331] design wr_logic has unconnected port ALMOST_EMPTY
WARNING: [Synth 8-3331] design wr_logic has unconnected port PROG_FULL_THRESH[3]
WARNING: [Synth 8-3331] design wr_logic has unconnected port PROG_FULL_THRESH[2]
WARNING: [Synth 8-3331] design wr_logic has unconnected port PROG_FULL_THRESH[1]
WARNING: [Synth 8-3331] design wr_logic has unconnected port PROG_FULL_THRESH[0]
WARNING: [Synth 8-3331] design wr_logic has unconnected port PROG_FULL_THRESH_ASSERT[3]
WARNING: [Synth 8-3331] design wr_logic has unconnected port PROG_FULL_THRESH_ASSERT[2]
WARNING: [Synth 8-3331] design wr_logic has unconnected port PROG_FULL_THRESH_ASSERT[1]
WARNING: [Synth 8-3331] design wr_logic has unconnected port PROG_FULL_THRESH_ASSERT[0]
WARNING: [Synth 8-3331] design wr_logic has unconnected port PROG_FULL_THRESH_NEGATE[3]
WARNING: [Synth 8-3331] design wr_logic has unconnected port PROG_FULL_THRESH_NEGATE[2]
WARNING: [Synth 8-3331] design wr_logic has unconnected port PROG_FULL_THRESH_NEGATE[1]
WARNING: [Synth 8-3331] design wr_logic has unconnected port PROG_FULL_THRESH_NEGATE[0]
WARNING: [Synth 8-3331] design rd_fwft has unconnected port SRST
WARNING: [Synth 8-3331] design rd_fwft has unconnected port SAFETY_CKT_RD_RST
WARNING: [Synth 8-3331] design rd_fwft has unconnected port RAM_ALMOST_EMPTY
WARNING: [Synth 8-3331] design rd_status_flags_as has unconnected port SRST
WARNING: [Synth 8-3331] design rd_status_flags_as has unconnected port SAFETY_CKT_RD_RST
WARNING: [Synth 8-3331] design rd_status_flags_as has unconnected port RD_PNTR_PLUS2[3]
WARNING: [Synth 8-3331] design rd_status_flags_as has unconnected port RD_PNTR_PLUS2[2]
WARNING: [Synth 8-3331] design rd_status_flags_as has unconnected port RD_PNTR_PLUS2[1]
WARNING: [Synth 8-3331] design rd_status_flags_as has unconnected port RD_PNTR_PLUS2[0]
WARNING: [Synth 8-3331] design rd_bin_cntr has unconnected port SRST
WARNING: [Synth 8-3331] design rd_logic has unconnected port RD_EN_INTO_LOGIC
WARNING: [Synth 8-3331] design rd_logic has unconnected port RD_RST_INTO_LOGIC
WARNING: [Synth 8-3331] design rd_logic has unconnected port RD_RST_BUSY
WARNING: [Synth 8-3331] design rd_logic has unconnected port RAM_WR_EN
WARNING: [Synth 8-3331] design rd_logic has unconnected port RST_FULL_FF
WARNING: [Synth 8-3331] design rd_logic has unconnected port ALMOST_FULL_FB
WARNING: [Synth 8-3331] design rd_logic has unconnected port FULL
WARNING: [Synth 8-3331] design rd_logic has unconnected port WR_PNTR_PLUS1_RD[3]
WARNING: [Synth 8-3331] design rd_logic has unconnected port WR_PNTR_PLUS1_RD[2]
WARNING: [Synth 8-3331] design rd_logic has unconnected port WR_PNTR_PLUS1_RD[1]
WARNING: [Synth 8-3331] design rd_logic has unconnected port WR_PNTR_PLUS1_RD[0]
WARNING: [Synth 8-3331] design rd_logic has unconnected port PROG_EMPTY_THRESH[3]
WARNING: [Synth 8-3331] design rd_logic has unconnected port PROG_EMPTY_THRESH[2]
WARNING: [Synth 8-3331] design rd_logic has unconnected port PROG_EMPTY_THRESH[1]
WARNING: [Synth 8-3331] design rd_logic has unconnected port PROG_EMPTY_THRESH[0]
WARNING: [Synth 8-3331] design rd_logic has unconnected port PROG_EMPTY_THRESH_ASSERT[3]
WARNING: [Synth 8-3331] design rd_logic has unconnected port PROG_EMPTY_THRESH_ASSERT[2]
WARNING: [Synth 8-3331] design rd_logic has unconnected port PROG_EMPTY_THRESH_ASSERT[1]
WARNING: [Synth 8-3331] design rd_logic has unconnected port PROG_EMPTY_THRESH_ASSERT[0]
WARNING: [Synth 8-3331] design rd_logic has unconnected port PROG_EMPTY_THRESH_NEGATE[3]
WARNING: [Synth 8-3331] design rd_logic has unconnected port PROG_EMPTY_THRESH_NEGATE[2]
WARNING: [Synth 8-3331] design rd_logic has unconnected port PROG_EMPTY_THRESH_NEGATE[1]
WARNING: [Synth 8-3331] design rd_logic has unconnected port PROG_EMPTY_THRESH_NEGATE[0]
WARNING: [Synth 8-3331] design clk_x_pntrs has unconnected port WR_RST
WARNING: [Synth 8-3331] design clk_x_pntrs has unconnected port RD_RST
WARNING: [Synth 8-3331] design dmem__parameterized2 has unconnected port SRST
WARNING: [Synth 8-3331] design memory__parameterized2 has unconnected port FAB_REGOUT_EN
WARNING: [Synth 8-3331] design memory__parameterized2 has unconnected port SFT_RST
WARNING: [Synth 8-3331] design memory__parameterized2 has unconnected port SRST
WARNING: [Synth 8-3331] design memory__parameterized2 has unconnected port SAFETY_CKT_RD_RST
WARNING: [Synth 8-3331] design memory__parameterized2 has unconnected port SLEEP
WARNING: [Synth 8-3331] design memory__parameterized2 has unconnected port INJECTDBITERR
WARNING: [Synth 8-3331] design memory__parameterized2 has unconnected port INJECTSBITERR
WARNING: [Synth 8-3331] design input_blk__parameterized2 has unconnected port CLK
WARNING: [Synth 8-3331] design input_blk__parameterized2 has unconnected port INT_CLK
WARNING: [Synth 8-3331] design input_blk__parameterized2 has unconnected port PROG_EMPTY_THRESH[3]
WARNING: [Synth 8-3331] design input_blk__parameterized2 has unconnected port PROG_EMPTY_THRESH[2]
INFO: [Common 17-14] Message 'Synth 8-3331' appears 100 times and further instances of the messages will be disabled. Use the Tcl command set_msg_config to change the current settings.
TclStackFree: incorrect freePtr. Call out of sequence?
[Sun May 11 10:28:34 2025] axi_clock_converter_synth_1 finished
WARNING: [Vivado 12-8222] Failed run(s) : 'axi_clock_converter_synth_1'
[Sun May 11 10:28:34 2025] Waiting for unsigned_mult_synth_1 to finish...
[Sun May 11 10:28:39 2025] Waiting for unsigned_mult_synth_1 to finish...
[Sun May 11 10:28:44 2025] Waiting for unsigned_mult_synth_1 to finish...
[Sun May 11 10:28:50 2025] Waiting for unsigned_mult_synth_1 to finish...
[Sun May 11 10:29:00 2025] Waiting for unsigned_mult_synth_1 to finish...
[Sun May 11 10:29:11 2025] Waiting for unsigned_mult_synth_1 to finish...

*** Running vivado
    with args -log unsigned_mult.vds -m64 -product Vivado -mode batch -messageDb vivado.pb -notrace -source unsigned_mult.tcl


****** Vivado v2019.2 (64-bit)
  **** SW Build 2708876 on Wed Nov  6 21:40:23 MST 2019
  **** IP Build 2700528 on Thu Nov  7 00:09:20 MST 2019
    ** Copyright 1986-2019 Xilinx, Inc. All Rights Reserved.

source unsigned_mult.tcl -notrace
create_project: Time (s): cpu = 00:00:05 ; elapsed = 00:00:05 . Memory (MB): peak = 439.031 ; gain = 157.703
Command: synth_design -top unsigned_mult -part xc7a200tfbg676-2 -mode out_of_context
Starting synth_design
Attempting to get a license for feature 'Synthesis' and/or device 'xc7a200t'
INFO: [Common 17-349] Got license for feature 'Synthesis' and/or device 'xc7a200t'
INFO: [Device 21-403] Loading part xc7a200tfbg676-2
INFO: Launching helper process for spawning children vivado processes
INFO: Helper process launched with PID 20164 
---------------------------------------------------------------------------------
Starting RTL Elaboration : Time (s): cpu = 00:00:08 ; elapsed = 00:00:09 . Memory (MB): peak = 1025.719 ; gain = 234.836
---------------------------------------------------------------------------------
INFO: [Synth 8-638] synthesizing module 'unsigned_mult' [c:/Users/HP/OneDrive/桌面/stu/计组/组成与结构实验5/cache实验基础代码/cache_lab_v0.05/soc_axi_lite_loongson/rtl/xilinx_ip/unsigned_mult/synth/unsigned_mult.vhd:70]
WARNING: [Synth 8-5640] Port 'zero_detect' is missing in component declaration [c:/Users/HP/OneDrive/桌面/stu/计组/组成与结构实验5/cache实验基础代码/cache_lab_v0.05/soc_axi_lite_loongson/rtl/xilinx_ip/unsigned_mult/synth/unsigned_mult.vhd:73]
WARNING: [Synth 8-5640] Port 'pcasc' is missing in component declaration [c:/Users/HP/OneDrive/桌面/stu/计组/组成与结构实验5/cache实验基础代码/cache_lab_v0.05/soc_axi_lite_loongson/rtl/xilinx_ip/unsigned_mult/synth/unsigned_mult.vhd:73]
	Parameter C_VERBOSITY bound to: 0 - type: integer 
	Parameter C_MODEL_TYPE bound to: 0 - type: integer 
	Parameter C_OPTIMIZE_GOAL bound to: 1 - type: integer 
	Parameter C_XDEVICEFAMILY bound to: artix7 - type: string 
	Parameter C_HAS_CE bound to: 1 - type: integer 
	Parameter C_HAS_SCLR bound to: 1 - type: integer 
	Parameter C_LATENCY bound to: 8 - type: integer 
	Parameter C_A_WIDTH bound to: 32 - type: integer 
	Parameter C_A_TYPE bound to: 1 - type: integer 
	Parameter C_B_WIDTH bound to: 32 - type: integer 
	Parameter C_B_TYPE bound to: 1 - type: integer 
	Parameter C_OUT_HIGH bound to: 63 - type: integer 
	Parameter C_OUT_LOW bound to: 0 - type: integer 
	Parameter C_MULT_TYPE bound to: 1 - type: integer 
	Parameter C_CE_OVERRIDES_SCLR bound to: 0 - type: integer 
	Parameter C_CCM_IMP bound to: 0 - type: integer 
	Parameter C_B_VALUE bound to: 10000001 - type: string 
	Parameter C_HAS_ZERO_DETECT bound to: 0 - type: integer 
	Parameter C_ROUND_OUTPUT bound to: 0 - type: integer 
	Parameter C_ROUND_PT bound to: 0 - type: integer 
INFO: [Synth 8-3491] module 'mult_gen_v12_0_16' declared at 'c:/Users/HP/OneDrive/桌面/stu/计组/组成与结构实验5/cache实验基础代码/cache_lab_v0.05/soc_axi_lite_loongson/rtl/xilinx_ip/unsigned_mult/hdl/mult_gen_v12_0_vh_rfs.vhd:21013' bound to instance 'U0' of component 'mult_gen_v12_0_16' [c:/Users/HP/OneDrive/桌面/stu/计组/组成与结构实验5/cache实验基础代码/cache_lab_v0.05/soc_axi_lite_loongson/rtl/xilinx_ip/unsigned_mult/synth/unsigned_mult.vhd:126]
INFO: [Synth 8-256] done synthesizing module 'unsigned_mult' (6#1) [c:/Users/HP/OneDrive/桌面/stu/计组/组成与结构实验5/cache实验基础代码/cache_lab_v0.05/soc_axi_lite_loongson/rtl/xilinx_ip/unsigned_mult/synth/unsigned_mult.vhd:70]
WARNING: [Synth 8-3331] design delay_line__parameterized3 has unconnected port CLK
WARNING: [Synth 8-3331] design delay_line__parameterized3 has unconnected port CE
WARNING: [Synth 8-3331] design delay_line__parameterized3 has unconnected port SCLR
WARNING: [Synth 8-3331] design delay_line has unconnected port CLK
WARNING: [Synth 8-3331] design delay_line has unconnected port CE
WARNING: [Synth 8-3331] design delay_line has unconnected port SCLR
WARNING: [Synth 8-3331] design delay_line__parameterized0 has unconnected port CLK
WARNING: [Synth 8-3331] design delay_line__parameterized0 has unconnected port CE
WARNING: [Synth 8-3331] design delay_line__parameterized0 has unconnected port SCLR
WARNING: [Synth 8-3331] design dsp has unconnected port D_PORT[24]
WARNING: [Synth 8-3331] design dsp has unconnected port D_PORT[23]
WARNING: [Synth 8-3331] design dsp has unconnected port D_PORT[22]
WARNING: [Synth 8-3331] design dsp has unconnected port D_PORT[21]
WARNING: [Synth 8-3331] design dsp has unconnected port D_PORT[20]
WARNING: [Synth 8-3331] design dsp has unconnected port D_PORT[19]
WARNING: [Synth 8-3331] design dsp has unconnected port D_PORT[18]
WARNING: [Synth 8-3331] design dsp has unconnected port D_PORT[17]
WARNING: [Synth 8-3331] design dsp has unconnected port D_PORT[16]
WARNING: [Synth 8-3331] design dsp has unconnected port D_PORT[15]
WARNING: [Synth 8-3331] design dsp has unconnected port D_PORT[14]
WARNING: [Synth 8-3331] design dsp has unconnected port D_PORT[13]
WARNING: [Synth 8-3331] design dsp has unconnected port D_PORT[12]
WARNING: [Synth 8-3331] design dsp has unconnected port D_PORT[11]
WARNING: [Synth 8-3331] design dsp has unconnected port D_PORT[10]
WARNING: [Synth 8-3331] design dsp has unconnected port D_PORT[9]
WARNING: [Synth 8-3331] design dsp has unconnected port D_PORT[8]
WARNING: [Synth 8-3331] design dsp has unconnected port D_PORT[7]
WARNING: [Synth 8-3331] design dsp has unconnected port D_PORT[6]
WARNING: [Synth 8-3331] design dsp has unconnected port D_PORT[5]
WARNING: [Synth 8-3331] design dsp has unconnected port D_PORT[4]
WARNING: [Synth 8-3331] design dsp has unconnected port D_PORT[3]
WARNING: [Synth 8-3331] design dsp has unconnected port D_PORT[2]
WARNING: [Synth 8-3331] design dsp has unconnected port D_PORT[1]
WARNING: [Synth 8-3331] design dsp has unconnected port D_PORT[0]
WARNING: [Synth 8-3331] design dsp has unconnected port CARRY_IN
TclStackFree: incorrect freePtr. Call out of sequence?
[Sun May 11 10:29:16 2025] unsigned_mult_synth_1 finished
WARNING: [Vivado 12-8222] Failed run(s) : 'unsigned_mult_synth_1'
wait_on_run: Time (s): cpu = 00:00:04 ; elapsed = 00:00:42 . Memory (MB): peak = 1177.145 ; gain = 0.000
wait_on_run clk_pll_synth_1
wait_on_run axi_ram_synth_1
wait_on_run axi_crossbar_1x2_synth_1
wait_on_run axi_clock_converter_synth_1
wait_on_run unsigned_mult_synth_1
wait_on_run signed_mult_synth_1

[Sun May 11 10:29:17 2025] Waiting for clk_pll_synth_1 to finish...

*** Running vivado
    with args -log clk_pll.vds -m64 -product Vivado -mode batch -messageDb vivado.pb -notrace -source clk_pll.tcl


****** Vivado v2019.2 (64-bit)
  **** SW Build 2708876 on Wed Nov  6 21:40:23 MST 2019
  **** IP Build 2700528 on Thu Nov  7 00:09:20 MST 2019
    ** Copyright 1986-2019 Xilinx, Inc. All Rights Reserved.

source clk_pll.tcl -notrace
create_project: Time (s): cpu = 00:00:05 ; elapsed = 00:00:06 . Memory (MB): peak = 438.473 ; gain = 158.379
Command: synth_design -top clk_pll -part xc7a200tfbg676-2 -mode out_of_context
Starting synth_design
Attempting to get a license for feature 'Synthesis' and/or device 'xc7a200t'
INFO: [Common 17-349] Got license for feature 'Synthesis' and/or device 'xc7a200t'
INFO: [Device 21-403] Loading part xc7a200tfbg676-2
INFO: Launching helper process for spawning children vivado processes
INFO: Helper process launched with PID 13544 
---------------------------------------------------------------------------------
Starting RTL Elaboration : Time (s): cpu = 00:00:09 ; elapsed = 00:00:10 . Memory (MB): peak = 1027.168 ; gain = 234.387
---------------------------------------------------------------------------------
INFO: [Synth 8-6157] synthesizing module 'clk_pll' [c:/Users/HP/OneDrive/桌面/stu/计组/组成与结构实验5/cache实验基础代码/cache_lab_v0.05/soc_axi_lite_loongson/rtl/xilinx_ip/clk_pll/clk_pll.v:71]
INFO: [Synth 8-6157] synthesizing module 'clk_pll_clk_wiz' [c:/Users/HP/OneDrive/桌面/stu/计组/组成与结构实验5/cache实验基础代码/cache_lab_v0.05/soc_axi_lite_loongson/rtl/xilinx_ip/clk_pll/clk_pll_clk_wiz.v:69]
INFO: [Synth 8-6157] synthesizing module 'IBUF' [F:/vivado/Vivado/2019.2/scripts/rt/data/unisim_comp.v:32937]
	Parameter CAPACITANCE bound to: DONT_CARE - type: string 
	Parameter IBUF_DELAY_VALUE bound to: 0 - type: string 
	Parameter IBUF_LOW_PWR bound to: TRUE - type: string 
	Parameter IFD_DELAY_VALUE bound to: AUTO - type: string 
	Parameter IOSTANDARD bound to: DEFAULT - type: string 
INFO: [Synth 8-6155] done synthesizing module 'IBUF' (1#1) [F:/vivado/Vivado/2019.2/scripts/rt/data/unisim_comp.v:32937]
INFO: [Synth 8-6157] synthesizing module 'PLLE2_ADV' [F:/vivado/Vivado/2019.2/scripts/rt/data/unisim_comp.v:61416]
	Parameter BANDWIDTH bound to: OPTIMIZED - type: string 
	Parameter CLKFBOUT_MULT bound to: 9 - type: integer 
	Parameter CLKFBOUT_PHASE bound to: 0.000000 - type: double 
	Parameter CLKIN1_PERIOD bound to: 10.000000 - type: double 
	Parameter CLKIN2_PERIOD bound to: 0.000000 - type: double 
	Parameter CLKOUT0_DIVIDE bound to: 18 - type: integer 
	Parameter CLKOUT0_DUTY_CYCLE bound to: 0.500000 - type: double 
	Parameter CLKOUT0_PHASE bound to: 0.000000 - type: double 
	Parameter CLKOUT1_DIVIDE bound to: 9 - type: integer 
	Parameter CLKOUT1_DUTY_CYCLE bound to: 0.500000 - type: double 
	Parameter CLKOUT1_PHASE bound to: 0.000000 - type: double 
	Parameter CLKOUT2_DIVIDE bound to: 1 - type: integer 
	Parameter CLKOUT2_DUTY_CYCLE bound to: 0.500000 - type: double 
	Parameter CLKOUT2_PHASE bound to: 0.000000 - type: double 
	Parameter CLKOUT3_DIVIDE bound to: 1 - type: integer 
	Parameter CLKOUT3_DUTY_CYCLE bound to: 0.500000 - type: double 
	Parameter CLKOUT3_PHASE bound to: 0.000000 - type: double 
	Parameter CLKOUT4_DIVIDE bound to: 1 - type: integer 
	Parameter CLKOUT4_DUTY_CYCLE bound to: 0.500000 - type: double 
	Parameter CLKOUT4_PHASE bound to: 0.000000 - type: double 
	Parameter CLKOUT5_DIVIDE bound to: 1 - type: integer 
	Parameter CLKOUT5_DUTY_CYCLE bound to: 0.500000 - type: double 
	Parameter CLKOUT5_PHASE bound to: 0.000000 - type: double 
	Parameter COMPENSATION bound to: ZHOLD - type: string 
	Parameter DIVCLK_DIVIDE bound to: 1 - type: integer 
	Parameter IS_CLKINSEL_INVERTED bound to: 1'b0 
	Parameter IS_PWRDWN_INVERTED bound to: 1'b0 
	Parameter IS_RST_INVERTED bound to: 1'b0 
	Parameter REF_JITTER1 bound to: 0.010000 - type: double 
	Parameter REF_JITTER2 bound to: 0.010000 - type: double 
	Parameter STARTUP_WAIT bound to: FALSE - type: string 
INFO: [Synth 8-6155] done synthesizing module 'PLLE2_ADV' (2#1) [F:/vivado/Vivado/2019.2/scripts/rt/data/unisim_comp.v:61416]
INFO: [Synth 8-6157] synthesizing module 'BUFG' [F:/vivado/Vivado/2019.2/scripts/rt/data/unisim_comp.v:1075]
INFO: [Synth 8-6155] done synthesizing module 'BUFG' (3#1) [F:/vivado/Vivado/2019.2/scripts/rt/data/unisim_comp.v:1075]
INFO: [Synth 8-6155] done synthesizing module 'clk_pll_clk_wiz' (4#1) [c:/Users/HP/OneDrive/桌面/stu/计组/组成与结构实验5/cache实验基础代码/cache_lab_v0.05/soc_axi_lite_loongson/rtl/xilinx_ip/clk_pll/clk_pll_clk_wiz.v:69]
INFO: [Synth 8-6155] done synthesizing module 'clk_pll' (5#1) [c:/Users/HP/OneDrive/桌面/stu/计组/组成与结构实验5/cache实验基础代码/cache_lab_v0.05/soc_axi_lite_loongson/rtl/xilinx_ip/clk_pll/clk_pll.v:71]
TclStackFree: incorrect freePtr. Call out of sequence?
[Sun May 11 10:29:17 2025] clk_pll_synth_1 finished
WARNING: [Vivado 12-8222] Failed run(s) : 'clk_pll_synth_1'
[Sun May 11 10:29:17 2025] Waiting for axi_ram_synth_1 to finish...

*** Running vivado
    with args -log axi_ram.vds -m64 -product Vivado -mode batch -messageDb vivado.pb -notrace -source axi_ram.tcl


****** Vivado v2019.2 (64-bit)
  **** SW Build 2708876 on Wed Nov  6 21:40:23 MST 2019
  **** IP Build 2700528 on Thu Nov  7 00:09:20 MST 2019
    ** Copyright 1986-2019 Xilinx, Inc. All Rights Reserved.

source axi_ram.tcl -notrace
create_project: Time (s): cpu = 00:00:06 ; elapsed = 00:00:07 . Memory (MB): peak = 438.531 ; gain = 157.934
Command: synth_design -top axi_ram -part xc7a200tfbg676-2 -mode out_of_context
Starting synth_design
Attempting to get a license for feature 'Synthesis' and/or device 'xc7a200t'
INFO: [Common 17-349] Got license for feature 'Synthesis' and/or device 'xc7a200t'
INFO: [Device 21-403] Loading part xc7a200tfbg676-2
INFO: Launching helper process for spawning children vivado processes
INFO: Helper process launched with PID 23368 
---------------------------------------------------------------------------------
Starting RTL Elaboration : Time (s): cpu = 00:00:18 ; elapsed = 00:00:22 . Memory (MB): peak = 1026.668 ; gain = 234.738
---------------------------------------------------------------------------------
INFO: [Synth 8-638] synthesizing module 'axi_ram' [c:/Users/HP/OneDrive/桌面/stu/计组/组成与结构实验5/cache实验基础代码/cache_lab_v0.05/soc_axi_lite_loongson/rtl/xilinx_ip/axi_ram/synth/axi_ram.vhd:95]
	Parameter C_FAMILY bound to: artix7 - type: string 
	Parameter C_XDEVICEFAMILY bound to: artix7 - type: string 
	Parameter C_ELABORATION_DIR bound to: ./ - type: string 
	Parameter C_INTERFACE_TYPE bound to: 1 - type: integer 
	Parameter C_AXI_TYPE bound to: 1 - type: integer 
	Parameter C_AXI_SLAVE_TYPE bound to: 0 - type: integer 
	Parameter C_USE_BRAM_BLOCK bound to: 0 - type: integer 
	Parameter C_ENABLE_32BIT_ADDRESS bound to: 0 - type: integer 
	Parameter C_CTRL_ECC_ALGO bound to: NONE - type: string 
	Parameter C_HAS_AXI_ID bound to: 1 - type: integer 
	Parameter C_AXI_ID_WIDTH bound to: 4 - type: integer 
	Parameter C_MEM_TYPE bound to: 1 - type: integer 
	Parameter C_BYTE_SIZE bound to: 8 - type: integer 
	Parameter C_ALGORITHM bound to: 1 - type: integer 
	Parameter C_PRIM_TYPE bound to: 1 - type: integer 
	Parameter C_LOAD_INIT_FILE bound to: 1 - type: integer 
	Parameter C_INIT_FILE_NAME bound to: axi_ram.mif - type: string 
	Parameter C_INIT_FILE bound to: axi_ram.mem - type: string 
	Parameter C_USE_DEFAULT_DATA bound to: 1 - type: integer 
	Parameter C_DEFAULT_DATA bound to: 0 - type: string 
	Parameter C_HAS_RSTA bound to: 0 - type: integer 
	Parameter C_RST_PRIORITY_A bound to: CE - type: string 
	Parameter C_RSTRAM_A bound to: 0 - type: integer 
	Parameter C_INITA_VAL bound to: 0 - type: string 
	Parameter C_HAS_ENA bound to: 1 - type: integer 
	Parameter C_HAS_REGCEA bound to: 0 - type: integer 
	Parameter C_USE_BYTE_WEA bound to: 1 - type: integer 
	Parameter C_WEA_WIDTH bound to: 4 - type: integer 
	Parameter C_WRITE_MODE_A bound to: READ_FIRST - type: string 
	Parameter C_WRITE_WIDTH_A bound to: 32 - type: integer 
	Parameter C_READ_WIDTH_A bound to: 32 - type: integer 
	Parameter C_WRITE_DEPTH_A bound to: 262144 - type: integer 
	Parameter C_READ_DEPTH_A bound to: 262144 - type: integer 
	Parameter C_ADDRA_WIDTH bound to: 18 - type: integer 
	Parameter C_HAS_RSTB bound to: 1 - type: integer 
	Parameter C_RST_PRIORITY_B bound to: CE - type: string 
	Parameter C_RSTRAM_B bound to: 0 - type: integer 
	Parameter C_INITB_VAL bound to: 0 - type: string 
	Parameter C_HAS_ENB bound to: 1 - type: integer 
	Parameter C_HAS_REGCEB bound to: 0 - type: integer 
	Parameter C_USE_BYTE_WEB bound to: 1 - type: integer 
	Parameter C_WEB_WIDTH bound to: 4 - type: integer 
	Parameter C_WRITE_MODE_B bound to: READ_FIRST - type: string 
	Parameter C_WRITE_WIDTH_B bound to: 32 - type: integer 
	Parameter C_READ_WIDTH_B bound to: 32 - type: integer 
	Parameter C_WRITE_DEPTH_B bound to: 262144 - type: integer 
	Parameter C_READ_DEPTH_B bound to: 262144 - type: integer 
	Parameter C_ADDRB_WIDTH bound to: 18 - type: integer 
	Parameter C_HAS_MEM_OUTPUT_REGS_A bound to: 0 - type: integer 
	Parameter C_HAS_MEM_OUTPUT_REGS_B bound to: 0 - type: integer 
	Parameter C_HAS_MUX_OUTPUT_REGS_A bound to: 0 - type: integer 
	Parameter C_HAS_MUX_OUTPUT_REGS_B bound to: 0 - type: integer 
	Parameter C_MUX_PIPELINE_STAGES bound to: 0 - type: integer 
	Parameter C_HAS_SOFTECC_INPUT_REGS_A bound to: 0 - type: integer 
	Parameter C_HAS_SOFTECC_OUTPUT_REGS_B bound to: 0 - type: integer 
	Parameter C_USE_SOFTECC bound to: 0 - type: integer 
	Parameter C_USE_ECC bound to: 0 - type: integer 
	Parameter C_EN_ECC_PIPE bound to: 0 - type: integer 
	Parameter C_READ_LATENCY_A bound to: 1 - type: integer 
	Parameter C_READ_LATENCY_B bound to: 1 - type: integer 
	Parameter C_HAS_INJECTERR bound to: 0 - type: integer 
	Parameter C_SIM_COLLISION_CHECK bound to: ALL - type: string 
	Parameter C_COMMON_CLK bound to: 1 - type: integer 
	Parameter C_DISABLE_WARN_BHV_COLL bound to: 0 - type: integer 
	Parameter C_EN_SLEEP_PIN bound to: 0 - type: integer 
	Parameter C_USE_URAM bound to: 0 - type: integer 
	Parameter C_EN_RDADDRA_CHG bound to: 0 - type: integer 
	Parameter C_EN_RDADDRB_CHG bound to: 0 - type: integer 
	Parameter C_EN_DEEPSLEEP_PIN bound to: 0 - type: integer 
	Parameter C_EN_SHUTDOWN_PIN bound to: 0 - type: integer 
	Parameter C_EN_SAFETY_CKT bound to: 0 - type: integer 
	Parameter C_DISABLE_WARN_BHV_RANGE bound to: 0 - type: integer 
	Parameter C_COUNT_36K_BRAM bound to: 256 - type: string 
	Parameter C_COUNT_18K_BRAM bound to: 0 - type: string 
	Parameter C_EST_POWER_SUMMARY bound to: Estimated Power for IP     :     21.018106 mW - type: string 
INFO: [Synth 8-3491] module 'blk_mem_gen_v8_4_4' declared at 'c:/Users/HP/OneDrive/桌面/stu/计组/组成与结构实验5/cache实验基础代码/cache_lab_v0.05/soc_axi_lite_loongson/rtl/xilinx_ip/axi_ram/hdl/blk_mem_gen_v8_4_vhsyn_rfs.vhd:195321' bound to instance 'U0' of component 'blk_mem_gen_v8_4_4' [c:/Users/HP/OneDrive/桌面/stu/计组/组成与结构实验5/cache实验基础代码/cache_lab_v0.05/soc_axi_lite_loongson/rtl/xilinx_ip/axi_ram/synth/axi_ram.vhd:289]
INFO: [Synth 8-256] done synthesizing module 'axi_ram' (15#1) [c:/Users/HP/OneDrive/桌面/stu/计组/组成与结构实验5/cache实验基础代码/cache_lab_v0.05/soc_axi_lite_loongson/rtl/xilinx_ip/axi_ram/synth/axi_ram.vhd:95]
WARNING: [Synth 8-3331] design blk_mem_output_block has unconnected port CLKB
WARNING: [Synth 8-3331] design blk_mem_output_block has unconnected port DOUTA_I[31]
WARNING: [Synth 8-3331] design blk_mem_output_block has unconnected port DOUTA_I[30]
WARNING: [Synth 8-3331] design blk_mem_output_block has unconnected port DOUTA_I[29]
WARNING: [Synth 8-3331] design blk_mem_output_block has unconnected port DOUTA_I[28]
WARNING: [Synth 8-3331] design blk_mem_output_block has unconnected port DOUTA_I[27]
WARNING: [Synth 8-3331] design blk_mem_output_block has unconnected port DOUTA_I[26]
WARNING: [Synth 8-3331] design blk_mem_output_block has unconnected port DOUTA_I[25]
WARNING: [Synth 8-3331] design blk_mem_output_block has unconnected port DOUTA_I[24]
WARNING: [Synth 8-3331] design blk_mem_output_block has unconnected port DOUTA_I[23]
WARNING: [Synth 8-3331] design blk_mem_output_block has unconnected port DOUTA_I[22]
WARNING: [Synth 8-3331] design blk_mem_output_block has unconnected port DOUTA_I[21]
WARNING: [Synth 8-3331] design blk_mem_output_block has unconnected port DOUTA_I[20]
WARNING: [Synth 8-3331] design blk_mem_output_block has unconnected port DOUTA_I[19]
WARNING: [Synth 8-3331] design blk_mem_output_block has unconnected port DOUTA_I[18]
WARNING: [Synth 8-3331] design blk_mem_output_block has unconnected port DOUTA_I[17]
WARNING: [Synth 8-3331] design blk_mem_output_block has unconnected port DOUTA_I[16]
WARNING: [Synth 8-3331] design blk_mem_output_block has unconnected port DOUTA_I[15]
WARNING: [Synth 8-3331] design blk_mem_output_block has unconnected port DOUTA_I[14]
WARNING: [Synth 8-3331] design blk_mem_output_block has unconnected port DOUTA_I[13]
WARNING: [Synth 8-3331] design blk_mem_output_block has unconnected port DOUTA_I[12]
WARNING: [Synth 8-3331] design blk_mem_output_block has unconnected port DOUTA_I[11]
WARNING: [Synth 8-3331] design blk_mem_output_block has unconnected port DOUTA_I[10]
WARNING: [Synth 8-3331] design blk_mem_output_block has unconnected port DOUTA_I[9]
WARNING: [Synth 8-3331] design blk_mem_output_block has unconnected port DOUTA_I[8]
WARNING: [Synth 8-3331] design blk_mem_output_block has unconnected port DOUTA_I[7]
WARNING: [Synth 8-3331] design blk_mem_output_block has unconnected port DOUTA_I[6]
WARNING: [Synth 8-3331] design blk_mem_output_block has unconnected port DOUTA_I[5]
WARNING: [Synth 8-3331] design blk_mem_output_block has unconnected port DOUTA_I[4]
WARNING: [Synth 8-3331] design blk_mem_output_block has unconnected port DOUTA_I[3]
WARNING: [Synth 8-3331] design blk_mem_output_block has unconnected port DOUTA_I[2]
WARNING: [Synth 8-3331] design blk_mem_output_block has unconnected port DOUTA_I[1]
WARNING: [Synth 8-3331] design blk_mem_output_block has unconnected port DOUTA_I[0]
WARNING: [Synth 8-3331] design blk_mem_output_block has unconnected port SBITERR_I
WARNING: [Synth 8-3331] design blk_mem_output_block has unconnected port DBITERR_I
WARNING: [Synth 8-3331] design blk_mem_output_block has unconnected port RDADDRECC_I[17]
WARNING: [Synth 8-3331] design blk_mem_output_block has unconnected port RDADDRECC_I[16]
WARNING: [Synth 8-3331] design blk_mem_output_block has unconnected port RDADDRECC_I[15]
WARNING: [Synth 8-3331] design blk_mem_output_block has unconnected port RDADDRECC_I[14]
WARNING: [Synth 8-3331] design blk_mem_output_block has unconnected port RDADDRECC_I[13]
WARNING: [Synth 8-3331] design blk_mem_output_block has unconnected port RDADDRECC_I[12]
WARNING: [Synth 8-3331] design blk_mem_output_block has unconnected port RDADDRECC_I[11]
WARNING: [Synth 8-3331] design blk_mem_output_block has unconnected port RDADDRECC_I[10]
WARNING: [Synth 8-3331] design blk_mem_output_block has unconnected port RDADDRECC_I[9]
WARNING: [Synth 8-3331] design blk_mem_output_block has unconnected port RDADDRECC_I[8]
WARNING: [Synth 8-3331] design blk_mem_output_block has unconnected port RDADDRECC_I[7]
WARNING: [Synth 8-3331] design blk_mem_output_block has unconnected port RDADDRECC_I[6]
WARNING: [Synth 8-3331] design blk_mem_output_block has unconnected port RDADDRECC_I[5]
WARNING: [Synth 8-3331] design blk_mem_output_block has unconnected port RDADDRECC_I[4]
WARNING: [Synth 8-3331] design blk_mem_output_block has unconnected port RDADDRECC_I[3]
WARNING: [Synth 8-3331] design blk_mem_output_block has unconnected port RDADDRECC_I[2]
WARNING: [Synth 8-3331] design blk_mem_output_block has unconnected port RDADDRECC_I[1]
WARNING: [Synth 8-3331] design blk_mem_output_block has unconnected port RDADDRECC_I[0]
WARNING: [Synth 8-3331] design blk_mem_gen_prim_wrapper_init__parameterized254 has unconnected port SSRA
WARNING: [Synth 8-3331] design blk_mem_gen_prim_wrapper_init__parameterized254 has unconnected port REGCEA
WARNING: [Synth 8-3331] design blk_mem_gen_prim_wrapper_init__parameterized254 has unconnected port SSRB
WARNING: [Synth 8-3331] design blk_mem_gen_prim_wrapper_init__parameterized254 has unconnected port WEB[0]
WARNING: [Synth 8-3331] design blk_mem_gen_prim_wrapper_init__parameterized254 has unconnected port DINB[8]
WARNING: [Synth 8-3331] design blk_mem_gen_prim_wrapper_init__parameterized254 has unconnected port DINB[7]
WARNING: [Synth 8-3331] design blk_mem_gen_prim_wrapper_init__parameterized254 has unconnected port DINB[6]
WARNING: [Synth 8-3331] design blk_mem_gen_prim_wrapper_init__parameterized254 has unconnected port DINB[5]
WARNING: [Synth 8-3331] design blk_mem_gen_prim_wrapper_init__parameterized254 has unconnected port DINB[4]
WARNING: [Synth 8-3331] design blk_mem_gen_prim_wrapper_init__parameterized254 has unconnected port DINB[3]
WARNING: [Synth 8-3331] design blk_mem_gen_prim_wrapper_init__parameterized254 has unconnected port DINB[2]
WARNING: [Synth 8-3331] design blk_mem_gen_prim_wrapper_init__parameterized254 has unconnected port DINB[1]
WARNING: [Synth 8-3331] design blk_mem_gen_prim_wrapper_init__parameterized254 has unconnected port DINB[0]
WARNING: [Synth 8-3331] design blk_mem_gen_prim_wrapper_init__parameterized254 has unconnected port SLEEP
WARNING: [Synth 8-3331] design blk_mem_gen_prim_wrapper_init__parameterized254 has unconnected port INJECTSBITERR
WARNING: [Synth 8-3331] design blk_mem_gen_prim_wrapper_init__parameterized254 has unconnected port INJECTDBITERR
WARNING: [Synth 8-3331] design blk_mem_gen_prim_wrapper_init__parameterized254 has unconnected port ECCPIPECE
WARNING: [Synth 8-3331] design blk_mem_gen_prim_wrapper_init__parameterized253 has unconnected port SSRA
WARNING: [Synth 8-3331] design blk_mem_gen_prim_wrapper_init__parameterized253 has unconnected port REGCEA
WARNING: [Synth 8-3331] design blk_mem_gen_prim_wrapper_init__parameterized253 has unconnected port SSRB
WARNING: [Synth 8-3331] design blk_mem_gen_prim_wrapper_init__parameterized253 has unconnected port WEB[0]
WARNING: [Synth 8-3331] design blk_mem_gen_prim_wrapper_init__parameterized253 has unconnected port DINB[8]
WARNING: [Synth 8-3331] design blk_mem_gen_prim_wrapper_init__parameterized253 has unconnected port DINB[7]
WARNING: [Synth 8-3331] design blk_mem_gen_prim_wrapper_init__parameterized253 has unconnected port DINB[6]
WARNING: [Synth 8-3331] design blk_mem_gen_prim_wrapper_init__parameterized253 has unconnected port DINB[5]
WARNING: [Synth 8-3331] design blk_mem_gen_prim_wrapper_init__parameterized253 has unconnected port DINB[4]
WARNING: [Synth 8-3331] design blk_mem_gen_prim_wrapper_init__parameterized253 has unconnected port DINB[3]
WARNING: [Synth 8-3331] design blk_mem_gen_prim_wrapper_init__parameterized253 has unconnected port DINB[2]
WARNING: [Synth 8-3331] design blk_mem_gen_prim_wrapper_init__parameterized253 has unconnected port DINB[1]
WARNING: [Synth 8-3331] design blk_mem_gen_prim_wrapper_init__parameterized253 has unconnected port DINB[0]
WARNING: [Synth 8-3331] design blk_mem_gen_prim_wrapper_init__parameterized253 has unconnected port SLEEP
WARNING: [Synth 8-3331] design blk_mem_gen_prim_wrapper_init__parameterized253 has unconnected port INJECTSBITERR
WARNING: [Synth 8-3331] design blk_mem_gen_prim_wrapper_init__parameterized253 has unconnected port INJECTDBITERR
WARNING: [Synth 8-3331] design blk_mem_gen_prim_wrapper_init__parameterized253 has unconnected port ECCPIPECE
WARNING: [Synth 8-3331] design blk_mem_gen_prim_wrapper_init__parameterized252 has unconnected port SSRA
WARNING: [Synth 8-3331] design blk_mem_gen_prim_wrapper_init__parameterized252 has unconnected port REGCEA
WARNING: [Synth 8-3331] design blk_mem_gen_prim_wrapper_init__parameterized252 has unconnected port SSRB
WARNING: [Synth 8-3331] design blk_mem_gen_prim_wrapper_init__parameterized252 has unconnected port WEB[0]
WARNING: [Synth 8-3331] design blk_mem_gen_prim_wrapper_init__parameterized252 has unconnected port DINB[8]
WARNING: [Synth 8-3331] design blk_mem_gen_prim_wrapper_init__parameterized252 has unconnected port DINB[7]
WARNING: [Synth 8-3331] design blk_mem_gen_prim_wrapper_init__parameterized252 has unconnected port DINB[6]
WARNING: [Synth 8-3331] design blk_mem_gen_prim_wrapper_init__parameterized252 has unconnected port DINB[5]
WARNING: [Synth 8-3331] design blk_mem_gen_prim_wrapper_init__parameterized252 has unconnected port DINB[4]
WARNING: [Synth 8-3331] design blk_mem_gen_prim_wrapper_init__parameterized252 has unconnected port DINB[3]
WARNING: [Synth 8-3331] design blk_mem_gen_prim_wrapper_init__parameterized252 has unconnected port DINB[2]
WARNING: [Synth 8-3331] design blk_mem_gen_prim_wrapper_init__parameterized252 has unconnected port DINB[1]
WARNING: [Synth 8-3331] design blk_mem_gen_prim_wrapper_init__parameterized252 has unconnected port DINB[0]
INFO: [Common 17-14] Message 'Synth 8-3331' appears 100 times and further instances of the messages will be disabled. Use the Tcl command set_msg_config to change the current settings.
TclStackFree: incorrect freePtr. Call out of sequence?
[Sun May 11 10:29:17 2025] axi_ram_synth_1 finished
WARNING: [Vivado 12-8222] Failed run(s) : 'axi_ram_synth_1'
[Sun May 11 10:29:17 2025] Waiting for axi_crossbar_1x2_synth_1 to finish...

*** Running vivado
    with args -log axi_crossbar_1x2.vds -m64 -product Vivado -mode batch -messageDb vivado.pb -notrace -source axi_crossbar_1x2.tcl


****** Vivado v2019.2 (64-bit)
  **** SW Build 2708876 on Wed Nov  6 21:40:23 MST 2019
  **** IP Build 2700528 on Thu Nov  7 00:09:20 MST 2019
    ** Copyright 1986-2019 Xilinx, Inc. All Rights Reserved.

source axi_crossbar_1x2.tcl -notrace
create_project: Time (s): cpu = 00:00:04 ; elapsed = 00:00:06 . Memory (MB): peak = 437.074 ; gain = 156.543
Command: synth_design -top axi_crossbar_1x2 -part xc7a200tfbg676-2 -mode out_of_context
Starting synth_design
Attempting to get a license for feature 'Synthesis' and/or device 'xc7a200t'
INFO: [Common 17-349] Got license for feature 'Synthesis' and/or device 'xc7a200t'
INFO: [Device 21-403] Loading part xc7a200tfbg676-2
INFO: Launching helper process for spawning children vivado processes
INFO: Helper process launched with PID 24448 
---------------------------------------------------------------------------------
Starting RTL Elaboration : Time (s): cpu = 00:00:14 ; elapsed = 00:00:17 . Memory (MB): peak = 1031.172 ; gain = 235.164
---------------------------------------------------------------------------------
INFO: [Synth 8-6157] synthesizing module 'axi_crossbar_1x2' [c:/Users/HP/OneDrive/桌面/stu/计组/组成与结构实验5/cache实验基础代码/cache_lab_v0.05/soc_axi_lite_loongson/rtl/xilinx_ip/axi_crossbar_1x2/synth/axi_crossbar_1x2.v:59]
INFO: [Synth 8-6157] synthesizing module 'axi_crossbar_v2_1_21_axi_crossbar' [c:/Users/HP/OneDrive/桌面/stu/计组/组成与结构实验5/cache实验基础代码/cache_lab_v0.05/soc_axi_lite_loongson/rtl/xilinx_ip/axi_crossbar_1x2/hdl/axi_crossbar_v2_1_vl_rfs.v:4884]
	Parameter C_FAMILY bound to: artix7 - type: string 
	Parameter C_NUM_SLAVE_SLOTS bound to: 1 - type: integer 
	Parameter C_NUM_MASTER_SLOTS bound to: 2 - type: integer 
	Parameter C_AXI_ID_WIDTH bound to: 4 - type: integer 
	Parameter C_AXI_ADDR_WIDTH bound to: 32 - type: integer 
	Parameter C_AXI_DATA_WIDTH bound to: 32 - type: integer 
	Parameter C_AXI_PROTOCOL bound to: 1 - type: integer 
	Parameter C_NUM_ADDR_RANGES bound to: 5 - type: integer 
	Parameter C_M_AXI_BASE_ADDR bound to: 640'b0000000000000000000000000000000000000000000000000000000000000000000000000000000000000000000000001000000000000000000000000000000000000000000000000000000000000000010000000000000000000000000000000000000000000000000000000000000000100000000000000000000000000000000000000000000000000000000000000001111111000000000000000000000011111111111111111111111111111111111111111111111111111111111111111111111111111111111111111111111111111111111111111111111111111111111111111111111111111111111111111111111111111111111111111111111111111111111111111111111111111111111111111111111111111111111111110000000000000000000000000000000000011111101011110000000000000000 
	Parameter C_M_AXI_ADDR_WIDTH bound to: 320'b00000000000000000000000000011100000000000000000000000000000111110000000000000000000000000001111000000000000000000000000000011101000000000000000000000000000101100000000000000000000000000000000000000000000000000000000000000000000000000000000000000000000000000000000000000000000000000000000000000000000000000000000000010000 
	Parameter C_S_AXI_BASE_ID bound to: 0 - type: integer 
	Parameter C_S_AXI_THREAD_ID_WIDTH bound to: 4 - type: integer 
	Parameter C_AXI_SUPPORTS_USER_SIGNALS bound to: 0 - type: integer 
	Parameter C_AXI_AWUSER_WIDTH bound to: 1 - type: integer 
	Parameter C_AXI_ARUSER_WIDTH bound to: 1 - type: integer 
	Parameter C_AXI_WUSER_WIDTH bound to: 1 - type: integer 
	Parameter C_AXI_RUSER_WIDTH bound to: 1 - type: integer 
	Parameter C_AXI_BUSER_WIDTH bound to: 1 - type: integer 
	Parameter C_M_AXI_WRITE_CONNECTIVITY bound to: 64'b0000000000000000000000000000000100000000000000000000000000000001 
	Parameter C_M_AXI_READ_CONNECTIVITY bound to: 64'b0000000000000000000000000000000100000000000000000000000000000001 
	Parameter C_R_REGISTER bound to: 0 - type: integer 
	Parameter C_S_AXI_SINGLE_THREAD bound to: 0 - type: integer 
	Parameter C_S_AXI_WRITE_ACCEPTANCE bound to: 4 - type: integer 
	Parameter C_S_AXI_READ_ACCEPTANCE bound to: 4 - type: integer 
	Parameter C_M_AXI_WRITE_ISSUING bound to: 64'b0000000000000000000000000000010000000000000000000000000000000100 
	Parameter C_M_AXI_READ_ISSUING bound to: 64'b0000000000000000000000000000010000000000000000000000000000000100 
	Parameter C_S_AXI_ARB_PRIORITY bound to: 0 - type: integer 
	Parameter C_M_AXI_SECURE bound to: 64'b0000000000000000000000000000000000000000000000000000000000000000 
	Parameter C_CONNECTIVITY_MODE bound to: 1 - type: integer 
	Parameter P_ONES bound to: 65'b11111111111111111111111111111111111111111111111111111111111111111 
	Parameter P_S_AXI_BASE_ID bound to: 64'b0000000000000000000000000000000000000000000000000000000000000000 
	Parameter P_S_AXI_HIGH_ID bound to: 64'b0000000000000000000000000000000000000000000000000000000000001111 
	Parameter P_AXI4 bound to: 0 - type: integer 
	Parameter P_AXI3 bound to: 1 - type: integer 
	Parameter P_AXILITE bound to: 2 - type: integer 
	Parameter P_AXILITE_SIZE bound to: 3'b010 
	Parameter P_INCR bound to: 2'b01 
	Parameter P_M_AXI_SUPPORTS_WRITE bound to: 2'b11 
	Parameter P_M_AXI_SUPPORTS_READ bound to: 2'b11 
	Parameter P_S_AXI_SUPPORTS_WRITE bound to: 1'b1 
	Parameter P_S_AXI_SUPPORTS_READ bound to: 1'b1 
	Parameter C_DEBUG bound to: 1 - type: integer 
	Parameter P_RANGE_CHECK bound to: 1 - type: integer 
	Parameter P_ADDR_DECODE bound to: 1 - type: integer 
	Parameter P_M_AXI_ERR_MODE bound to: 64'b0000000000000000000000000000000000000000000000000000000000000000 
	Parameter P_LEN bound to: 4 - type: integer 
	Parameter P_LOCK bound to: 2 - type: integer 
	Parameter P_FAMILY bound to: artix7 - type: string 
INFO: [Synth 8-6157] synthesizing module 'axi_crossbar_v2_1_21_crossbar' [c:/Users/HP/OneDrive/桌面/stu/计组/组成与结构实验5/cache实验基础代码/cache_lab_v0.05/soc_axi_lite_loongson/rtl/xilinx_ip/axi_crossbar_1x2/hdl/axi_crossbar_v2_1_vl_rfs.v:2239]
	Parameter C_FAMILY bound to: artix7 - type: string 
	Parameter C_NUM_SLAVE_SLOTS bound to: 1 - type: integer 
	Parameter C_NUM_MASTER_SLOTS bound to: 2 - type: integer 
	Parameter C_NUM_ADDR_RANGES bound to: 5 - type: integer 
	Parameter C_AXI_ID_WIDTH bound to: 4 - type: integer 
	Parameter C_AXI_ADDR_WIDTH bound to: 32 - type: integer 
	Parameter C_AXI_DATA_WIDTH bound to: 32 - type: integer 
	Parameter C_AXI_PROTOCOL bound to: 1 - type: integer 
	Parameter C_M_AXI_BASE_ADDR bound to: 640'b0000000000000000000000000000000000000000000000000000000000000000000000000000000000000000000000001000000000000000000000000000000000000000000000000000000000000000010000000000000000000000000000000000000000000000000000000000000000100000000000000000000000000000000000000000000000000000000000000001111111000000000000000000000011111111111111111111111111111111111111111111111111111111111111111111111111111111111111111111111111111111111111111111111111111111111111111111111111111111111111111111111111111111111111111111111111111111111111111111111111111111111111111111111111111111111111110000000000000000000000000000000000011111101011110000000000000000 
	Parameter C_M_AXI_HIGH_ADDR bound to: 640'b0000000000000000000000000000000000001111111111111111111111111111000000000000000000000000000000001111111111111111111111111111111100000000000000000000000000000000011111111111111111111111111111110000000000000000000000000000000000111111111111111111111111111111000000000000000000000000000000000001111111111111111111111111111100000000000000000000000000000000000000000000000000000000000000000000000000000000000000000000000000000000000000000000000000000000000000000000000000000000000000000000000000000000000000000000000000000000000000000000000000000000000000000000000000000000000000000000000000000000000000000000000000011111101011111111111111111111 
	Parameter C_S_AXI_BASE_ID bound to: 64'b0000000000000000000000000000000000000000000000000000000000000000 
	Parameter C_S_AXI_HIGH_ID bound to: 64'b0000000000000000000000000000000000000000000000000000000000001111 
	Parameter C_S_AXI_THREAD_ID_WIDTH bound to: 4 - type: integer 
	Parameter C_AXI_SUPPORTS_USER_SIGNALS bound to: 0 - type: integer 
	Parameter C_AXI_AWUSER_WIDTH bound to: 1 - type: integer 
	Parameter C_AXI_ARUSER_WIDTH bound to: 1 - type: integer 
	Parameter C_AXI_WUSER_WIDTH bound to: 1 - type: integer 
	Parameter C_AXI_RUSER_WIDTH bound to: 1 - type: integer 
	Parameter C_AXI_BUSER_WIDTH bound to: 1 - type: integer 
	Parameter C_S_AXI_SUPPORTS_WRITE bound to: 1'b1 
	Parameter C_S_AXI_SUPPORTS_READ bound to: 1'b1 
	Parameter C_M_AXI_SUPPORTS_WRITE bound to: 2'b11 
	Parameter C_M_AXI_SUPPORTS_READ bound to: 2'b11 
	Parameter C_M_AXI_WRITE_CONNECTIVITY bound to: 64'b0000000000000000000000000000000100000000000000000000000000000001 
	Parameter C_M_AXI_READ_CONNECTIVITY bound to: 64'b0000000000000000000000000000000100000000000000000000000000000001 
	Parameter C_S_AXI_SINGLE_THREAD bound to: 0 - type: integer 
	Parameter C_S_AXI_WRITE_ACCEPTANCE bound to: 4 - type: integer 
	Parameter C_S_AXI_READ_ACCEPTANCE bound to: 4 - type: integer 
	Parameter C_M_AXI_WRITE_ISSUING bound to: 64'b0000000000000000000000000000010000000000000000000000000000000100 
	Parameter C_M_AXI_READ_ISSUING bound to: 64'b0000000000000000000000000000010000000000000000000000000000000100 
	Parameter C_S_AXI_ARB_PRIORITY bound to: 0 - type: integer 
	Parameter C_M_AXI_SECURE bound to: 64'b0000000000000000000000000000000000000000000000000000000000000000 
	Parameter C_M_AXI_ERR_MODE bound to: 64'b0000000000000000000000000000000000000000000000000000000000000000 
	Parameter C_RANGE_CHECK bound to: 1 - type: integer 
	Parameter C_ADDR_DECODE bound to: 1 - type: integer 
	Parameter C_W_ISSUE_WIDTH bound to: 96'b000000000000000000000000000000000000000000000000000000000000001000000000000000000000000000000010 
	Parameter C_R_ISSUE_WIDTH bound to: 96'b000000000000000000000000000000000000000000000000000000000000001000000000000000000000000000000010 
	Parameter C_W_ACCEPT_WIDTH bound to: 32'b00000000000000000000000000000010 
	Parameter C_R_ACCEPT_WIDTH bound to: 32'b00000000000000000000000000000010 
	Parameter C_DEBUG bound to: 1 - type: integer 
	Parameter P_AXI4 bound to: 0 - type: integer 
	Parameter P_AXI3 bound to: 1 - type: integer 
	Parameter P_AXILITE bound to: 2 - type: integer 
	Parameter P_WRITE bound to: 0 - type: integer 
	Parameter P_READ bound to: 1 - type: integer 
	Parameter P_NUM_MASTER_SLOTS_LOG bound to: 1 - type: integer 
	Parameter P_NUM_SLAVE_SLOTS_LOG bound to: 1 - type: integer 
	Parameter P_AXI_WID_WIDTH bound to: 4 - type: integer 
	Parameter P_ST_AWMESG_WIDTH bound to: 11 - type: integer 
	Parameter P_AA_AWMESG_WIDTH bound to: 67 - type: integer 
	Parameter P_ST_ARMESG_WIDTH bound to: 11 - type: integer 
	Parameter P_AA_ARMESG_WIDTH bound to: 67 - type: integer 
	Parameter P_ST_BMESG_WIDTH bound to: 3 - type: integer 
	Parameter P_ST_RMESG_WIDTH bound to: 35 - type: integer 
	Parameter P_WR_WMESG_WIDTH bound to: 41 - type: integer 
	Parameter P_BYPASS bound to: 0 - type: integer 
	Parameter P_FWD_REV bound to: 1 - type: integer 
	Parameter P_SIMPLE bound to: 7 - type: integer 
	Parameter P_M_AXI_SUPPORTS_READ bound to: 3'b111 
	Parameter P_M_AXI_SUPPORTS_WRITE bound to: 3'b111 
	Parameter P_M_AXI_WRITE_CONNECTIVITY bound to: 96'b111111111111111111111111111111110000000000000000000000000000000100000000000000000000000000000001 
	Parameter P_M_AXI_READ_CONNECTIVITY bound to: 96'b111111111111111111111111111111110000000000000000000000000000000100000000000000000000000000000001 
	Parameter P_S_AXI_WRITE_CONNECTIVITY bound to: 32'b11111111111111111111111111111111 
	Parameter P_S_AXI_READ_CONNECTIVITY bound to: 32'b11111111111111111111111111111111 
	Parameter P_M_AXI_READ_ISSUING bound to: 96'b000000000000000000000000000000010000000000000000000000000000010000000000000000000000000000000100 
	Parameter P_M_AXI_WRITE_ISSUING bound to: 96'b000000000000000000000000000000010000000000000000000000000000010000000000000000000000000000000100 
	Parameter P_DECERR bound to: 2'b11 
INFO: [Synth 8-6157] synthesizing module 'axi_crossbar_v2_1_21_si_transactor' [c:/Users/HP/OneDrive/桌面/stu/计组/组成与结构实验5/cache实验基础代码/cache_lab_v0.05/soc_axi_lite_loongson/rtl/xilinx_ip/axi_crossbar_1x2/hdl/axi_crossbar_v2_1_vl_rfs.v:3800]
	Parameter C_FAMILY bound to: artix7 - type: string 
	Parameter C_SI bound to: 0 - type: integer 
	Parameter C_DIR bound to: 1 - type: integer 
	Parameter C_NUM_ADDR_RANGES bound to: 5 - type: integer 
	Parameter C_NUM_M bound to: 2 - type: integer 
	Parameter C_NUM_M_LOG bound to: 1 - type: integer 
	Parameter C_ACCEPTANCE bound to: 4 - type: integer 
	Parameter C_ACCEPTANCE_LOG bound to: 2 - type: integer 
	Parameter C_ID_WIDTH bound to: 4 - type: integer 
	Parameter C_THREAD_ID_WIDTH bound to: 4 - type: integer 
	Parameter C_ADDR_WIDTH bound to: 32 - type: integer 
	Parameter C_AMESG_WIDTH bound to: 11 - type: integer 
	Parameter C_RMESG_WIDTH bound to: 35 - type: integer 
	Parameter C_BASE_ID bound to: 4'b0000 
	Parameter C_HIGH_ID bound to: 4'b1111 
	Parameter C_BASE_ADDR bound to: 640'b0000000000000000000000000000000000000000000000000000000000000000000000000000000000000000000000001000000000000000000000000000000000000000000000000000000000000000010000000000000000000000000000000000000000000000000000000000000000100000000000000000000000000000000000000000000000000000000000000001111111000000000000000000000011111111111111111111111111111111111111111111111111111111111111111111111111111111111111111111111111111111111111111111111111111111111111111111111111111111111111111111111111111111111111111111111111111111111111111111111111111111111111111111111111111111111111110000000000000000000000000000000000011111101011110000000000000000 
	Parameter C_HIGH_ADDR bound to: 640'b0000000000000000000000000000000000001111111111111111111111111111000000000000000000000000000000001111111111111111111111111111111100000000000000000000000000000000011111111111111111111111111111110000000000000000000000000000000000111111111111111111111111111111000000000000000000000000000000000001111111111111111111111111111100000000000000000000000000000000000000000000000000000000000000000000000000000000000000000000000000000000000000000000000000000000000000000000000000000000000000000000000000000000000000000000000000000000000000000000000000000000000000000000000000000000000000000000000000000000000000000000000000011111101011111111111111111111 
	Parameter C_SINGLE_THREAD bound to: 0 - type: integer 
	Parameter C_TARGET_QUAL bound to: 2'b11 
	Parameter C_M_AXI_SECURE bound to: 64'b0000000000000000000000000000000000000000000000000000000000000000 
	Parameter C_RANGE_CHECK bound to: 1 - type: integer 
	Parameter C_ADDR_DECODE bound to: 1 - type: integer 
	Parameter C_ERR_MODE bound to: 64'b0000000000000000000000000000000000000000000000000000000000000000 
	Parameter C_DEBUG bound to: 1 - type: integer 
	Parameter P_WRITE bound to: 0 - type: integer 
	Parameter P_READ bound to: 1 - type: integer 
	Parameter P_RMUX_MESG_WIDTH bound to: 40 - type: integer 
	Parameter P_AXILITE_ERRMODE bound to: 1 - type: integer 
	Parameter P_NONSECURE_BIT bound to: 1 - type: integer 
	Parameter P_NUM_M_LOG_M1 bound to: 1 - type: integer 
	Parameter P_M_AXILITE bound to: 2'b00 
	Parameter P_FIXED bound to: 2'b00 
	Parameter P_NUM_M_DE_LOG bound to: 2 - type: integer 
	Parameter P_THREAD_ID_WIDTH_M1 bound to: 4 - type: integer 
	Parameter P_NUM_ID_VAL bound to: 16 - type: integer 
	Parameter P_NUM_THREADS bound to: 4 - type: integer 
	Parameter P_M_SECURE_MASK bound to: 2'b00 
INFO: [Synth 8-6157] synthesizing module 'axi_crossbar_v2_1_21_addr_decoder' [c:/Users/HP/OneDrive/桌面/stu/计组/组成与结构实验5/cache实验基础代码/cache_lab_v0.05/soc_axi_lite_loongson/rtl/xilinx_ip/axi_crossbar_1x2/hdl/axi_crossbar_v2_1_vl_rfs.v:794]
	Parameter C_FAMILY bound to: artix7 - type: string 
	Parameter C_NUM_TARGETS bound to: 2 - type: integer 
	Parameter C_NUM_TARGETS_LOG bound to: 1 - type: integer 
	Parameter C_NUM_RANGES bound to: 5 - type: integer 
	Parameter C_ADDR_WIDTH bound to: 32 - type: integer 
	Parameter C_TARGET_ENC bound to: 1 - type: integer 
	Parameter C_TARGET_HOT bound to: 1 - type: integer 
	Parameter C_REGION_ENC bound to: 1 - type: integer 
	Parameter C_BASE_ADDR bound to: 640'b0000000000000000000000000000000000000000000000000000000000000000000000000000000000000000000000001000000000000000000000000000000000000000000000000000000000000000010000000000000000000000000000000000000000000000000000000000000000100000000000000000000000000000000000000000000000000000000000000001111111000000000000000000000011111111111111111111111111111111111111111111111111111111111111111111111111111111111111111111111111111111111111111111111111111111111111111111111111111111111111111111111111111111111111111111111111111111111111111111111111111111111111111111111111111111111111110000000000000000000000000000000000011111101011110000000000000000 
	Parameter C_HIGH_ADDR bound to: 640'b0000000000000000000000000000000000001111111111111111111111111111000000000000000000000000000000001111111111111111111111111111111100000000000000000000000000000000011111111111111111111111111111110000000000000000000000000000000000111111111111111111111111111111000000000000000000000000000000000001111111111111111111111111111100000000000000000000000000000000000000000000000000000000000000000000000000000000000000000000000000000000000000000000000000000000000000000000000000000000000000000000000000000000000000000000000000000000000000000000000000000000000000000000000000000000000000000000000000000000000000000000000000011111101011111111111111111111 
	Parameter C_TARGET_QUAL bound to: 3'b011 
	Parameter C_RESOLUTION bound to: 2 - type: integer 
	Parameter C_COMPARATOR_THRESHOLD bound to: 6 - type: integer 
INFO: [Synth 8-6157] synthesizing module 'generic_baseblocks_v2_1_0_comparator_static' [c:/Users/HP/OneDrive/桌面/stu/计组/组成与结构实验5/cache实验基础代码/cache_lab_v0.05/soc_axi_lite_loongson/rtl/xilinx_ip/axi_crossbar_1x2/hdl/generic_baseblocks_v2_1_vl_rfs.v:2133]
	Parameter C_FAMILY bound to: rtl - type: string 
	Parameter C_VALUE bound to: 30'b000111111010111100000000000000 
	Parameter C_DATA_WIDTH bound to: 30 - type: integer 
	Parameter C_BITS_PER_LUT bound to: 6 - type: integer 
	Parameter C_NUM_LUT bound to: 5 - type: integer 
	Parameter C_FIX_DATA_WIDTH bound to: 30 - type: integer 
INFO: [Synth 8-6157] synthesizing module 'generic_baseblocks_v2_1_0_carry_and' [c:/Users/HP/OneDrive/桌面/stu/计组/组成与结构实验5/cache实验基础代码/cache_lab_v0.05/soc_axi_lite_loongson/rtl/xilinx_ip/axi_crossbar_1x2/hdl/generic_baseblocks_v2_1_vl_rfs.v:62]
	Parameter C_FAMILY bound to: rtl - type: string 
INFO: [Synth 8-6155] done synthesizing module 'generic_baseblocks_v2_1_0_carry_and' (1#1) [c:/Users/HP/OneDrive/桌面/stu/计组/组成与结构实验5/cache实验基础代码/cache_lab_v0.05/soc_axi_lite_loongson/rtl/xilinx_ip/axi_crossbar_1x2/hdl/generic_baseblocks_v2_1_vl_rfs.v:62]
INFO: [Synth 8-6155] done synthesizing module 'generic_baseblocks_v2_1_0_comparator_static' (2#1) [c:/Users/HP/OneDrive/桌面/stu/计组/组成与结构实验5/cache实验基础代码/cache_lab_v0.05/soc_axi_lite_loongson/rtl/xilinx_ip/axi_crossbar_1x2/hdl/generic_baseblocks_v2_1_vl_rfs.v:2133]
INFO: [Synth 8-6157] synthesizing module 'generic_baseblocks_v2_1_0_comparator_static__parameterized0' [c:/Users/HP/OneDrive/桌面/stu/计组/组成与结构实验5/cache实验基础代码/cache_lab_v0.05/soc_axi_lite_loongson/rtl/xilinx_ip/axi_crossbar_1x2/hdl/generic_baseblocks_v2_1_vl_rfs.v:2133]
	Parameter C_FAMILY bound to: rtl - type: string 
	Parameter C_VALUE bound to: 30'b000111111100000000000000000000 
	Parameter C_DATA_WIDTH bound to: 30 - type: integer 
	Parameter C_BITS_PER_LUT bound to: 6 - type: integer 
	Parameter C_NUM_LUT bound to: 5 - type: integer 
	Parameter C_FIX_DATA_WIDTH bound to: 30 - type: integer 
INFO: [Synth 8-6155] done synthesizing module 'generic_baseblocks_v2_1_0_comparator_static__parameterized0' (2#1) [c:/Users/HP/OneDrive/桌面/stu/计组/组成与结构实验5/cache实验基础代码/cache_lab_v0.05/soc_axi_lite_loongson/rtl/xilinx_ip/axi_crossbar_1x2/hdl/generic_baseblocks_v2_1_vl_rfs.v:2133]
INFO: [Synth 8-6157] synthesizing module 'generic_baseblocks_v2_1_0_comparator_static__parameterized1' [c:/Users/HP/OneDrive/桌面/stu/计组/组成与结构实验5/cache实验基础代码/cache_lab_v0.05/soc_axi_lite_loongson/rtl/xilinx_ip/axi_crossbar_1x2/hdl/generic_baseblocks_v2_1_vl_rfs.v:2133]
	Parameter C_FAMILY bound to: rtl - type: string 
	Parameter C_VALUE bound to: 30'b001000000000000000000000000000 
	Parameter C_DATA_WIDTH bound to: 30 - type: integer 
	Parameter C_BITS_PER_LUT bound to: 6 - type: integer 
	Parameter C_NUM_LUT bound to: 5 - type: integer 
	Parameter C_FIX_DATA_WIDTH bound to: 30 - type: integer 
INFO: [Synth 8-6155] done synthesizing module 'generic_baseblocks_v2_1_0_comparator_static__parameterized1' (2#1) [c:/Users/HP/OneDrive/桌面/stu/计组/组成与结构实验5/cache实验基础代码/cache_lab_v0.05/soc_axi_lite_loongson/rtl/xilinx_ip/axi_crossbar_1x2/hdl/generic_baseblocks_v2_1_vl_rfs.v:2133]
INFO: [Synth 8-6157] synthesizing module 'generic_baseblocks_v2_1_0_comparator_static__parameterized2' [c:/Users/HP/OneDrive/桌面/stu/计组/组成与结构实验5/cache实验基础代码/cache_lab_v0.05/soc_axi_lite_loongson/rtl/xilinx_ip/axi_crossbar_1x2/hdl/generic_baseblocks_v2_1_vl_rfs.v:2133]
	Parameter C_FAMILY bound to: rtl - type: string 
	Parameter C_VALUE bound to: 30'b010000000000000000000000000000 
	Parameter C_DATA_WIDTH bound to: 30 - type: integer 
	Parameter C_BITS_PER_LUT bound to: 6 - type: integer 
	Parameter C_NUM_LUT bound to: 5 - type: integer 
	Parameter C_FIX_DATA_WIDTH bound to: 30 - type: integer 
INFO: [Synth 8-6155] done synthesizing module 'generic_baseblocks_v2_1_0_comparator_static__parameterized2' (2#1) [c:/Users/HP/OneDrive/桌面/stu/计组/组成与结构实验5/cache实验基础代码/cache_lab_v0.05/soc_axi_lite_loongson/rtl/xilinx_ip/axi_crossbar_1x2/hdl/generic_baseblocks_v2_1_vl_rfs.v:2133]
INFO: [Synth 8-6157] synthesizing module 'generic_baseblocks_v2_1_0_comparator_static__parameterized3' [c:/Users/HP/OneDrive/桌面/stu/计组/组成与结构实验5/cache实验基础代码/cache_lab_v0.05/soc_axi_lite_loongson/rtl/xilinx_ip/axi_crossbar_1x2/hdl/generic_baseblocks_v2_1_vl_rfs.v:2133]
	Parameter C_FAMILY bound to: rtl - type: string 
	Parameter C_VALUE bound to: 30'b100000000000000000000000000000 
	Parameter C_DATA_WIDTH bound to: 30 - type: integer 
	Parameter C_BITS_PER_LUT bound to: 6 - type: integer 
	Parameter C_NUM_LUT bound to: 5 - type: integer 
	Parameter C_FIX_DATA_WIDTH bound to: 30 - type: integer 
INFO: [Synth 8-6155] done synthesizing module 'generic_baseblocks_v2_1_0_comparator_static__parameterized3' (2#1) [c:/Users/HP/OneDrive/桌面/stu/计组/组成与结构实验5/cache实验基础代码/cache_lab_v0.05/soc_axi_lite_loongson/rtl/xilinx_ip/axi_crossbar_1x2/hdl/generic_baseblocks_v2_1_vl_rfs.v:2133]
INFO: [Synth 8-6157] synthesizing module 'generic_baseblocks_v2_1_0_comparator_static__parameterized4' [c:/Users/HP/OneDrive/桌面/stu/计组/组成与结构实验5/cache实验基础代码/cache_lab_v0.05/soc_axi_lite_loongson/rtl/xilinx_ip/axi_crossbar_1x2/hdl/generic_baseblocks_v2_1_vl_rfs.v:2133]
	Parameter C_FAMILY bound to: rtl - type: string 
	Parameter C_VALUE bound to: 30'b000000000000000000000000000000 
	Parameter C_DATA_WIDTH bound to: 30 - type: integer 
	Parameter C_BITS_PER_LUT bound to: 6 - type: integer 
	Parameter C_NUM_LUT bound to: 5 - type: integer 
	Parameter C_FIX_DATA_WIDTH bound to: 30 - type: integer 
INFO: [Synth 8-6155] done synthesizing module 'generic_baseblocks_v2_1_0_comparator_static__parameterized4' (2#1) [c:/Users/HP/OneDrive/桌面/stu/计组/组成与结构实验5/cache实验基础代码/cache_lab_v0.05/soc_axi_lite_loongson/rtl/xilinx_ip/axi_crossbar_1x2/hdl/generic_baseblocks_v2_1_vl_rfs.v:2133]
INFO: [Synth 8-6155] done synthesizing module 'axi_crossbar_v2_1_21_addr_decoder' (3#1) [c:/Users/HP/OneDrive/桌面/stu/计组/组成与结构实验5/cache实验基础代码/cache_lab_v0.05/soc_axi_lite_loongson/rtl/xilinx_ip/axi_crossbar_1x2/hdl/axi_crossbar_v2_1_vl_rfs.v:794]
INFO: [Synth 8-6157] synthesizing module 'axi_data_fifo_v2_1_19_axic_srl_fifo' [c:/Users/HP/OneDrive/桌面/stu/计组/组成与结构实验5/cache实验基础代码/cache_lab_v0.05/soc_axi_lite_loongson/rtl/xilinx_ip/axi_crossbar_1x2/hdl/axi_data_fifo_v2_1_vl_rfs.v:698]
	Parameter C_FAMILY bound to: artix7 - type: string 
	Parameter C_FIFO_WIDTH bound to: 8 - type: integer 
	Parameter C_MAX_CTRL_FANOUT bound to: 33 - type: integer 
	Parameter C_FIFO_DEPTH_LOG bound to: 3 - type: integer 
	Parameter C_USE_FULL bound to: 0 - type: integer 
	Parameter P_FIFO_DEPTH_LOG bound to: 3 - type: integer 
	Parameter P_EMPTY bound to: 3'b111 
	Parameter P_ALMOSTEMPTY bound to: 3'b000 
	Parameter P_ALMOSTFULL_TEMP bound to: 4'b1110 
	Parameter P_ALMOSTFULL bound to: 3'b110 
	Parameter P_NUM_REPS bound to: 1 - type: integer 
INFO: [Synth 8-6157] synthesizing module 'axi_data_fifo_v2_1_19_ndeep_srl' [c:/Users/HP/OneDrive/桌面/stu/计组/组成与结构实验5/cache实验基础代码/cache_lab_v0.05/soc_axi_lite_loongson/rtl/xilinx_ip/axi_crossbar_1x2/hdl/axi_data_fifo_v2_1_vl_rfs.v:1135]
	Parameter C_FAMILY bound to: artix7 - type: string 
	Parameter C_A_WIDTH bound to: 3 - type: integer 
	Parameter P_SRLASIZE bound to: 5 - type: integer 
	Parameter P_SRLDEPTH bound to: 32 - type: integer 
	Parameter P_NUMSRLS bound to: 1 - type: integer 
	Parameter P_SHIFT_DEPTH bound to: 8 - type: integer 
INFO: [Synth 8-6157] synthesizing module 'SRLC32E' [F:/vivado/Vivado/2019.2/scripts/rt/data/unisim_comp.v:78115]
	Parameter INIT bound to: 32'b00000000000000000000000000000000 
	Parameter IS_CLK_INVERTED bound to: 1'b0 
INFO: [Synth 8-6155] done synthesizing module 'SRLC32E' (4#1) [F:/vivado/Vivado/2019.2/scripts/rt/data/unisim_comp.v:78115]
INFO: [Synth 8-6155] done synthesizing module 'axi_data_fifo_v2_1_19_ndeep_srl' (5#1) [c:/Users/HP/OneDrive/桌面/stu/计组/组成与结构实验5/cache实验基础代码/cache_lab_v0.05/soc_axi_lite_loongson/rtl/xilinx_ip/axi_crossbar_1x2/hdl/axi_data_fifo_v2_1_vl_rfs.v:1135]
WARNING: [Synth 8-6014] Unused sequential element areset_d1_reg was removed.  [c:/Users/HP/OneDrive/桌面/stu/计组/组成与结构实验5/cache实验基础代码/cache_lab_v0.05/soc_axi_lite_loongson/rtl/xilinx_ip/axi_crossbar_1x2/hdl/axi_data_fifo_v2_1_vl_rfs.v:750]
WARNING: [Synth 8-6014] Unused sequential element S_READY_i_reg was removed.  [c:/Users/HP/OneDrive/桌面/stu/计组/组成与结构实验5/cache实验基础代码/cache_lab_v0.05/soc_axi_lite_loongson/rtl/xilinx_ip/axi_crossbar_1x2/hdl/axi_data_fifo_v2_1_vl_rfs.v:789]
INFO: [Synth 8-6155] done synthesizing module 'axi_data_fifo_v2_1_19_axic_srl_fifo' (6#1) [c:/Users/HP/OneDrive/桌面/stu/计组/组成与结构实验5/cache实验基础代码/cache_lab_v0.05/soc_axi_lite_loongson/rtl/xilinx_ip/axi_crossbar_1x2/hdl/axi_data_fifo_v2_1_vl_rfs.v:698]
INFO: [Synth 8-6157] synthesizing module 'axi_crossbar_v2_1_21_arbiter_resp' [c:/Users/HP/OneDrive/桌面/stu/计组/组成与结构实验5/cache实验基础代码/cache_lab_v0.05/soc_axi_lite_loongson/rtl/xilinx_ip/axi_crossbar_1x2/hdl/axi_crossbar_v2_1_vl_rfs.v:1025]
	Parameter C_FAMILY bound to: artix7 - type: string 
	Parameter C_NUM_S bound to: 3 - type: integer 
	Parameter C_NUM_S_LOG bound to: 2 - type: integer 
	Parameter C_GRANT_ENC bound to: 1 - type: integer 
	Parameter C_GRANT_HOT bound to: 0 - type: integer 
INFO: [Synth 8-6155] done synthesizing module 'axi_crossbar_v2_1_21_arbiter_resp' (7#1) [c:/Users/HP/OneDrive/桌面/stu/计组/组成与结构实验5/cache实验基础代码/cache_lab_v0.05/soc_axi_lite_loongson/rtl/xilinx_ip/axi_crossbar_1x2/hdl/axi_crossbar_v2_1_vl_rfs.v:1025]
INFO: [Synth 8-6157] synthesizing module 'generic_baseblocks_v2_1_0_mux_enc' [c:/Users/HP/OneDrive/桌面/stu/计组/组成与结构实验5/cache实验基础代码/cache_lab_v0.05/soc_axi_lite_loongson/rtl/xilinx_ip/axi_crossbar_1x2/hdl/generic_baseblocks_v2_1_vl_rfs.v:2452]
	Parameter C_FAMILY bound to: artix7 - type: string 
	Parameter C_RATIO bound to: 3 - type: integer 
	Parameter C_SEL_WIDTH bound to: 2 - type: integer 
	Parameter C_DATA_WIDTH bound to: 40 - type: integer 
INFO: [Synth 8-6155] done synthesizing module 'generic_baseblocks_v2_1_0_mux_enc' (8#1) [c:/Users/HP/OneDrive/桌面/stu/计组/组成与结构实验5/cache实验基础代码/cache_lab_v0.05/soc_axi_lite_loongson/rtl/xilinx_ip/axi_crossbar_1x2/hdl/generic_baseblocks_v2_1_vl_rfs.v:2452]
WARNING: [Synth 8-6014] Unused sequential element gen_multi_thread.debug_r_beat_cnt_i_reg was removed.  [c:/Users/HP/OneDrive/桌面/stu/计组/组成与结构实验5/cache实验基础代码/cache_lab_v0.05/soc_axi_lite_loongson/rtl/xilinx_ip/axi_crossbar_1x2/hdl/axi_crossbar_v2_1_vl_rfs.v:4346]
WARNING: [Synth 8-6014] Unused sequential element gen_multi_thread.debug_r_beat_cnt_i_reg was removed.  [c:/Users/HP/OneDrive/桌面/stu/计组/组成与结构实验5/cache实验基础代码/cache_lab_v0.05/soc_axi_lite_loongson/rtl/xilinx_ip/axi_crossbar_1x2/hdl/axi_crossbar_v2_1_vl_rfs.v:4346]
WARNING: [Synth 8-6014] Unused sequential element gen_multi_thread.debug_r_beat_cnt_i_reg was removed.  [c:/Users/HP/OneDrive/桌面/stu/计组/组成与结构实验5/cache实验基础代码/cache_lab_v0.05/soc_axi_lite_loongson/rtl/xilinx_ip/axi_crossbar_1x2/hdl/axi_crossbar_v2_1_vl_rfs.v:4346]
WARNING: [Synth 8-6014] Unused sequential element gen_multi_thread.debug_r_beat_cnt_i_reg was removed.  [c:/Users/HP/OneDrive/桌面/stu/计组/组成与结构实验5/cache实验基础代码/cache_lab_v0.05/soc_axi_lite_loongson/rtl/xilinx_ip/axi_crossbar_1x2/hdl/axi_crossbar_v2_1_vl_rfs.v:4346]
INFO: [Synth 8-6155] done synthesizing module 'axi_crossbar_v2_1_21_si_transactor' (9#1) [c:/Users/HP/OneDrive/桌面/stu/计组/组成与结构实验5/cache实验基础代码/cache_lab_v0.05/soc_axi_lite_loongson/rtl/xilinx_ip/axi_crossbar_1x2/hdl/axi_crossbar_v2_1_vl_rfs.v:3800]
INFO: [Synth 8-6157] synthesizing module 'axi_crossbar_v2_1_21_si_transactor__parameterized0' [c:/Users/HP/OneDrive/桌面/stu/计组/组成与结构实验5/cache实验基础代码/cache_lab_v0.05/soc_axi_lite_loongson/rtl/xilinx_ip/axi_crossbar_1x2/hdl/axi_crossbar_v2_1_vl_rfs.v:3800]
	Parameter C_FAMILY bound to: artix7 - type: string 
	Parameter C_SI bound to: 0 - type: integer 
	Parameter C_DIR bound to: 0 - type: integer 
	Parameter C_NUM_ADDR_RANGES bound to: 5 - type: integer 
	Parameter C_NUM_M bound to: 2 - type: integer 
	Parameter C_NUM_M_LOG bound to: 1 - type: integer 
	Parameter C_ACCEPTANCE bound to: 4 - type: integer 
	Parameter C_ACCEPTANCE_LOG bound to: 2 - type: integer 
	Parameter C_ID_WIDTH bound to: 4 - type: integer 
	Parameter C_THREAD_ID_WIDTH bound to: 4 - type: integer 
	Parameter C_ADDR_WIDTH bound to: 32 - type: integer 
	Parameter C_AMESG_WIDTH bound to: 11 - type: integer 
	Parameter C_RMESG_WIDTH bound to: 3 - type: integer 
	Parameter C_BASE_ID bound to: 4'b0000 
	Parameter C_HIGH_ID bound to: 4'b1111 
	Parameter C_BASE_ADDR bound to: 640'b0000000000000000000000000000000000000000000000000000000000000000000000000000000000000000000000001000000000000000000000000000000000000000000000000000000000000000010000000000000000000000000000000000000000000000000000000000000000100000000000000000000000000000000000000000000000000000000000000001111111000000000000000000000011111111111111111111111111111111111111111111111111111111111111111111111111111111111111111111111111111111111111111111111111111111111111111111111111111111111111111111111111111111111111111111111111111111111111111111111111111111111111111111111111111111111111110000000000000000000000000000000000011111101011110000000000000000 
	Parameter C_HIGH_ADDR bound to: 640'b0000000000000000000000000000000000001111111111111111111111111111000000000000000000000000000000001111111111111111111111111111111100000000000000000000000000000000011111111111111111111111111111110000000000000000000000000000000000111111111111111111111111111111000000000000000000000000000000000001111111111111111111111111111100000000000000000000000000000000000000000000000000000000000000000000000000000000000000000000000000000000000000000000000000000000000000000000000000000000000000000000000000000000000000000000000000000000000000000000000000000000000000000000000000000000000000000000000000000000000000000000000000011111101011111111111111111111 
	Parameter C_SINGLE_THREAD bound to: 0 - type: integer 
	Parameter C_TARGET_QUAL bound to: 2'b11 
	Parameter C_M_AXI_SECURE bound to: 64'b0000000000000000000000000000000000000000000000000000000000000000 
	Parameter C_RANGE_CHECK bound to: 1 - type: integer 
	Parameter C_ADDR_DECODE bound to: 1 - type: integer 
	Parameter C_ERR_MODE bound to: 64'b0000000000000000000000000000000000000000000000000000000000000000 
	Parameter C_DEBUG bound to: 1 - type: integer 
	Parameter P_WRITE bound to: 0 - type: integer 
	Parameter P_READ bound to: 1 - type: integer 
	Parameter P_RMUX_MESG_WIDTH bound to: 8 - type: integer 
	Parameter P_AXILITE_ERRMODE bound to: 1 - type: integer 
	Parameter P_NONSECURE_BIT bound to: 1 - type: integer 
	Parameter P_NUM_M_LOG_M1 bound to: 1 - type: integer 
	Parameter P_M_AXILITE bound to: 2'b00 
	Parameter P_FIXED bound to: 2'b00 
	Parameter P_NUM_M_DE_LOG bound to: 2 - type: integer 
	Parameter P_THREAD_ID_WIDTH_M1 bound to: 4 - type: integer 
	Parameter P_NUM_ID_VAL bound to: 16 - type: integer 
	Parameter P_NUM_THREADS bound to: 4 - type: integer 
	Parameter P_M_SECURE_MASK bound to: 2'b00 
INFO: [Synth 8-6157] synthesizing module 'generic_baseblocks_v2_1_0_mux_enc__parameterized0' [c:/Users/HP/OneDrive/桌面/stu/计组/组成与结构实验5/cache实验基础代码/cache_lab_v0.05/soc_axi_lite_loongson/rtl/xilinx_ip/axi_crossbar_1x2/hdl/generic_baseblocks_v2_1_vl_rfs.v:2452]
	Parameter C_FAMILY bound to: artix7 - type: string 
	Parameter C_RATIO bound to: 3 - type: integer 
	Parameter C_SEL_WIDTH bound to: 2 - type: integer 
	Parameter C_DATA_WIDTH bound to: 8 - type: integer 
INFO: [Synth 8-6155] done synthesizing module 'generic_baseblocks_v2_1_0_mux_enc__parameterized0' (9#1) [c:/Users/HP/OneDrive/桌面/stu/计组/组成与结构实验5/cache实验基础代码/cache_lab_v0.05/soc_axi_lite_loongson/rtl/xilinx_ip/axi_crossbar_1x2/hdl/generic_baseblocks_v2_1_vl_rfs.v:2452]
WARNING: [Synth 8-6014] Unused sequential element gen_multi_thread.debug_r_beat_cnt_i_reg was removed.  [c:/Users/HP/OneDrive/桌面/stu/计组/组成与结构实验5/cache实验基础代码/cache_lab_v0.05/soc_axi_lite_loongson/rtl/xilinx_ip/axi_crossbar_1x2/hdl/axi_crossbar_v2_1_vl_rfs.v:4346]
WARNING: [Synth 8-6014] Unused sequential element gen_multi_thread.debug_r_beat_cnt_i_reg was removed.  [c:/Users/HP/OneDrive/桌面/stu/计组/组成与结构实验5/cache实验基础代码/cache_lab_v0.05/soc_axi_lite_loongson/rtl/xilinx_ip/axi_crossbar_1x2/hdl/axi_crossbar_v2_1_vl_rfs.v:4346]
WARNING: [Synth 8-6014] Unused sequential element gen_multi_thread.debug_r_beat_cnt_i_reg was removed.  [c:/Users/HP/OneDrive/桌面/stu/计组/组成与结构实验5/cache实验基础代码/cache_lab_v0.05/soc_axi_lite_loongson/rtl/xilinx_ip/axi_crossbar_1x2/hdl/axi_crossbar_v2_1_vl_rfs.v:4346]
WARNING: [Synth 8-6014] Unused sequential element gen_multi_thread.debug_r_beat_cnt_i_reg was removed.  [c:/Users/HP/OneDrive/桌面/stu/计组/组成与结构实验5/cache实验基础代码/cache_lab_v0.05/soc_axi_lite_loongson/rtl/xilinx_ip/axi_crossbar_1x2/hdl/axi_crossbar_v2_1_vl_rfs.v:4346]
INFO: [Synth 8-6155] done synthesizing module 'axi_crossbar_v2_1_21_si_transactor__parameterized0' (9#1) [c:/Users/HP/OneDrive/桌面/stu/计组/组成与结构实验5/cache实验基础代码/cache_lab_v0.05/soc_axi_lite_loongson/rtl/xilinx_ip/axi_crossbar_1x2/hdl/axi_crossbar_v2_1_vl_rfs.v:3800]
INFO: [Synth 8-6157] synthesizing module 'axi_crossbar_v2_1_21_splitter' [c:/Users/HP/OneDrive/桌面/stu/计组/组成与结构实验5/cache实验基础代码/cache_lab_v0.05/soc_axi_lite_loongson/rtl/xilinx_ip/axi_crossbar_1x2/hdl/axi_crossbar_v2_1_vl_rfs.v:4461]
	Parameter C_NUM_M bound to: 2 - type: integer 
INFO: [Synth 8-6155] done synthesizing module 'axi_crossbar_v2_1_21_splitter' (10#1) [c:/Users/HP/OneDrive/桌面/stu/计组/组成与结构实验5/cache实验基础代码/cache_lab_v0.05/soc_axi_lite_loongson/rtl/xilinx_ip/axi_crossbar_1x2/hdl/axi_crossbar_v2_1_vl_rfs.v:4461]
INFO: [Synth 8-6157] synthesizing module 'axi_crossbar_v2_1_21_wdata_router' [c:/Users/HP/OneDrive/桌面/stu/计组/组成与结构实验5/cache实验基础代码/cache_lab_v0.05/soc_axi_lite_loongson/rtl/xilinx_ip/axi_crossbar_1x2/hdl/axi_crossbar_v2_1_vl_rfs.v:4736]
	Parameter C_FAMILY bound to: artix7 - type: string 
	Parameter C_WMESG_WIDTH bound to: 41 - type: integer 
	Parameter C_NUM_MASTER_SLOTS bound to: 3 - type: integer 
	Parameter C_SELECT_WIDTH bound to: 2 - type: integer 
	Parameter C_FIFO_DEPTH_LOG bound to: 2 - type: integer 
	Parameter P_FIFO_DEPTH_LOG bound to: 2 - type: integer 
INFO: [Synth 8-6157] synthesizing module 'axi_data_fifo_v2_1_19_axic_reg_srl_fifo' [c:/Users/HP/OneDrive/桌面/stu/计组/组成与结构实验5/cache实验基础代码/cache_lab_v0.05/soc_axi_lite_loongson/rtl/xilinx_ip/axi_crossbar_1x2/hdl/axi_data_fifo_v2_1_vl_rfs.v:889]
	Parameter C_FAMILY bound to: artix7 - type: string 
	Parameter C_FIFO_WIDTH bound to: 2 - type: integer 
	Parameter C_MAX_CTRL_FANOUT bound to: 33 - type: integer 
	Parameter C_FIFO_DEPTH_LOG bound to: 2 - type: integer 
	Parameter C_USE_FULL bound to: 1 - type: integer 
	Parameter P_FIFO_DEPTH_LOG bound to: 2 - type: integer 
	Parameter P_EMPTY bound to: 2'b11 
	Parameter P_ALMOSTEMPTY bound to: 2'b00 
	Parameter P_ALMOSTFULL_TEMP bound to: 3'b110 
	Parameter P_ALMOSTFULL bound to: 2'b10 
	Parameter P_NUM_REPS bound to: 1 - type: integer 
	Parameter ZERO bound to: 2'b10 
	Parameter ONE bound to: 2'b11 
	Parameter TWO bound to: 2'b01 
INFO: [Synth 8-6157] synthesizing module 'axi_data_fifo_v2_1_19_ndeep_srl__parameterized0' [c:/Users/HP/OneDrive/桌面/stu/计组/组成与结构实验5/cache实验基础代码/cache_lab_v0.05/soc_axi_lite_loongson/rtl/xilinx_ip/axi_crossbar_1x2/hdl/axi_data_fifo_v2_1_vl_rfs.v:1135]
	Parameter C_FAMILY bound to: artix7 - type: string 
	Parameter C_A_WIDTH bound to: 2 - type: integer 
	Parameter P_SRLASIZE bound to: 5 - type: integer 
	Parameter P_SRLDEPTH bound to: 32 - type: integer 
	Parameter P_NUMSRLS bound to: 1 - type: integer 
	Parameter P_SHIFT_DEPTH bound to: 4 - type: integer 
INFO: [Synth 8-6155] done synthesizing module 'axi_data_fifo_v2_1_19_ndeep_srl__parameterized0' (10#1) [c:/Users/HP/OneDrive/桌面/stu/计组/组成与结构实验5/cache实验基础代码/cache_lab_v0.05/soc_axi_lite_loongson/rtl/xilinx_ip/axi_crossbar_1x2/hdl/axi_data_fifo_v2_1_vl_rfs.v:1135]
INFO: [Synth 8-155] case statement is not full and has no default [c:/Users/HP/OneDrive/桌面/stu/计组/组成与结构实验5/cache实验基础代码/cache_lab_v0.05/soc_axi_lite_loongson/rtl/xilinx_ip/axi_crossbar_1x2/hdl/axi_data_fifo_v2_1_vl_rfs.v:986]
INFO: [Synth 8-6155] done synthesizing module 'axi_data_fifo_v2_1_19_axic_reg_srl_fifo' (11#1) [c:/Users/HP/OneDrive/桌面/stu/计组/组成与结构实验5/cache实验基础代码/cache_lab_v0.05/soc_axi_lite_loongson/rtl/xilinx_ip/axi_crossbar_1x2/hdl/axi_data_fifo_v2_1_vl_rfs.v:889]
INFO: [Synth 8-6155] done synthesizing module 'axi_crossbar_v2_1_21_wdata_router' (12#1) [c:/Users/HP/OneDrive/桌面/stu/计组/组成与结构实验5/cache实验基础代码/cache_lab_v0.05/soc_axi_lite_loongson/rtl/xilinx_ip/axi_crossbar_1x2/hdl/axi_crossbar_v2_1_vl_rfs.v:4736]
INFO: [Synth 8-6157] synthesizing module 'axi_data_fifo_v2_1_19_axic_srl_fifo__parameterized0' [c:/Users/HP/OneDrive/桌面/stu/计组/组成与结构实验5/cache实验基础代码/cache_lab_v0.05/soc_axi_lite_loongson/rtl/xilinx_ip/axi_crossbar_1x2/hdl/axi_data_fifo_v2_1_vl_rfs.v:698]
	Parameter C_FAMILY bound to: artix7 - type: string 
	Parameter C_FIFO_WIDTH bound to: 8 - type: integer 
	Parameter C_MAX_CTRL_FANOUT bound to: 33 - type: integer 
	Parameter C_FIFO_DEPTH_LOG bound to: 2 - type: integer 
	Parameter C_USE_FULL bound to: 0 - type: integer 
	Parameter P_FIFO_DEPTH_LOG bound to: 2 - type: integer 
	Parameter P_EMPTY bound to: 2'b11 
	Parameter P_ALMOSTEMPTY bound to: 2'b00 
	Parameter P_ALMOSTFULL_TEMP bound to: 3'b110 
	Parameter P_ALMOSTFULL bound to: 2'b10 
	Parameter P_NUM_REPS bound to: 1 - type: integer 
WARNING: [Synth 8-6014] Unused sequential element areset_d1_reg was removed.  [c:/Users/HP/OneDrive/桌面/stu/计组/组成与结构实验5/cache实验基础代码/cache_lab_v0.05/soc_axi_lite_loongson/rtl/xilinx_ip/axi_crossbar_1x2/hdl/axi_data_fifo_v2_1_vl_rfs.v:750]
WARNING: [Synth 8-6014] Unused sequential element S_READY_i_reg was removed.  [c:/Users/HP/OneDrive/桌面/stu/计组/组成与结构实验5/cache实验基础代码/cache_lab_v0.05/soc_axi_lite_loongson/rtl/xilinx_ip/axi_crossbar_1x2/hdl/axi_data_fifo_v2_1_vl_rfs.v:789]
INFO: [Synth 8-6155] done synthesizing module 'axi_data_fifo_v2_1_19_axic_srl_fifo__parameterized0' (12#1) [c:/Users/HP/OneDrive/桌面/stu/计组/组成与结构实验5/cache实验基础代码/cache_lab_v0.05/soc_axi_lite_loongson/rtl/xilinx_ip/axi_crossbar_1x2/hdl/axi_data_fifo_v2_1_vl_rfs.v:698]
INFO: [Synth 8-6157] synthesizing module 'axi_crossbar_v2_1_21_wdata_mux' [c:/Users/HP/OneDrive/桌面/stu/计组/组成与结构实验5/cache实验基础代码/cache_lab_v0.05/soc_axi_lite_loongson/rtl/xilinx_ip/axi_crossbar_1x2/hdl/axi_crossbar_v2_1_vl_rfs.v:4561]
	Parameter C_FAMILY bound to: artix7 - type: string 
	Parameter C_WMESG_WIDTH bound to: 41 - type: integer 
	Parameter C_NUM_SLAVE_SLOTS bound to: 1 - type: integer 
	Parameter C_SELECT_WIDTH bound to: 1 - type: integer 
	Parameter C_FIFO_DEPTH_LOG bound to: 2 - type: integer 
	Parameter P_FIFO_DEPTH_LOG bound to: 2 - type: integer 
INFO: [Synth 8-6155] done synthesizing module 'axi_crossbar_v2_1_21_wdata_mux' (13#1) [c:/Users/HP/OneDrive/桌面/stu/计组/组成与结构实验5/cache实验基础代码/cache_lab_v0.05/soc_axi_lite_loongson/rtl/xilinx_ip/axi_crossbar_1x2/hdl/axi_crossbar_v2_1_vl_rfs.v:4561]
INFO: [Synth 8-6157] synthesizing module 'axi_register_slice_v2_1_20_axi_register_slice' [c:/Users/HP/OneDrive/桌面/stu/计组/组成与结构实验5/cache实验基础代码/cache_lab_v0.05/soc_axi_lite_loongson/rtl/xilinx_ip/axi_crossbar_1x2/hdl/axi_register_slice_v2_1_vl_rfs.v:3704]
	Parameter C_FAMILY bound to: artix7 - type: string 
	Parameter C_AXI_PROTOCOL bound to: 1 - type: integer 
	Parameter C_AXI_ID_WIDTH bound to: 4 - type: integer 
	Parameter C_AXI_ADDR_WIDTH bound to: 1 - type: integer 
	Parameter C_AXI_DATA_WIDTH bound to: 32 - type: integer 
	Parameter C_AXI_SUPPORTS_USER_SIGNALS bound to: 0 - type: integer 
	Parameter C_AXI_AWUSER_WIDTH bound to: 1 - type: integer 
	Parameter C_AXI_ARUSER_WIDTH bound to: 1 - type: integer 
	Parameter C_AXI_WUSER_WIDTH bound to: 1 - type: integer 
	Parameter C_AXI_RUSER_WIDTH bound to: 1 - type: integer 
	Parameter C_AXI_BUSER_WIDTH bound to: 1 - type: integer 
	Parameter C_REG_CONFIG_AW bound to: 0 - type: integer 
	Parameter C_REG_CONFIG_W bound to: 0 - type: integer 
	Parameter C_REG_CONFIG_B bound to: 7 - type: integer 
	Parameter C_REG_CONFIG_AR bound to: 0 - type: integer 
	Parameter C_REG_CONFIG_R bound to: 1 - type: integer 
	Parameter C_RESERVE_MODE bound to: 0 - type: integer 
	Parameter C_NUM_SLR_CROSSINGS bound to: 0 - type: integer 
	Parameter C_PIPELINES_MASTER_AW bound to: 0 - type: integer 
	Parameter C_PIPELINES_MASTER_W bound to: 0 - type: integer 
	Parameter C_PIPELINES_MASTER_B bound to: 0 - type: integer 
	Parameter C_PIPELINES_MASTER_AR bound to: 0 - type: integer 
	Parameter C_PIPELINES_MASTER_R bound to: 0 - type: integer 
	Parameter C_PIPELINES_SLAVE_AW bound to: 0 - type: integer 
	Parameter C_PIPELINES_SLAVE_W bound to: 0 - type: integer 
	Parameter C_PIPELINES_SLAVE_B bound to: 0 - type: integer 
	Parameter C_PIPELINES_SLAVE_AR bound to: 0 - type: integer 
	Parameter C_PIPELINES_SLAVE_R bound to: 0 - type: integer 
	Parameter C_PIPELINES_MIDDLE_AW bound to: 0 - type: integer 
	Parameter C_PIPELINES_MIDDLE_W bound to: 0 - type: integer 
	Parameter C_PIPELINES_MIDDLE_B bound to: 0 - type: integer 
	Parameter C_PIPELINES_MIDDLE_AR bound to: 0 - type: integer 
	Parameter C_PIPELINES_MIDDLE_R bound to: 0 - type: integer 
	Parameter C_AXI_SUPPORTS_REGION_SIGNALS bound to: 0 - type: integer 
	Parameter P_FORWARD bound to: 0 - type: integer 
	Parameter P_RESPONSE bound to: 1 - type: integer 
	Parameter G_AXI_AWADDR_INDEX bound to: 0 - type: integer 
	Parameter G_AXI_AWADDR_WIDTH bound to: 1 - type: integer 
	Parameter G_AXI_AWPROT_INDEX bound to: 1 - type: integer 
	Parameter G_AXI_AWPROT_WIDTH bound to: 3 - type: integer 
	Parameter G_AXI_AWSIZE_INDEX bound to: 4 - type: integer 
	Parameter G_AXI_AWSIZE_WIDTH bound to: 3 - type: integer 
	Parameter G_AXI_AWBURST_INDEX bound to: 7 - type: integer 
	Parameter G_AXI_AWBURST_WIDTH bound to: 2 - type: integer 
	Parameter G_AXI_AWCACHE_INDEX bound to: 9 - type: integer 
	Parameter G_AXI_AWCACHE_WIDTH bound to: 4 - type: integer 
	Parameter G_AXI_AWLEN_INDEX bound to: 13 - type: integer 
	Parameter G_AXI_AWLEN_WIDTH bound to: 4 - type: integer 
	Parameter G_AXI_AWLOCK_INDEX bound to: 17 - type: integer 
	Parameter G_AXI_AWLOCK_WIDTH bound to: 2 - type: integer 
	Parameter G_AXI_AWID_INDEX bound to: 19 - type: integer 
	Parameter G_AXI_AWID_WIDTH bound to: 4 - type: integer 
	Parameter G_AXI_AWQOS_INDEX bound to: 23 - type: integer 
	Parameter G_AXI_AWQOS_WIDTH bound to: 4 - type: integer 
	Parameter G_AXI_AWREGION_INDEX bound to: 27 - type: integer 
	Parameter G_AXI_AWREGION_WIDTH bound to: 0 - type: integer 
	Parameter G_AXI_AWUSER_INDEX bound to: 27 - type: integer 
	Parameter G_AXI_AWUSER_WIDTH bound to: 0 - type: integer 
	Parameter G_AXI_AWPAYLOAD_WIDTH bound to: 27 - type: integer 
	Parameter G_AXI_ARADDR_INDEX bound to: 0 - type: integer 
	Parameter G_AXI_ARADDR_WIDTH bound to: 1 - type: integer 
	Parameter G_AXI_ARPROT_INDEX bound to: 1 - type: integer 
	Parameter G_AXI_ARPROT_WIDTH bound to: 3 - type: integer 
	Parameter G_AXI_ARSIZE_INDEX bound to: 4 - type: integer 
	Parameter G_AXI_ARSIZE_WIDTH bound to: 3 - type: integer 
	Parameter G_AXI_ARBURST_INDEX bound to: 7 - type: integer 
	Parameter G_AXI_ARBURST_WIDTH bound to: 2 - type: integer 
	Parameter G_AXI_ARCACHE_INDEX bound to: 9 - type: integer 
	Parameter G_AXI_ARCACHE_WIDTH bound to: 4 - type: integer 
	Parameter G_AXI_ARLEN_INDEX bound to: 13 - type: integer 
	Parameter G_AXI_ARLEN_WIDTH bound to: 4 - type: integer 
	Parameter G_AXI_ARLOCK_INDEX bound to: 17 - type: integer 
	Parameter G_AXI_ARLOCK_WIDTH bound to: 2 - type: integer 
	Parameter G_AXI_ARID_INDEX bound to: 19 - type: integer 
	Parameter G_AXI_ARID_WIDTH bound to: 4 - type: integer 
	Parameter G_AXI_ARQOS_INDEX bound to: 23 - type: integer 
	Parameter G_AXI_ARQOS_WIDTH bound to: 4 - type: integer 
	Parameter G_AXI_ARREGION_INDEX bound to: 27 - type: integer 
	Parameter G_AXI_ARREGION_WIDTH bound to: 0 - type: integer 
	Parameter G_AXI_ARUSER_INDEX bound to: 27 - type: integer 
	Parameter G_AXI_ARUSER_WIDTH bound to: 0 - type: integer 
	Parameter G_AXI_ARPAYLOAD_WIDTH bound to: 27 - type: integer 
	Parameter G_AXI_WDATA_INDEX bound to: 0 - type: integer 
	Parameter G_AXI_WDATA_WIDTH bound to: 32 - type: integer 
	Parameter G_AXI_WSTRB_INDEX bound to: 32 - type: integer 
	Parameter G_AXI_WSTRB_WIDTH bound to: 4 - type: integer 
	Parameter G_AXI_WLAST_INDEX bound to: 36 - type: integer 
	Parameter G_AXI_WLAST_WIDTH bound to: 1 - type: integer 
	Parameter G_AXI_WID_INDEX bound to: 37 - type: integer 
	Parameter G_AXI_WID_WIDTH bound to: 4 - type: integer 
	Parameter G_AXI_WUSER_INDEX bound to: 41 - type: integer 
	Parameter G_AXI_WUSER_WIDTH bound to: 0 - type: integer 
	Parameter G_AXI_WPAYLOAD_WIDTH bound to: 41 - type: integer 
	Parameter G_AXI_BRESP_INDEX bound to: 0 - type: integer 
	Parameter G_AXI_BRESP_WIDTH bound to: 2 - type: integer 
	Parameter G_AXI_BID_INDEX bound to: 2 - type: integer 
	Parameter G_AXI_BID_WIDTH bound to: 4 - type: integer 
	Parameter G_AXI_BUSER_INDEX bound to: 6 - type: integer 
	Parameter G_AXI_BUSER_WIDTH bound to: 0 - type: integer 
	Parameter G_AXI_BPAYLOAD_WIDTH bound to: 6 - type: integer 
	Parameter G_AXI_RDATA_INDEX bound to: 0 - type: integer 
	Parameter G_AXI_RDATA_WIDTH bound to: 32 - type: integer 
	Parameter G_AXI_RRESP_INDEX bound to: 32 - type: integer 
	Parameter G_AXI_RRESP_WIDTH bound to: 2 - type: integer 
	Parameter G_AXI_RLAST_INDEX bound to: 34 - type: integer 
	Parameter G_AXI_RLAST_WIDTH bound to: 1 - type: integer 
	Parameter G_AXI_RID_INDEX bound to: 35 - type: integer 
	Parameter G_AXI_RID_WIDTH bound to: 4 - type: integer 
	Parameter G_AXI_RUSER_INDEX bound to: 39 - type: integer 
	Parameter G_AXI_RUSER_WIDTH bound to: 0 - type: integer 
	Parameter G_AXI_RPAYLOAD_WIDTH bound to: 39 - type: integer 
INFO: [Synth 8-6157] synthesizing module 'axi_infrastructure_v1_1_0_axi2vector' [c:/Users/HP/OneDrive/桌面/stu/计组/组成与结构实验5/cache实验基础代码/cache_lab_v0.05/soc_axi_lite_loongson/rtl/xilinx_ip/axi_crossbar_1x2/hdl/axi_infrastructure_v1_1_vl_rfs.v:60]
	Parameter C_AXI_PROTOCOL bound to: 1 - type: integer 
	Parameter C_AXI_ID_WIDTH bound to: 4 - type: integer 
	Parameter C_AXI_ADDR_WIDTH bound to: 1 - type: integer 
	Parameter C_AXI_DATA_WIDTH bound to: 32 - type: integer 
	Parameter C_AXI_SUPPORTS_USER_SIGNALS bound to: 0 - type: integer 
	Parameter C_AXI_SUPPORTS_REGION_SIGNALS bound to: 0 - type: integer 
	Parameter C_AXI_AWUSER_WIDTH bound to: 1 - type: integer 
	Parameter C_AXI_WUSER_WIDTH bound to: 1 - type: integer 
	Parameter C_AXI_BUSER_WIDTH bound to: 1 - type: integer 
	Parameter C_AXI_ARUSER_WIDTH bound to: 1 - type: integer 
	Parameter C_AXI_RUSER_WIDTH bound to: 1 - type: integer 
	Parameter C_AWPAYLOAD_WIDTH bound to: 27 - type: integer 
	Parameter C_WPAYLOAD_WIDTH bound to: 41 - type: integer 
	Parameter C_BPAYLOAD_WIDTH bound to: 6 - type: integer 
	Parameter C_ARPAYLOAD_WIDTH bound to: 27 - type: integer 
	Parameter C_RPAYLOAD_WIDTH bound to: 39 - type: integer 
	Parameter G_AXI_AWADDR_INDEX bound to: 0 - type: integer 
	Parameter G_AXI_AWADDR_WIDTH bound to: 1 - type: integer 
	Parameter G_AXI_AWPROT_INDEX bound to: 1 - type: integer 
	Parameter G_AXI_AWPROT_WIDTH bound to: 3 - type: integer 
	Parameter G_AXI_AWSIZE_INDEX bound to: 4 - type: integer 
	Parameter G_AXI_AWSIZE_WIDTH bound to: 3 - type: integer 
	Parameter G_AXI_AWBURST_INDEX bound to: 7 - type: integer 
	Parameter G_AXI_AWBURST_WIDTH bound to: 2 - type: integer 
	Parameter G_AXI_AWCACHE_INDEX bound to: 9 - type: integer 
	Parameter G_AXI_AWCACHE_WIDTH bound to: 4 - type: integer 
	Parameter G_AXI_AWLEN_INDEX bound to: 13 - type: integer 
	Parameter G_AXI_AWLEN_WIDTH bound to: 4 - type: integer 
	Parameter G_AXI_AWLOCK_INDEX bound to: 17 - type: integer 
	Parameter G_AXI_AWLOCK_WIDTH bound to: 2 - type: integer 
	Parameter G_AXI_AWID_INDEX bound to: 19 - type: integer 
	Parameter G_AXI_AWID_WIDTH bound to: 4 - type: integer 
	Parameter G_AXI_AWQOS_INDEX bound to: 23 - type: integer 
	Parameter G_AXI_AWQOS_WIDTH bound to: 4 - type: integer 
	Parameter G_AXI_AWREGION_INDEX bound to: 27 - type: integer 
	Parameter G_AXI_AWREGION_WIDTH bound to: 0 - type: integer 
	Parameter G_AXI_AWUSER_INDEX bound to: 27 - type: integer 
	Parameter G_AXI_AWUSER_WIDTH bound to: 0 - type: integer 
	Parameter G_AXI_AWPAYLOAD_WIDTH bound to: 27 - type: integer 
	Parameter G_AXI_ARADDR_INDEX bound to: 0 - type: integer 
	Parameter G_AXI_ARADDR_WIDTH bound to: 1 - type: integer 
	Parameter G_AXI_ARPROT_INDEX bound to: 1 - type: integer 
	Parameter G_AXI_ARPROT_WIDTH bound to: 3 - type: integer 
	Parameter G_AXI_ARSIZE_INDEX bound to: 4 - type: integer 
	Parameter G_AXI_ARSIZE_WIDTH bound to: 3 - type: integer 
	Parameter G_AXI_ARBURST_INDEX bound to: 7 - type: integer 
	Parameter G_AXI_ARBURST_WIDTH bound to: 2 - type: integer 
	Parameter G_AXI_ARCACHE_INDEX bound to: 9 - type: integer 
	Parameter G_AXI_ARCACHE_WIDTH bound to: 4 - type: integer 
	Parameter G_AXI_ARLEN_INDEX bound to: 13 - type: integer 
	Parameter G_AXI_ARLEN_WIDTH bound to: 4 - type: integer 
	Parameter G_AXI_ARLOCK_INDEX bound to: 17 - type: integer 
	Parameter G_AXI_ARLOCK_WIDTH bound to: 2 - type: integer 
	Parameter G_AXI_ARID_INDEX bound to: 19 - type: integer 
	Parameter G_AXI_ARID_WIDTH bound to: 4 - type: integer 
	Parameter G_AXI_ARQOS_INDEX bound to: 23 - type: integer 
	Parameter G_AXI_ARQOS_WIDTH bound to: 4 - type: integer 
	Parameter G_AXI_ARREGION_INDEX bound to: 27 - type: integer 
	Parameter G_AXI_ARREGION_WIDTH bound to: 0 - type: integer 
	Parameter G_AXI_ARUSER_INDEX bound to: 27 - type: integer 
	Parameter G_AXI_ARUSER_WIDTH bound to: 0 - type: integer 
	Parameter G_AXI_ARPAYLOAD_WIDTH bound to: 27 - type: integer 
	Parameter G_AXI_WDATA_INDEX bound to: 0 - type: integer 
	Parameter G_AXI_WDATA_WIDTH bound to: 32 - type: integer 
	Parameter G_AXI_WSTRB_INDEX bound to: 32 - type: integer 
	Parameter G_AXI_WSTRB_WIDTH bound to: 4 - type: integer 
	Parameter G_AXI_WLAST_INDEX bound to: 36 - type: integer 
	Parameter G_AXI_WLAST_WIDTH bound to: 1 - type: integer 
	Parameter G_AXI_WID_INDEX bound to: 37 - type: integer 
	Parameter G_AXI_WID_WIDTH bound to: 4 - type: integer 
	Parameter G_AXI_WUSER_INDEX bound to: 41 - type: integer 
	Parameter G_AXI_WUSER_WIDTH bound to: 0 - type: integer 
	Parameter G_AXI_WPAYLOAD_WIDTH bound to: 41 - type: integer 
	Parameter G_AXI_BRESP_INDEX bound to: 0 - type: integer 
	Parameter G_AXI_BRESP_WIDTH bound to: 2 - type: integer 
	Parameter G_AXI_BID_INDEX bound to: 2 - type: integer 
	Parameter G_AXI_BID_WIDTH bound to: 4 - type: integer 
	Parameter G_AXI_BUSER_INDEX bound to: 6 - type: integer 
	Parameter G_AXI_BUSER_WIDTH bound to: 0 - type: integer 
	Parameter G_AXI_BPAYLOAD_WIDTH bound to: 6 - type: integer 
	Parameter G_AXI_RDATA_INDEX bound to: 0 - type: integer 
	Parameter G_AXI_RDATA_WIDTH bound to: 32 - type: integer 
	Parameter G_AXI_RRESP_INDEX bound to: 32 - type: integer 
	Parameter G_AXI_RRESP_WIDTH bound to: 2 - type: integer 
	Parameter G_AXI_RLAST_INDEX bound to: 34 - type: integer 
	Parameter G_AXI_RLAST_WIDTH bound to: 1 - type: integer 
	Parameter G_AXI_RID_INDEX bound to: 35 - type: integer 
	Parameter G_AXI_RID_WIDTH bound to: 4 - type: integer 
	Parameter G_AXI_RUSER_INDEX bound to: 39 - type: integer 
	Parameter G_AXI_RUSER_WIDTH bound to: 0 - type: integer 
	Parameter G_AXI_RPAYLOAD_WIDTH bound to: 39 - type: integer 
INFO: [Synth 8-6155] done synthesizing module 'axi_infrastructure_v1_1_0_axi2vector' (14#1) [c:/Users/HP/OneDrive/桌面/stu/计组/组成与结构实验5/cache实验基础代码/cache_lab_v0.05/soc_axi_lite_loongson/rtl/xilinx_ip/axi_crossbar_1x2/hdl/axi_infrastructure_v1_1_vl_rfs.v:60]
INFO: [Synth 8-6157] synthesizing module 'axi_infrastructure_v1_1_0_vector2axi' [c:/Users/HP/OneDrive/桌面/stu/计组/组成与结构实验5/cache实验基础代码/cache_lab_v0.05/soc_axi_lite_loongson/rtl/xilinx_ip/axi_crossbar_1x2/hdl/axi_infrastructure_v1_1_vl_rfs.v:474]
	Parameter C_AXI_PROTOCOL bound to: 1 - type: integer 
	Parameter C_AXI_ID_WIDTH bound to: 4 - type: integer 
	Parameter C_AXI_ADDR_WIDTH bound to: 1 - type: integer 
	Parameter C_AXI_DATA_WIDTH bound to: 32 - type: integer 
	Parameter C_AXI_SUPPORTS_USER_SIGNALS bound to: 0 - type: integer 
	Parameter C_AXI_SUPPORTS_REGION_SIGNALS bound to: 0 - type: integer 
	Parameter C_AXI_AWUSER_WIDTH bound to: 1 - type: integer 
	Parameter C_AXI_WUSER_WIDTH bound to: 1 - type: integer 
	Parameter C_AXI_BUSER_WIDTH bound to: 1 - type: integer 
	Parameter C_AXI_ARUSER_WIDTH bound to: 1 - type: integer 
	Parameter C_AXI_RUSER_WIDTH bound to: 1 - type: integer 
	Parameter C_AWPAYLOAD_WIDTH bound to: 27 - type: integer 
	Parameter C_WPAYLOAD_WIDTH bound to: 41 - type: integer 
	Parameter C_BPAYLOAD_WIDTH bound to: 6 - type: integer 
	Parameter C_ARPAYLOAD_WIDTH bound to: 27 - type: integer 
	Parameter C_RPAYLOAD_WIDTH bound to: 39 - type: integer 
	Parameter G_AXI_AWADDR_INDEX bound to: 0 - type: integer 
	Parameter G_AXI_AWADDR_WIDTH bound to: 1 - type: integer 
	Parameter G_AXI_AWPROT_INDEX bound to: 1 - type: integer 
	Parameter G_AXI_AWPROT_WIDTH bound to: 3 - type: integer 
	Parameter G_AXI_AWSIZE_INDEX bound to: 4 - type: integer 
	Parameter G_AXI_AWSIZE_WIDTH bound to: 3 - type: integer 
	Parameter G_AXI_AWBURST_INDEX bound to: 7 - type: integer 
	Parameter G_AXI_AWBURST_WIDTH bound to: 2 - type: integer 
	Parameter G_AXI_AWCACHE_INDEX bound to: 9 - type: integer 
	Parameter G_AXI_AWCACHE_WIDTH bound to: 4 - type: integer 
	Parameter G_AXI_AWLEN_INDEX bound to: 13 - type: integer 
	Parameter G_AXI_AWLEN_WIDTH bound to: 4 - type: integer 
	Parameter G_AXI_AWLOCK_INDEX bound to: 17 - type: integer 
	Parameter G_AXI_AWLOCK_WIDTH bound to: 2 - type: integer 
	Parameter G_AXI_AWID_INDEX bound to: 19 - type: integer 
	Parameter G_AXI_AWID_WIDTH bound to: 4 - type: integer 
	Parameter G_AXI_AWQOS_INDEX bound to: 23 - type: integer 
	Parameter G_AXI_AWQOS_WIDTH bound to: 4 - type: integer 
	Parameter G_AXI_AWREGION_INDEX bound to: 27 - type: integer 
	Parameter G_AXI_AWREGION_WIDTH bound to: 0 - type: integer 
	Parameter G_AXI_AWUSER_INDEX bound to: 27 - type: integer 
	Parameter G_AXI_AWUSER_WIDTH bound to: 0 - type: integer 
	Parameter G_AXI_AWPAYLOAD_WIDTH bound to: 27 - type: integer 
	Parameter G_AXI_ARADDR_INDEX bound to: 0 - type: integer 
	Parameter G_AXI_ARADDR_WIDTH bound to: 1 - type: integer 
	Parameter G_AXI_ARPROT_INDEX bound to: 1 - type: integer 
	Parameter G_AXI_ARPROT_WIDTH bound to: 3 - type: integer 
	Parameter G_AXI_ARSIZE_INDEX bound to: 4 - type: integer 
	Parameter G_AXI_ARSIZE_WIDTH bound to: 3 - type: integer 
	Parameter G_AXI_ARBURST_INDEX bound to: 7 - type: integer 
	Parameter G_AXI_ARBURST_WIDTH bound to: 2 - type: integer 
	Parameter G_AXI_ARCACHE_INDEX bound to: 9 - type: integer 
	Parameter G_AXI_ARCACHE_WIDTH bound to: 4 - type: integer 
	Parameter G_AXI_ARLEN_INDEX bound to: 13 - type: integer 
	Parameter G_AXI_ARLEN_WIDTH bound to: 4 - type: integer 
	Parameter G_AXI_ARLOCK_INDEX bound to: 17 - type: integer 
	Parameter G_AXI_ARLOCK_WIDTH bound to: 2 - type: integer 
	Parameter G_AXI_ARID_INDEX bound to: 19 - type: integer 
	Parameter G_AXI_ARID_WIDTH bound to: 4 - type: integer 
	Parameter G_AXI_ARQOS_INDEX bound to: 23 - type: integer 
	Parameter G_AXI_ARQOS_WIDTH bound to: 4 - type: integer 
	Parameter G_AXI_ARREGION_INDEX bound to: 27 - type: integer 
	Parameter G_AXI_ARREGION_WIDTH bound to: 0 - type: integer 
	Parameter G_AXI_ARUSER_INDEX bound to: 27 - type: integer 
	Parameter G_AXI_ARUSER_WIDTH bound to: 0 - type: integer 
	Parameter G_AXI_ARPAYLOAD_WIDTH bound to: 27 - type: integer 
	Parameter G_AXI_WDATA_INDEX bound to: 0 - type: integer 
	Parameter G_AXI_WDATA_WIDTH bound to: 32 - type: integer 
	Parameter G_AXI_WSTRB_INDEX bound to: 32 - type: integer 
	Parameter G_AXI_WSTRB_WIDTH bound to: 4 - type: integer 
	Parameter G_AXI_WLAST_INDEX bound to: 36 - type: integer 
	Parameter G_AXI_WLAST_WIDTH bound to: 1 - type: integer 
	Parameter G_AXI_WID_INDEX bound to: 37 - type: integer 
	Parameter G_AXI_WID_WIDTH bound to: 4 - type: integer 
	Parameter G_AXI_WUSER_INDEX bound to: 41 - type: integer 
	Parameter G_AXI_WUSER_WIDTH bound to: 0 - type: integer 
	Parameter G_AXI_WPAYLOAD_WIDTH bound to: 41 - type: integer 
	Parameter G_AXI_BRESP_INDEX bound to: 0 - type: integer 
	Parameter G_AXI_BRESP_WIDTH bound to: 2 - type: integer 
	Parameter G_AXI_BID_INDEX bound to: 2 - type: integer 
	Parameter G_AXI_BID_WIDTH bound to: 4 - type: integer 
	Parameter G_AXI_BUSER_INDEX bound to: 6 - type: integer 
	Parameter G_AXI_BUSER_WIDTH bound to: 0 - type: integer 
	Parameter G_AXI_BPAYLOAD_WIDTH bound to: 6 - type: integer 
	Parameter G_AXI_RDATA_INDEX bound to: 0 - type: integer 
	Parameter G_AXI_RDATA_WIDTH bound to: 32 - type: integer 
	Parameter G_AXI_RRESP_INDEX bound to: 32 - type: integer 
	Parameter G_AXI_RRESP_WIDTH bound to: 2 - type: integer 
	Parameter G_AXI_RLAST_INDEX bound to: 34 - type: integer 
	Parameter G_AXI_RLAST_WIDTH bound to: 1 - type: integer 
	Parameter G_AXI_RID_INDEX bound to: 35 - type: integer 
	Parameter G_AXI_RID_WIDTH bound to: 4 - type: integer 
	Parameter G_AXI_RUSER_INDEX bound to: 39 - type: integer 
	Parameter G_AXI_RUSER_WIDTH bound to: 0 - type: integer 
	Parameter G_AXI_RPAYLOAD_WIDTH bound to: 39 - type: integer 
INFO: [Synth 8-6155] done synthesizing module 'axi_infrastructure_v1_1_0_vector2axi' (15#1) [c:/Users/HP/OneDrive/桌面/stu/计组/组成与结构实验5/cache实验基础代码/cache_lab_v0.05/soc_axi_lite_loongson/rtl/xilinx_ip/axi_crossbar_1x2/hdl/axi_infrastructure_v1_1_vl_rfs.v:474]
INFO: [Synth 8-6157] synthesizing module 'axi_register_slice_v2_1_20_axic_register_slice' [c:/Users/HP/OneDrive/桌面/stu/计组/组成与结构实验5/cache实验基础代码/cache_lab_v0.05/soc_axi_lite_loongson/rtl/xilinx_ip/axi_crossbar_1x2/hdl/axi_register_slice_v2_1_vl_rfs.v:1476]
	Parameter C_FAMILY bound to: artix7 - type: string 
	Parameter C_DATA_WIDTH bound to: 27 - type: integer 
	Parameter C_REG_CONFIG bound to: 0 - type: integer 
INFO: [Synth 8-6155] done synthesizing module 'axi_register_slice_v2_1_20_axic_register_slice' (16#1) [c:/Users/HP/OneDrive/桌面/stu/计组/组成与结构实验5/cache实验基础代码/cache_lab_v0.05/soc_axi_lite_loongson/rtl/xilinx_ip/axi_crossbar_1x2/hdl/axi_register_slice_v2_1_vl_rfs.v:1476]
INFO: [Synth 8-6157] synthesizing module 'axi_register_slice_v2_1_20_axic_register_slice__parameterized0' [c:/Users/HP/OneDrive/桌面/stu/计组/组成与结构实验5/cache实验基础代码/cache_lab_v0.05/soc_axi_lite_loongson/rtl/xilinx_ip/axi_crossbar_1x2/hdl/axi_register_slice_v2_1_vl_rfs.v:1476]
	Parameter C_FAMILY bound to: artix7 - type: string 
	Parameter C_DATA_WIDTH bound to: 41 - type: integer 
	Parameter C_REG_CONFIG bound to: 0 - type: integer 
INFO: [Synth 8-6155] done synthesizing module 'axi_register_slice_v2_1_20_axic_register_slice__parameterized0' (16#1) [c:/Users/HP/OneDrive/桌面/stu/计组/组成与结构实验5/cache实验基础代码/cache_lab_v0.05/soc_axi_lite_loongson/rtl/xilinx_ip/axi_crossbar_1x2/hdl/axi_register_slice_v2_1_vl_rfs.v:1476]
INFO: [Synth 8-6157] synthesizing module 'axi_register_slice_v2_1_20_axic_register_slice__parameterized1' [c:/Users/HP/OneDrive/桌面/stu/计组/组成与结构实验5/cache实验基础代码/cache_lab_v0.05/soc_axi_lite_loongson/rtl/xilinx_ip/axi_crossbar_1x2/hdl/axi_register_slice_v2_1_vl_rfs.v:1476]
	Parameter C_FAMILY bound to: artix7 - type: string 
	Parameter C_DATA_WIDTH bound to: 6 - type: integer 
	Parameter C_REG_CONFIG bound to: 7 - type: integer 
INFO: [Synth 8-6155] done synthesizing module 'axi_register_slice_v2_1_20_axic_register_slice__parameterized1' (16#1) [c:/Users/HP/OneDrive/桌面/stu/计组/组成与结构实验5/cache实验基础代码/cache_lab_v0.05/soc_axi_lite_loongson/rtl/xilinx_ip/axi_crossbar_1x2/hdl/axi_register_slice_v2_1_vl_rfs.v:1476]
INFO: [Synth 8-6157] synthesizing module 'axi_register_slice_v2_1_20_axic_register_slice__parameterized2' [c:/Users/HP/OneDrive/桌面/stu/计组/组成与结构实验5/cache实验基础代码/cache_lab_v0.05/soc_axi_lite_loongson/rtl/xilinx_ip/axi_crossbar_1x2/hdl/axi_register_slice_v2_1_vl_rfs.v:1476]
	Parameter C_FAMILY bound to: artix7 - type: string 
	Parameter C_DATA_WIDTH bound to: 39 - type: integer 
	Parameter C_REG_CONFIG bound to: 1 - type: integer 
INFO: [Synth 8-6155] done synthesizing module 'axi_register_slice_v2_1_20_axic_register_slice__parameterized2' (16#1) [c:/Users/HP/OneDrive/桌面/stu/计组/组成与结构实验5/cache实验基础代码/cache_lab_v0.05/soc_axi_lite_loongson/rtl/xilinx_ip/axi_crossbar_1x2/hdl/axi_register_slice_v2_1_vl_rfs.v:1476]
INFO: [Synth 8-6155] done synthesizing module 'axi_register_slice_v2_1_20_axi_register_slice' (17#1) [c:/Users/HP/OneDrive/桌面/stu/计组/组成与结构实验5/cache实验基础代码/cache_lab_v0.05/soc_axi_lite_loongson/rtl/xilinx_ip/axi_crossbar_1x2/hdl/axi_register_slice_v2_1_vl_rfs.v:3704]
WARNING: [Synth 8-7023] instance 'reg_slice_mi' of module 'axi_register_slice_v2_1_20_axi_register_slice' has 93 connections declared, but only 92 given [c:/Users/HP/OneDrive/桌面/stu/计组/组成与结构实验5/cache实验基础代码/cache_lab_v0.05/soc_axi_lite_loongson/rtl/xilinx_ip/axi_crossbar_1x2/hdl/axi_crossbar_v2_1_vl_rfs.v:3122]
WARNING: [Synth 8-7023] instance 'reg_slice_mi' of module 'axi_register_slice_v2_1_20_axi_register_slice' has 93 connections declared, but only 92 given [c:/Users/HP/OneDrive/桌面/stu/计组/组成与结构实验5/cache实验基础代码/cache_lab_v0.05/soc_axi_lite_loongson/rtl/xilinx_ip/axi_crossbar_1x2/hdl/axi_crossbar_v2_1_vl_rfs.v:3122]
INFO: [Synth 8-6157] synthesizing module 'axi_data_fifo_v2_1_19_axic_srl_fifo__parameterized1' [c:/Users/HP/OneDrive/桌面/stu/计组/组成与结构实验5/cache实验基础代码/cache_lab_v0.05/soc_axi_lite_loongson/rtl/xilinx_ip/axi_crossbar_1x2/hdl/axi_data_fifo_v2_1_vl_rfs.v:698]
	Parameter C_FAMILY bound to: artix7 - type: string 
	Parameter C_FIFO_WIDTH bound to: 8 - type: integer 
	Parameter C_MAX_CTRL_FANOUT bound to: 33 - type: integer 
	Parameter C_FIFO_DEPTH_LOG bound to: 0 - type: integer 
	Parameter C_USE_FULL bound to: 0 - type: integer 
	Parameter P_FIFO_DEPTH_LOG bound to: 2 - type: integer 
	Parameter P_EMPTY bound to: 2'b11 
	Parameter P_ALMOSTEMPTY bound to: 2'b00 
	Parameter P_ALMOSTFULL_TEMP bound to: 3'b110 
	Parameter P_ALMOSTFULL bound to: 2'b10 
	Parameter P_NUM_REPS bound to: 1 - type: integer 
WARNING: [Synth 8-6014] Unused sequential element areset_d1_reg was removed.  [c:/Users/HP/OneDrive/桌面/stu/计组/组成与结构实验5/cache实验基础代码/cache_lab_v0.05/soc_axi_lite_loongson/rtl/xilinx_ip/axi_crossbar_1x2/hdl/axi_data_fifo_v2_1_vl_rfs.v:750]
WARNING: [Synth 8-6014] Unused sequential element S_READY_i_reg was removed.  [c:/Users/HP/OneDrive/桌面/stu/计组/组成与结构实验5/cache实验基础代码/cache_lab_v0.05/soc_axi_lite_loongson/rtl/xilinx_ip/axi_crossbar_1x2/hdl/axi_data_fifo_v2_1_vl_rfs.v:789]
INFO: [Synth 8-6155] done synthesizing module 'axi_data_fifo_v2_1_19_axic_srl_fifo__parameterized1' (17#1) [c:/Users/HP/OneDrive/桌面/stu/计组/组成与结构实验5/cache实验基础代码/cache_lab_v0.05/soc_axi_lite_loongson/rtl/xilinx_ip/axi_crossbar_1x2/hdl/axi_data_fifo_v2_1_vl_rfs.v:698]
INFO: [Synth 8-6157] synthesizing module 'axi_crossbar_v2_1_21_wdata_mux__parameterized0' [c:/Users/HP/OneDrive/桌面/stu/计组/组成与结构实验5/cache实验基础代码/cache_lab_v0.05/soc_axi_lite_loongson/rtl/xilinx_ip/axi_crossbar_1x2/hdl/axi_crossbar_v2_1_vl_rfs.v:4561]
	Parameter C_FAMILY bound to: artix7 - type: string 
	Parameter C_WMESG_WIDTH bound to: 41 - type: integer 
	Parameter C_NUM_SLAVE_SLOTS bound to: 1 - type: integer 
	Parameter C_SELECT_WIDTH bound to: 1 - type: integer 
	Parameter C_FIFO_DEPTH_LOG bound to: 0 - type: integer 
	Parameter P_FIFO_DEPTH_LOG bound to: 0 - type: integer 
INFO: [Synth 8-6155] done synthesizing module 'axi_crossbar_v2_1_21_wdata_mux__parameterized0' (17#1) [c:/Users/HP/OneDrive/桌面/stu/计组/组成与结构实验5/cache实验基础代码/cache_lab_v0.05/soc_axi_lite_loongson/rtl/xilinx_ip/axi_crossbar_1x2/hdl/axi_crossbar_v2_1_vl_rfs.v:4561]
WARNING: [Synth 8-7023] instance 'reg_slice_mi' of module 'axi_register_slice_v2_1_20_axi_register_slice' has 93 connections declared, but only 92 given [c:/Users/HP/OneDrive/桌面/stu/计组/组成与结构实验5/cache实验基础代码/cache_lab_v0.05/soc_axi_lite_loongson/rtl/xilinx_ip/axi_crossbar_1x2/hdl/axi_crossbar_v2_1_vl_rfs.v:3122]
INFO: [Synth 8-6157] synthesizing module 'axi_crossbar_v2_1_21_decerr_slave' [c:/Users/HP/OneDrive/桌面/stu/计组/组成与结构实验5/cache实验基础代码/cache_lab_v0.05/soc_axi_lite_loongson/rtl/xilinx_ip/axi_crossbar_1x2/hdl/axi_crossbar_v2_1_vl_rfs.v:3501]
	Parameter C_AXI_ID_WIDTH bound to: 4 - type: integer 
	Parameter C_AXI_DATA_WIDTH bound to: 32 - type: integer 
	Parameter C_AXI_BUSER_WIDTH bound to: 1 - type: integer 
	Parameter C_AXI_RUSER_WIDTH bound to: 1 - type: integer 
	Parameter C_AXI_PROTOCOL bound to: 1 - type: integer 
	Parameter C_RESP bound to: 3 - type: integer 
	Parameter P_WRITE_IDLE bound to: 2'b00 
	Parameter P_WRITE_DATA bound to: 2'b01 
	Parameter P_WRITE_RESP bound to: 2'b10 
	Parameter P_READ_IDLE bound to: 1'b0 
	Parameter P_READ_DATA bound to: 1'b1 
	Parameter P_AXI4 bound to: 0 - type: integer 
	Parameter P_AXI3 bound to: 1 - type: integer 
	Parameter P_AXILITE bound to: 2 - type: integer 
INFO: [Synth 8-155] case statement is not full and has no default [c:/Users/HP/OneDrive/桌面/stu/计组/组成与结构实验5/cache实验基础代码/cache_lab_v0.05/soc_axi_lite_loongson/rtl/xilinx_ip/axi_crossbar_1x2/hdl/axi_crossbar_v2_1_vl_rfs.v:3633]
INFO: [Synth 8-6155] done synthesizing module 'axi_crossbar_v2_1_21_decerr_slave' (18#1) [c:/Users/HP/OneDrive/桌面/stu/计组/组成与结构实验5/cache实验基础代码/cache_lab_v0.05/soc_axi_lite_loongson/rtl/xilinx_ip/axi_crossbar_1x2/hdl/axi_crossbar_v2_1_vl_rfs.v:3501]
INFO: [Synth 8-6157] synthesizing module 'axi_crossbar_v2_1_21_addr_arbiter' [c:/Users/HP/OneDrive/桌面/stu/计组/组成与结构实验5/cache实验基础代码/cache_lab_v0.05/soc_axi_lite_loongson/rtl/xilinx_ip/axi_crossbar_1x2/hdl/axi_crossbar_v2_1_vl_rfs.v:423]
	Parameter C_FAMILY bound to: artix7 - type: string 
	Parameter C_NUM_S bound to: 1 - type: integer 
	Parameter C_NUM_S_LOG bound to: 1 - type: integer 
	Parameter C_NUM_M bound to: 3 - type: integer 
	Parameter C_MESG_WIDTH bound to: 67 - type: integer 
	Parameter C_ARB_PRIORITY bound to: 0 - type: integer 
	Parameter P_PRIO_MASK bound to: 1'b0 
INFO: [Synth 8-6155] done synthesizing module 'axi_crossbar_v2_1_21_addr_arbiter' (19#1) [c:/Users/HP/OneDrive/桌面/stu/计组/组成与结构实验5/cache实验基础代码/cache_lab_v0.05/soc_axi_lite_loongson/rtl/xilinx_ip/axi_crossbar_1x2/hdl/axi_crossbar_v2_1_vl_rfs.v:423]
WARNING: [Synth 8-6014] Unused sequential element gen_master_slots[0].gen_mi_write.gen_debug_w.debug_w_beat_cnt_i_reg was removed.  [c:/Users/HP/OneDrive/桌面/stu/计组/组成与结构实验5/cache实验基础代码/cache_lab_v0.05/soc_axi_lite_loongson/rtl/xilinx_ip/axi_crossbar_1x2/hdl/axi_crossbar_v2_1_vl_rfs.v:2997]
WARNING: [Synth 8-6014] Unused sequential element gen_master_slots[1].gen_mi_write.gen_debug_w.debug_w_beat_cnt_i_reg was removed.  [c:/Users/HP/OneDrive/桌面/stu/计组/组成与结构实验5/cache实验基础代码/cache_lab_v0.05/soc_axi_lite_loongson/rtl/xilinx_ip/axi_crossbar_1x2/hdl/axi_crossbar_v2_1_vl_rfs.v:2997]
WARNING: [Synth 8-6014] Unused sequential element gen_master_slots[2].gen_mi_write.gen_debug_w.debug_w_beat_cnt_i_reg was removed.  [c:/Users/HP/OneDrive/桌面/stu/计组/组成与结构实验5/cache实验基础代码/cache_lab_v0.05/soc_axi_lite_loongson/rtl/xilinx_ip/axi_crossbar_1x2/hdl/axi_crossbar_v2_1_vl_rfs.v:2997]
INFO: [Synth 8-6155] done synthesizing module 'axi_crossbar_v2_1_21_crossbar' (20#1) [c:/Users/HP/OneDrive/桌面/stu/计组/组成与结构实验5/cache实验基础代码/cache_lab_v0.05/soc_axi_lite_loongson/rtl/xilinx_ip/axi_crossbar_1x2/hdl/axi_crossbar_v2_1_vl_rfs.v:2239]
INFO: [Synth 8-6155] done synthesizing module 'axi_crossbar_v2_1_21_axi_crossbar' (21#1) [c:/Users/HP/OneDrive/桌面/stu/计组/组成与结构实验5/cache实验基础代码/cache_lab_v0.05/soc_axi_lite_loongson/rtl/xilinx_ip/axi_crossbar_1x2/hdl/axi_crossbar_v2_1_vl_rfs.v:4884]
INFO: [Synth 8-6155] done synthesizing module 'axi_crossbar_1x2' (22#1) [c:/Users/HP/OneDrive/桌面/stu/计组/组成与结构实验5/cache实验基础代码/cache_lab_v0.05/soc_axi_lite_loongson/rtl/xilinx_ip/axi_crossbar_1x2/synth/axi_crossbar_1x2.v:59]
WARNING: [Synth 8-3331] design axi_register_slice_v2_1_20_axic_register_slice has unconnected port ACLK
WARNING: [Synth 8-3331] design axi_register_slice_v2_1_20_axic_register_slice has unconnected port ARESET
WARNING: [Synth 8-3331] design axi_register_slice_v2_1_20_axic_register_slice__parameterized0 has unconnected port ACLK
WARNING: [Synth 8-3331] design axi_register_slice_v2_1_20_axic_register_slice__parameterized0 has unconnected port ARESET
WARNING: [Synth 8-3331] design axi_infrastructure_v1_1_0_vector2axi has unconnected port m_axi_buser[0]
WARNING: [Synth 8-3331] design axi_infrastructure_v1_1_0_vector2axi has unconnected port m_axi_ruser[0]
WARNING: [Synth 8-3331] design axi_infrastructure_v1_1_0_axi2vector has unconnected port s_axi_awregion[3]
WARNING: [Synth 8-3331] design axi_infrastructure_v1_1_0_axi2vector has unconnected port s_axi_awregion[2]
WARNING: [Synth 8-3331] design axi_infrastructure_v1_1_0_axi2vector has unconnected port s_axi_awregion[1]
WARNING: [Synth 8-3331] design axi_infrastructure_v1_1_0_axi2vector has unconnected port s_axi_awregion[0]
WARNING: [Synth 8-3331] design axi_infrastructure_v1_1_0_axi2vector has unconnected port s_axi_awuser[0]
WARNING: [Synth 8-3331] design axi_infrastructure_v1_1_0_axi2vector has unconnected port s_axi_wuser[0]
WARNING: [Synth 8-3331] design axi_infrastructure_v1_1_0_axi2vector has unconnected port s_axi_arregion[3]
WARNING: [Synth 8-3331] design axi_infrastructure_v1_1_0_axi2vector has unconnected port s_axi_arregion[2]
WARNING: [Synth 8-3331] design axi_infrastructure_v1_1_0_axi2vector has unconnected port s_axi_arregion[1]
WARNING: [Synth 8-3331] design axi_infrastructure_v1_1_0_axi2vector has unconnected port s_axi_arregion[0]
WARNING: [Synth 8-3331] design axi_infrastructure_v1_1_0_axi2vector has unconnected port s_axi_aruser[0]
WARNING: [Synth 8-3331] design axi_register_slice_v2_1_20_axi_register_slice has unconnected port aclk2x
WARNING: [Synth 8-3331] design axi_crossbar_v2_1_21_wdata_mux__parameterized0 has unconnected port ACLK
WARNING: [Synth 8-3331] design axi_crossbar_v2_1_21_wdata_mux__parameterized0 has unconnected port ARESET
WARNING: [Synth 8-3331] design axi_crossbar_v2_1_21_wdata_mux__parameterized0 has unconnected port S_ASELECT[0]
WARNING: [Synth 8-3331] design axi_crossbar_v2_1_21_wdata_mux__parameterized0 has unconnected port S_AVALID
WARNING: [Synth 8-3331] design axi_crossbar_v2_1_21_wdata_mux has unconnected port ACLK
WARNING: [Synth 8-3331] design axi_crossbar_v2_1_21_wdata_mux has unconnected port ARESET
WARNING: [Synth 8-3331] design axi_crossbar_v2_1_21_wdata_mux has unconnected port S_ASELECT[0]
WARNING: [Synth 8-3331] design axi_crossbar_v2_1_21_wdata_mux has unconnected port S_AVALID
WARNING: [Synth 8-3331] design axi_crossbar_v2_1_21_addr_decoder has unconnected port ADDR[1]
WARNING: [Synth 8-3331] design axi_crossbar_v2_1_21_addr_decoder has unconnected port ADDR[0]
WARNING: [Synth 8-3331] design axi_crossbar_v2_1_21_si_transactor__parameterized0 has unconnected port S_ABURST[1]
WARNING: [Synth 8-3331] design axi_crossbar_v2_1_21_si_transactor__parameterized0 has unconnected port S_ABURST[0]
WARNING: [Synth 8-3331] design axi_crossbar_v2_1_21_si_transactor has unconnected port S_ABURST[1]
WARNING: [Synth 8-3331] design axi_crossbar_v2_1_21_si_transactor has unconnected port S_ABURST[0]
WARNING: [Synth 8-3331] design axi_crossbar_v2_1_21_axi_crossbar has unconnected port s_axi_awlock[1]
WARNING: [Synth 8-3331] design axi_crossbar_v2_1_21_axi_crossbar has unconnected port s_axi_awuser[0]
WARNING: [Synth 8-3331] design axi_crossbar_v2_1_21_axi_crossbar has unconnected port s_axi_wuser[0]
WARNING: [Synth 8-3331] design axi_crossbar_v2_1_21_axi_crossbar has unconnected port s_axi_arlock[1]
WARNING: [Synth 8-3331] design axi_crossbar_v2_1_21_axi_crossbar has unconnected port s_axi_aruser[0]
WARNING: [Synth 8-3331] design axi_crossbar_v2_1_21_axi_crossbar has unconnected port m_axi_buser[1]
WARNING: [Synth 8-3331] design axi_crossbar_v2_1_21_axi_crossbar has unconnected port m_axi_buser[0]
WARNING: [Synth 8-3331] design axi_crossbar_v2_1_21_axi_crossbar has unconnected port m_axi_ruser[1]
WARNING: [Synth 8-3331] design axi_crossbar_v2_1_21_axi_crossbar has unconnected port m_axi_ruser[0]
TclStackFree: incorrect freePtr. Call out of sequence?
[Sun May 11 10:29:18 2025] axi_crossbar_1x2_synth_1 finished
WARNING: [Vivado 12-8222] Failed run(s) : 'axi_crossbar_1x2_synth_1'
[Sun May 11 10:29:18 2025] Waiting for axi_clock_converter_synth_1 to finish...

*** Running vivado
    with args -log axi_clock_converter.vds -m64 -product Vivado -mode batch -messageDb vivado.pb -notrace -source axi_clock_converter.tcl


****** Vivado v2019.2 (64-bit)
  **** SW Build 2708876 on Wed Nov  6 21:40:23 MST 2019
  **** IP Build 2700528 on Thu Nov  7 00:09:20 MST 2019
    ** Copyright 1986-2019 Xilinx, Inc. All Rights Reserved.

source axi_clock_converter.tcl -notrace
create_project: Time (s): cpu = 00:00:05 ; elapsed = 00:00:05 . Memory (MB): peak = 438.207 ; gain = 157.879
Command: synth_design -top axi_clock_converter -part xc7a200tfbg676-2 -mode out_of_context
Starting synth_design
Attempting to get a license for feature 'Synthesis' and/or device 'xc7a200t'
INFO: [Common 17-349] Got license for feature 'Synthesis' and/or device 'xc7a200t'
INFO: [Device 21-403] Loading part xc7a200tfbg676-2
INFO: Launching helper process for spawning children vivado processes
INFO: Helper process launched with PID 23252 
---------------------------------------------------------------------------------
Starting RTL Elaboration : Time (s): cpu = 00:00:12 ; elapsed = 00:00:15 . Memory (MB): peak = 1026.031 ; gain = 234.922
---------------------------------------------------------------------------------
INFO: [Synth 8-6157] synthesizing module 'axi_clock_converter' [c:/Users/HP/OneDrive/桌面/stu/计组/组成与结构实验5/cache实验基础代码/cache_lab_v0.05/soc_axi_lite_loongson/rtl/xilinx_ip/axi_clock_converter/synth/axi_clock_converter.v:58]
INFO: [Synth 8-6157] synthesizing module 'axi_clock_converter_v2_1_19_axi_clock_converter' [c:/Users/HP/OneDrive/桌面/stu/计组/组成与结构实验5/cache实验基础代码/cache_lab_v0.05/soc_axi_lite_loongson/rtl/xilinx_ip/axi_clock_converter/hdl/axi_clock_converter_v2_1_vl_rfs.v:654]
	Parameter C_FAMILY bound to: artix7 - type: string 
	Parameter C_AXI_ID_WIDTH bound to: 4 - type: integer 
	Parameter C_AXI_ADDR_WIDTH bound to: 32 - type: integer 
	Parameter C_AXI_DATA_WIDTH bound to: 32 - type: integer 
	Parameter C_S_AXI_ACLK_RATIO bound to: 1 - type: integer 
	Parameter C_M_AXI_ACLK_RATIO bound to: 2 - type: integer 
	Parameter C_AXI_IS_ACLK_ASYNC bound to: 1 - type: integer 
	Parameter C_AXI_PROTOCOL bound to: 1 - type: integer 
	Parameter C_AXI_SUPPORTS_USER_SIGNALS bound to: 0 - type: integer 
	Parameter C_AXI_AWUSER_WIDTH bound to: 1 - type: integer 
	Parameter C_AXI_ARUSER_WIDTH bound to: 1 - type: integer 
	Parameter C_AXI_WUSER_WIDTH bound to: 1 - type: integer 
	Parameter C_AXI_RUSER_WIDTH bound to: 1 - type: integer 
	Parameter C_AXI_BUSER_WIDTH bound to: 1 - type: integer 
	Parameter C_AXI_SUPPORTS_WRITE bound to: 1 - type: integer 
	Parameter C_AXI_SUPPORTS_READ bound to: 1 - type: integer 
	Parameter C_SYNCHRONIZER_STAGE bound to: 3 - type: integer 
	Parameter P_AXI4 bound to: 0 - type: integer 
	Parameter P_AXI3 bound to: 1 - type: integer 
	Parameter P_AXILITE bound to: 2 - type: integer 
	Parameter P_LIGHT_WT bound to: 0 - type: integer 
	Parameter P_FULLY_REG bound to: 1 - type: integer 
	Parameter P_LUTRAM_ASYNC bound to: 12 - type: integer 
	Parameter P_SI_LT_MI bound to: 1'b1 
	Parameter P_ROUNDING_OFFSET bound to: 0 - type: integer 
	Parameter P_ACLK_RATIO bound to: 2 - type: integer 
	Parameter C_AWUSER_RIGHT bound to: 0 - type: integer 
	Parameter C_AWUSER_WIDTH bound to: 0 - type: integer 
	Parameter C_AWQOS_RIGHT bound to: 0 - type: integer 
	Parameter C_AWQOS_WIDTH bound to: 4 - type: integer 
	Parameter C_AWREGION_RIGHT bound to: 4 - type: integer 
	Parameter C_AWREGION_WIDTH bound to: 0 - type: integer 
	Parameter C_AWPROT_RIGHT bound to: 4 - type: integer 
	Parameter C_AWPROT_WIDTH bound to: 3 - type: integer 
	Parameter C_AWCACHE_RIGHT bound to: 7 - type: integer 
	Parameter C_AWCACHE_WIDTH bound to: 4 - type: integer 
	Parameter C_AWLOCK_RIGHT bound to: 11 - type: integer 
	Parameter C_AWLOCK_WIDTH bound to: 2 - type: integer 
	Parameter C_AWBURST_RIGHT bound to: 13 - type: integer 
	Parameter C_AWBURST_WIDTH bound to: 2 - type: integer 
	Parameter C_AWSIZE_RIGHT bound to: 15 - type: integer 
	Parameter C_AWSIZE_WIDTH bound to: 3 - type: integer 
	Parameter C_AWLEN_RIGHT bound to: 18 - type: integer 
	Parameter C_AWLEN_WIDTH bound to: 4 - type: integer 
	Parameter C_AWADDR_RIGHT bound to: 22 - type: integer 
	Parameter C_AWADDR_WIDTH bound to: 32 - type: integer 
	Parameter C_AWID_RIGHT bound to: 54 - type: integer 
	Parameter C_AWID_WIDTH bound to: 4 - type: integer 
	Parameter C_AW_WIDTH bound to: 58 - type: integer 
	Parameter C_FIFO_AW_WIDTH bound to: 62 - type: integer 
	Parameter C_WUSER_RIGHT bound to: 0 - type: integer 
	Parameter C_WUSER_WIDTH bound to: 0 - type: integer 
	Parameter C_WLAST_RIGHT bound to: 0 - type: integer 
	Parameter C_WLAST_WIDTH bound to: 1 - type: integer 
	Parameter C_WSTRB_RIGHT bound to: 1 - type: integer 
	Parameter C_WSTRB_WIDTH bound to: 4 - type: integer 
	Parameter C_WDATA_RIGHT bound to: 5 - type: integer 
	Parameter C_WDATA_WIDTH bound to: 32 - type: integer 
	Parameter C_WID_RIGHT bound to: 37 - type: integer 
	Parameter C_WID_WIDTH bound to: 4 - type: integer 
	Parameter C_W_WIDTH bound to: 41 - type: integer 
	Parameter C_FIFO_W_WIDTH bound to: 41 - type: integer 
	Parameter C_BUSER_RIGHT bound to: 0 - type: integer 
	Parameter C_BUSER_WIDTH bound to: 0 - type: integer 
	Parameter C_BRESP_RIGHT bound to: 0 - type: integer 
	Parameter C_BRESP_WIDTH bound to: 2 - type: integer 
	Parameter C_BID_RIGHT bound to: 2 - type: integer 
	Parameter C_BID_WIDTH bound to: 4 - type: integer 
	Parameter C_B_WIDTH bound to: 6 - type: integer 
	Parameter C_FIFO_B_WIDTH bound to: 6 - type: integer 
	Parameter C_ARUSER_RIGHT bound to: 0 - type: integer 
	Parameter C_ARUSER_WIDTH bound to: 0 - type: integer 
	Parameter C_ARQOS_RIGHT bound to: 0 - type: integer 
	Parameter C_ARQOS_WIDTH bound to: 4 - type: integer 
	Parameter C_ARREGION_RIGHT bound to: 4 - type: integer 
	Parameter C_ARREGION_WIDTH bound to: 0 - type: integer 
	Parameter C_ARPROT_RIGHT bound to: 4 - type: integer 
	Parameter C_ARPROT_WIDTH bound to: 3 - type: integer 
	Parameter C_ARCACHE_RIGHT bound to: 7 - type: integer 
	Parameter C_ARCACHE_WIDTH bound to: 4 - type: integer 
	Parameter C_ARLOCK_RIGHT bound to: 11 - type: integer 
	Parameter C_ARLOCK_WIDTH bound to: 2 - type: integer 
	Parameter C_ARBURST_RIGHT bound to: 13 - type: integer 
	Parameter C_ARBURST_WIDTH bound to: 2 - type: integer 
	Parameter C_ARSIZE_RIGHT bound to: 15 - type: integer 
	Parameter C_ARSIZE_WIDTH bound to: 3 - type: integer 
	Parameter C_ARLEN_RIGHT bound to: 18 - type: integer 
	Parameter C_ARLEN_WIDTH bound to: 4 - type: integer 
	Parameter C_ARADDR_RIGHT bound to: 22 - type: integer 
	Parameter C_ARADDR_WIDTH bound to: 32 - type: integer 
	Parameter C_ARID_RIGHT bound to: 54 - type: integer 
	Parameter C_ARID_WIDTH bound to: 4 - type: integer 
	Parameter C_AR_WIDTH bound to: 58 - type: integer 
	Parameter C_FIFO_AR_WIDTH bound to: 62 - type: integer 
	Parameter C_RUSER_RIGHT bound to: 0 - type: integer 
	Parameter C_RUSER_WIDTH bound to: 0 - type: integer 
	Parameter C_RLAST_RIGHT bound to: 0 - type: integer 
	Parameter C_RLAST_WIDTH bound to: 1 - type: integer 
	Parameter C_RRESP_RIGHT bound to: 1 - type: integer 
	Parameter C_RRESP_WIDTH bound to: 2 - type: integer 
	Parameter C_RDATA_RIGHT bound to: 3 - type: integer 
	Parameter C_RDATA_WIDTH bound to: 32 - type: integer 
	Parameter C_RID_RIGHT bound to: 35 - type: integer 
	Parameter C_RID_WIDTH bound to: 4 - type: integer 
	Parameter C_R_WIDTH bound to: 39 - type: integer 
	Parameter C_FIFO_R_WIDTH bound to: 39 - type: integer 
INFO: [Synth 8-5534] Detected attribute (* KEEP = "TRUE" *) [c:/Users/HP/OneDrive/桌面/stu/计组/组成与结构实验5/cache实验基础代码/cache_lab_v0.05/soc_axi_lite_loongson/rtl/xilinx_ip/axi_clock_converter/hdl/axi_clock_converter_v2_1_vl_rfs.v:690]
INFO: [Synth 8-5534] Detected attribute (* KEEP = "TRUE" *) [c:/Users/HP/OneDrive/桌面/stu/计组/组成与结构实验5/cache实验基础代码/cache_lab_v0.05/soc_axi_lite_loongson/rtl/xilinx_ip/axi_clock_converter/hdl/axi_clock_converter_v2_1_vl_rfs.v:691]
INFO: [Synth 8-5534] Detected attribute (* KEEP = "TRUE" *) [c:/Users/HP/OneDrive/桌面/stu/计组/组成与结构实验5/cache实验基础代码/cache_lab_v0.05/soc_axi_lite_loongson/rtl/xilinx_ip/axi_clock_converter/hdl/axi_clock_converter_v2_1_vl_rfs.v:749]
INFO: [Synth 8-5534] Detected attribute (* KEEP = "TRUE" *) [c:/Users/HP/OneDrive/桌面/stu/计组/组成与结构实验5/cache实验基础代码/cache_lab_v0.05/soc_axi_lite_loongson/rtl/xilinx_ip/axi_clock_converter/hdl/axi_clock_converter_v2_1_vl_rfs.v:750]
INFO: [Synth 8-6157] synthesizing module 'xpm_cdc_single' [F:/vivado/Vivado/2019.2/data/ip/xpm/xpm_cdc/hdl/xpm_cdc.sv:153]
INFO: [Synth 8-5534] Detected attribute (* ASYNC_REG = "TRUE" *) [F:/vivado/Vivado/2019.2/data/ip/xpm/xpm_cdc/hdl/xpm_cdc.sv:205]
INFO: [Synth 8-6155] done synthesizing module 'xpm_cdc_single' (1#1) [F:/vivado/Vivado/2019.2/data/ip/xpm/xpm_cdc/hdl/xpm_cdc.sv:153]
INFO: [Synth 8-6157] synthesizing module 'xpm_cdc_async_rst' [F:/vivado/Vivado/2019.2/data/ip/xpm/xpm_cdc/hdl/xpm_cdc.sv:1175]
INFO: [Synth 8-5534] Detected attribute (* ASYNC_REG = "TRUE" *) [F:/vivado/Vivado/2019.2/data/ip/xpm/xpm_cdc/hdl/xpm_cdc.sv:1226]
INFO: [Synth 8-6155] done synthesizing module 'xpm_cdc_async_rst' (2#1) [F:/vivado/Vivado/2019.2/data/ip/xpm/xpm_cdc/hdl/xpm_cdc.sv:1175]
INFO: [Synth 8-6157] synthesizing module 'xpm_cdc_single__parameterized1' [F:/vivado/Vivado/2019.2/data/ip/xpm/xpm_cdc/hdl/xpm_cdc.sv:153]
INFO: [Synth 8-6155] done synthesizing module 'xpm_cdc_single__parameterized1' (2#1) [F:/vivado/Vivado/2019.2/data/ip/xpm/xpm_cdc/hdl/xpm_cdc.sv:153]
INFO: [Synth 8-6157] synthesizing module 'xpm_cdc_gray' [F:/vivado/Vivado/2019.2/data/ip/xpm/xpm_cdc/hdl/xpm_cdc.sv:284]
INFO: [Synth 8-5534] Detected attribute (* ASYNC_REG = "TRUE" *) [F:/vivado/Vivado/2019.2/data/ip/xpm/xpm_cdc/hdl/xpm_cdc.sv:358]
INFO: [Synth 8-6155] done synthesizing module 'xpm_cdc_gray' (7#1) [F:/vivado/Vivado/2019.2/data/ip/xpm/xpm_cdc/hdl/xpm_cdc.sv:284]
INFO: [Synth 8-6155] done synthesizing module 'axi_clock_converter_v2_1_19_axi_clock_converter' (22#1) [c:/Users/HP/OneDrive/桌面/stu/计组/组成与结构实验5/cache实验基础代码/cache_lab_v0.05/soc_axi_lite_loongson/rtl/xilinx_ip/axi_clock_converter/hdl/axi_clock_converter_v2_1_vl_rfs.v:654]
INFO: [Synth 8-6155] done synthesizing module 'axi_clock_converter' (23#1) [c:/Users/HP/OneDrive/桌面/stu/计组/组成与结构实验5/cache实验基础代码/cache_lab_v0.05/soc_axi_lite_loongson/rtl/xilinx_ip/axi_clock_converter/synth/axi_clock_converter.v:58]
WARNING: [Synth 8-3331] design output_blk__parameterized2 has unconnected port ALMOST_FULL_I
WARNING: [Synth 8-3331] design output_blk__parameterized2 has unconnected port PROG_FULL_I
WARNING: [Synth 8-3331] design output_blk__parameterized2 has unconnected port ALMOST_EMPTY_I
WARNING: [Synth 8-3331] design output_blk__parameterized2 has unconnected port PROG_EMPTY_I
WARNING: [Synth 8-3331] design output_blk__parameterized2 has unconnected port WR_ACK_I
WARNING: [Synth 8-3331] design output_blk__parameterized2 has unconnected port VALID_I
WARNING: [Synth 8-3331] design output_blk__parameterized2 has unconnected port OVERFLOW_I
WARNING: [Synth 8-3331] design output_blk__parameterized2 has unconnected port UNDERFLOW_I
WARNING: [Synth 8-3331] design output_blk__parameterized2 has unconnected port DATA_COUNT_I[4]
WARNING: [Synth 8-3331] design output_blk__parameterized2 has unconnected port DATA_COUNT_I[3]
WARNING: [Synth 8-3331] design output_blk__parameterized2 has unconnected port DATA_COUNT_I[2]
WARNING: [Synth 8-3331] design output_blk__parameterized2 has unconnected port DATA_COUNT_I[1]
WARNING: [Synth 8-3331] design output_blk__parameterized2 has unconnected port DATA_COUNT_I[0]
WARNING: [Synth 8-3331] design output_blk__parameterized2 has unconnected port WR_DATA_COUNT_I[4]
WARNING: [Synth 8-3331] design output_blk__parameterized2 has unconnected port WR_DATA_COUNT_I[3]
WARNING: [Synth 8-3331] design output_blk__parameterized2 has unconnected port WR_DATA_COUNT_I[2]
WARNING: [Synth 8-3331] design output_blk__parameterized2 has unconnected port WR_DATA_COUNT_I[1]
WARNING: [Synth 8-3331] design output_blk__parameterized2 has unconnected port WR_DATA_COUNT_I[0]
WARNING: [Synth 8-3331] design output_blk__parameterized2 has unconnected port RD_DATA_COUNT_I[4]
WARNING: [Synth 8-3331] design output_blk__parameterized2 has unconnected port RD_DATA_COUNT_I[3]
WARNING: [Synth 8-3331] design output_blk__parameterized2 has unconnected port RD_DATA_COUNT_I[2]
WARNING: [Synth 8-3331] design output_blk__parameterized2 has unconnected port RD_DATA_COUNT_I[1]
WARNING: [Synth 8-3331] design output_blk__parameterized2 has unconnected port RD_DATA_COUNT_I[0]
WARNING: [Synth 8-3331] design output_blk__parameterized2 has unconnected port SBITERR_I
WARNING: [Synth 8-3331] design output_blk__parameterized2 has unconnected port DBITERR_I
WARNING: [Synth 8-3331] design wr_status_flags_as has unconnected port WR_RST
WARNING: [Synth 8-3331] design wr_status_flags_as has unconnected port SRST
WARNING: [Synth 8-3331] design wr_status_flags_as has unconnected port SAFETY_CKT_WR_RST
WARNING: [Synth 8-3331] design wr_status_flags_as has unconnected port WR_PNTR_PLUS3[3]
WARNING: [Synth 8-3331] design wr_status_flags_as has unconnected port WR_PNTR_PLUS3[2]
WARNING: [Synth 8-3331] design wr_status_flags_as has unconnected port WR_PNTR_PLUS3[1]
WARNING: [Synth 8-3331] design wr_status_flags_as has unconnected port WR_PNTR_PLUS3[0]
WARNING: [Synth 8-3331] design wr_bin_cntr has unconnected port SRST
WARNING: [Synth 8-3331] design wr_logic has unconnected port WR_EN_INTO_LOGIC
WARNING: [Synth 8-3331] design wr_logic has unconnected port WR_RST_INTO_LOGIC
WARNING: [Synth 8-3331] design wr_logic has unconnected port RD_EN
WARNING: [Synth 8-3331] design wr_logic has unconnected port SRST_FULL_FF
WARNING: [Synth 8-3331] design wr_logic has unconnected port WR_RST_BUSY
WARNING: [Synth 8-3331] design wr_logic has unconnected port EMPTY
WARNING: [Synth 8-3331] design wr_logic has unconnected port RAM_RD_EN
WARNING: [Synth 8-3331] design wr_logic has unconnected port ALMOST_EMPTY
WARNING: [Synth 8-3331] design wr_logic has unconnected port PROG_FULL_THRESH[3]
WARNING: [Synth 8-3331] design wr_logic has unconnected port PROG_FULL_THRESH[2]
WARNING: [Synth 8-3331] design wr_logic has unconnected port PROG_FULL_THRESH[1]
WARNING: [Synth 8-3331] design wr_logic has unconnected port PROG_FULL_THRESH[0]
WARNING: [Synth 8-3331] design wr_logic has unconnected port PROG_FULL_THRESH_ASSERT[3]
WARNING: [Synth 8-3331] design wr_logic has unconnected port PROG_FULL_THRESH_ASSERT[2]
WARNING: [Synth 8-3331] design wr_logic has unconnected port PROG_FULL_THRESH_ASSERT[1]
WARNING: [Synth 8-3331] design wr_logic has unconnected port PROG_FULL_THRESH_ASSERT[0]
WARNING: [Synth 8-3331] design wr_logic has unconnected port PROG_FULL_THRESH_NEGATE[3]
WARNING: [Synth 8-3331] design wr_logic has unconnected port PROG_FULL_THRESH_NEGATE[2]
WARNING: [Synth 8-3331] design wr_logic has unconnected port PROG_FULL_THRESH_NEGATE[1]
WARNING: [Synth 8-3331] design wr_logic has unconnected port PROG_FULL_THRESH_NEGATE[0]
WARNING: [Synth 8-3331] design rd_fwft has unconnected port SRST
WARNING: [Synth 8-3331] design rd_fwft has unconnected port SAFETY_CKT_RD_RST
WARNING: [Synth 8-3331] design rd_fwft has unconnected port RAM_ALMOST_EMPTY
WARNING: [Synth 8-3331] design rd_status_flags_as has unconnected port SRST
WARNING: [Synth 8-3331] design rd_status_flags_as has unconnected port SAFETY_CKT_RD_RST
WARNING: [Synth 8-3331] design rd_status_flags_as has unconnected port RD_PNTR_PLUS2[3]
WARNING: [Synth 8-3331] design rd_status_flags_as has unconnected port RD_PNTR_PLUS2[2]
WARNING: [Synth 8-3331] design rd_status_flags_as has unconnected port RD_PNTR_PLUS2[1]
WARNING: [Synth 8-3331] design rd_status_flags_as has unconnected port RD_PNTR_PLUS2[0]
WARNING: [Synth 8-3331] design rd_bin_cntr has unconnected port SRST
WARNING: [Synth 8-3331] design rd_logic has unconnected port RD_EN_INTO_LOGIC
WARNING: [Synth 8-3331] design rd_logic has unconnected port RD_RST_INTO_LOGIC
WARNING: [Synth 8-3331] design rd_logic has unconnected port RD_RST_BUSY
WARNING: [Synth 8-3331] design rd_logic has unconnected port RAM_WR_EN
WARNING: [Synth 8-3331] design rd_logic has unconnected port RST_FULL_FF
WARNING: [Synth 8-3331] design rd_logic has unconnected port ALMOST_FULL_FB
WARNING: [Synth 8-3331] design rd_logic has unconnected port FULL
WARNING: [Synth 8-3331] design rd_logic has unconnected port WR_PNTR_PLUS1_RD[3]
WARNING: [Synth 8-3331] design rd_logic has unconnected port WR_PNTR_PLUS1_RD[2]
WARNING: [Synth 8-3331] design rd_logic has unconnected port WR_PNTR_PLUS1_RD[1]
WARNING: [Synth 8-3331] design rd_logic has unconnected port WR_PNTR_PLUS1_RD[0]
WARNING: [Synth 8-3331] design rd_logic has unconnected port PROG_EMPTY_THRESH[3]
WARNING: [Synth 8-3331] design rd_logic has unconnected port PROG_EMPTY_THRESH[2]
WARNING: [Synth 8-3331] design rd_logic has unconnected port PROG_EMPTY_THRESH[1]
WARNING: [Synth 8-3331] design rd_logic has unconnected port PROG_EMPTY_THRESH[0]
WARNING: [Synth 8-3331] design rd_logic has unconnected port PROG_EMPTY_THRESH_ASSERT[3]
WARNING: [Synth 8-3331] design rd_logic has unconnected port PROG_EMPTY_THRESH_ASSERT[2]
WARNING: [Synth 8-3331] design rd_logic has unconnected port PROG_EMPTY_THRESH_ASSERT[1]
WARNING: [Synth 8-3331] design rd_logic has unconnected port PROG_EMPTY_THRESH_ASSERT[0]
WARNING: [Synth 8-3331] design rd_logic has unconnected port PROG_EMPTY_THRESH_NEGATE[3]
WARNING: [Synth 8-3331] design rd_logic has unconnected port PROG_EMPTY_THRESH_NEGATE[2]
WARNING: [Synth 8-3331] design rd_logic has unconnected port PROG_EMPTY_THRESH_NEGATE[1]
WARNING: [Synth 8-3331] design rd_logic has unconnected port PROG_EMPTY_THRESH_NEGATE[0]
WARNING: [Synth 8-3331] design clk_x_pntrs has unconnected port WR_RST
WARNING: [Synth 8-3331] design clk_x_pntrs has unconnected port RD_RST
WARNING: [Synth 8-3331] design dmem__parameterized2 has unconnected port SRST
WARNING: [Synth 8-3331] design memory__parameterized2 has unconnected port FAB_REGOUT_EN
WARNING: [Synth 8-3331] design memory__parameterized2 has unconnected port SFT_RST
WARNING: [Synth 8-3331] design memory__parameterized2 has unconnected port SRST
WARNING: [Synth 8-3331] design memory__parameterized2 has unconnected port SAFETY_CKT_RD_RST
WARNING: [Synth 8-3331] design memory__parameterized2 has unconnected port SLEEP
WARNING: [Synth 8-3331] design memory__parameterized2 has unconnected port INJECTDBITERR
WARNING: [Synth 8-3331] design memory__parameterized2 has unconnected port INJECTSBITERR
WARNING: [Synth 8-3331] design input_blk__parameterized2 has unconnected port CLK
WARNING: [Synth 8-3331] design input_blk__parameterized2 has unconnected port INT_CLK
WARNING: [Synth 8-3331] design input_blk__parameterized2 has unconnected port PROG_EMPTY_THRESH[3]
WARNING: [Synth 8-3331] design input_blk__parameterized2 has unconnected port PROG_EMPTY_THRESH[2]
INFO: [Common 17-14] Message 'Synth 8-3331' appears 100 times and further instances of the messages will be disabled. Use the Tcl command set_msg_config to change the current settings.
TclStackFree: incorrect freePtr. Call out of sequence?
[Sun May 11 10:29:18 2025] axi_clock_converter_synth_1 finished
WARNING: [Vivado 12-8222] Failed run(s) : 'axi_clock_converter_synth_1'
[Sun May 11 10:29:18 2025] Waiting for unsigned_mult_synth_1 to finish...

*** Running vivado
    with args -log unsigned_mult.vds -m64 -product Vivado -mode batch -messageDb vivado.pb -notrace -source unsigned_mult.tcl


****** Vivado v2019.2 (64-bit)
  **** SW Build 2708876 on Wed Nov  6 21:40:23 MST 2019
  **** IP Build 2700528 on Thu Nov  7 00:09:20 MST 2019
    ** Copyright 1986-2019 Xilinx, Inc. All Rights Reserved.

source unsigned_mult.tcl -notrace
create_project: Time (s): cpu = 00:00:05 ; elapsed = 00:00:05 . Memory (MB): peak = 439.031 ; gain = 157.703
Command: synth_design -top unsigned_mult -part xc7a200tfbg676-2 -mode out_of_context
Starting synth_design
Attempting to get a license for feature 'Synthesis' and/or device 'xc7a200t'
INFO: [Common 17-349] Got license for feature 'Synthesis' and/or device 'xc7a200t'
INFO: [Device 21-403] Loading part xc7a200tfbg676-2
INFO: Launching helper process for spawning children vivado processes
INFO: Helper process launched with PID 20164 
---------------------------------------------------------------------------------
Starting RTL Elaboration : Time (s): cpu = 00:00:08 ; elapsed = 00:00:09 . Memory (MB): peak = 1025.719 ; gain = 234.836
---------------------------------------------------------------------------------
INFO: [Synth 8-638] synthesizing module 'unsigned_mult' [c:/Users/HP/OneDrive/桌面/stu/计组/组成与结构实验5/cache实验基础代码/cache_lab_v0.05/soc_axi_lite_loongson/rtl/xilinx_ip/unsigned_mult/synth/unsigned_mult.vhd:70]
WARNING: [Synth 8-5640] Port 'zero_detect' is missing in component declaration [c:/Users/HP/OneDrive/桌面/stu/计组/组成与结构实验5/cache实验基础代码/cache_lab_v0.05/soc_axi_lite_loongson/rtl/xilinx_ip/unsigned_mult/synth/unsigned_mult.vhd:73]
WARNING: [Synth 8-5640] Port 'pcasc' is missing in component declaration [c:/Users/HP/OneDrive/桌面/stu/计组/组成与结构实验5/cache实验基础代码/cache_lab_v0.05/soc_axi_lite_loongson/rtl/xilinx_ip/unsigned_mult/synth/unsigned_mult.vhd:73]
	Parameter C_VERBOSITY bound to: 0 - type: integer 
	Parameter C_MODEL_TYPE bound to: 0 - type: integer 
	Parameter C_OPTIMIZE_GOAL bound to: 1 - type: integer 
	Parameter C_XDEVICEFAMILY bound to: artix7 - type: string 
	Parameter C_HAS_CE bound to: 1 - type: integer 
	Parameter C_HAS_SCLR bound to: 1 - type: integer 
	Parameter C_LATENCY bound to: 8 - type: integer 
	Parameter C_A_WIDTH bound to: 32 - type: integer 
	Parameter C_A_TYPE bound to: 1 - type: integer 
	Parameter C_B_WIDTH bound to: 32 - type: integer 
	Parameter C_B_TYPE bound to: 1 - type: integer 
	Parameter C_OUT_HIGH bound to: 63 - type: integer 
	Parameter C_OUT_LOW bound to: 0 - type: integer 
	Parameter C_MULT_TYPE bound to: 1 - type: integer 
	Parameter C_CE_OVERRIDES_SCLR bound to: 0 - type: integer 
	Parameter C_CCM_IMP bound to: 0 - type: integer 
	Parameter C_B_VALUE bound to: 10000001 - type: string 
	Parameter C_HAS_ZERO_DETECT bound to: 0 - type: integer 
	Parameter C_ROUND_OUTPUT bound to: 0 - type: integer 
	Parameter C_ROUND_PT bound to: 0 - type: integer 
INFO: [Synth 8-3491] module 'mult_gen_v12_0_16' declared at 'c:/Users/HP/OneDrive/桌面/stu/计组/组成与结构实验5/cache实验基础代码/cache_lab_v0.05/soc_axi_lite_loongson/rtl/xilinx_ip/unsigned_mult/hdl/mult_gen_v12_0_vh_rfs.vhd:21013' bound to instance 'U0' of component 'mult_gen_v12_0_16' [c:/Users/HP/OneDrive/桌面/stu/计组/组成与结构实验5/cache实验基础代码/cache_lab_v0.05/soc_axi_lite_loongson/rtl/xilinx_ip/unsigned_mult/synth/unsigned_mult.vhd:126]
INFO: [Synth 8-256] done synthesizing module 'unsigned_mult' (6#1) [c:/Users/HP/OneDrive/桌面/stu/计组/组成与结构实验5/cache实验基础代码/cache_lab_v0.05/soc_axi_lite_loongson/rtl/xilinx_ip/unsigned_mult/synth/unsigned_mult.vhd:70]
WARNING: [Synth 8-3331] design delay_line__parameterized3 has unconnected port CLK
WARNING: [Synth 8-3331] design delay_line__parameterized3 has unconnected port CE
WARNING: [Synth 8-3331] design delay_line__parameterized3 has unconnected port SCLR
WARNING: [Synth 8-3331] design delay_line has unconnected port CLK
WARNING: [Synth 8-3331] design delay_line has unconnected port CE
WARNING: [Synth 8-3331] design delay_line has unconnected port SCLR
WARNING: [Synth 8-3331] design delay_line__parameterized0 has unconnected port CLK
WARNING: [Synth 8-3331] design delay_line__parameterized0 has unconnected port CE
WARNING: [Synth 8-3331] design delay_line__parameterized0 has unconnected port SCLR
WARNING: [Synth 8-3331] design dsp has unconnected port D_PORT[24]
WARNING: [Synth 8-3331] design dsp has unconnected port D_PORT[23]
WARNING: [Synth 8-3331] design dsp has unconnected port D_PORT[22]
WARNING: [Synth 8-3331] design dsp has unconnected port D_PORT[21]
WARNING: [Synth 8-3331] design dsp has unconnected port D_PORT[20]
WARNING: [Synth 8-3331] design dsp has unconnected port D_PORT[19]
WARNING: [Synth 8-3331] design dsp has unconnected port D_PORT[18]
WARNING: [Synth 8-3331] design dsp has unconnected port D_PORT[17]
WARNING: [Synth 8-3331] design dsp has unconnected port D_PORT[16]
WARNING: [Synth 8-3331] design dsp has unconnected port D_PORT[15]
WARNING: [Synth 8-3331] design dsp has unconnected port D_PORT[14]
WARNING: [Synth 8-3331] design dsp has unconnected port D_PORT[13]
WARNING: [Synth 8-3331] design dsp has unconnected port D_PORT[12]
WARNING: [Synth 8-3331] design dsp has unconnected port D_PORT[11]
WARNING: [Synth 8-3331] design dsp has unconnected port D_PORT[10]
WARNING: [Synth 8-3331] design dsp has unconnected port D_PORT[9]
WARNING: [Synth 8-3331] design dsp has unconnected port D_PORT[8]
WARNING: [Synth 8-3331] design dsp has unconnected port D_PORT[7]
WARNING: [Synth 8-3331] design dsp has unconnected port D_PORT[6]
WARNING: [Synth 8-3331] design dsp has unconnected port D_PORT[5]
WARNING: [Synth 8-3331] design dsp has unconnected port D_PORT[4]
WARNING: [Synth 8-3331] design dsp has unconnected port D_PORT[3]
WARNING: [Synth 8-3331] design dsp has unconnected port D_PORT[2]
WARNING: [Synth 8-3331] design dsp has unconnected port D_PORT[1]
WARNING: [Synth 8-3331] design dsp has unconnected port D_PORT[0]
WARNING: [Synth 8-3331] design dsp has unconnected port CARRY_IN
TclStackFree: incorrect freePtr. Call out of sequence?
[Sun May 11 10:29:19 2025] unsigned_mult_synth_1 finished
WARNING: [Vivado 12-8222] Failed run(s) : 'unsigned_mult_synth_1'
[Sun May 11 10:29:19 2025] Waiting for signed_mult_synth_1 to finish...
[Sun May 11 10:29:24 2025] Waiting for signed_mult_synth_1 to finish...
[Sun May 11 10:29:29 2025] Waiting for signed_mult_synth_1 to finish...
[Sun May 11 10:29:35 2025] Waiting for signed_mult_synth_1 to finish...
[Sun May 11 10:29:45 2025] Waiting for signed_mult_synth_1 to finish...
[Sun May 11 10:29:55 2025] Waiting for signed_mult_synth_1 to finish...

*** Running vivado
    with args -log signed_mult.vds -m64 -product Vivado -mode batch -messageDb vivado.pb -notrace -source signed_mult.tcl


****** Vivado v2019.2 (64-bit)
  **** SW Build 2708876 on Wed Nov  6 21:40:23 MST 2019
  **** IP Build 2700528 on Thu Nov  7 00:09:20 MST 2019
    ** Copyright 1986-2019 Xilinx, Inc. All Rights Reserved.

source signed_mult.tcl -notrace
create_project: Time (s): cpu = 00:00:04 ; elapsed = 00:00:05 . Memory (MB): peak = 438.453 ; gain = 157.910
Command: synth_design -top signed_mult -part xc7a200tfbg676-2 -mode out_of_context
Starting synth_design
Attempting to get a license for feature 'Synthesis' and/or device 'xc7a200t'
INFO: [Common 17-349] Got license for feature 'Synthesis' and/or device 'xc7a200t'
INFO: [Device 21-403] Loading part xc7a200tfbg676-2
INFO: Launching helper process for spawning children vivado processes
INFO: Helper process launched with PID 19944 
---------------------------------------------------------------------------------
Starting RTL Elaboration : Time (s): cpu = 00:00:08 ; elapsed = 00:00:09 . Memory (MB): peak = 1025.133 ; gain = 234.340
---------------------------------------------------------------------------------
INFO: [Synth 8-638] synthesizing module 'signed_mult' [c:/Users/HP/OneDrive/桌面/stu/计组/组成与结构实验5/cache实验基础代码/cache_lab_v0.05/soc_axi_lite_loongson/rtl/xilinx_ip/signed_mult/synth/signed_mult.vhd:70]
WARNING: [Synth 8-5640] Port 'zero_detect' is missing in component declaration [c:/Users/HP/OneDrive/桌面/stu/计组/组成与结构实验5/cache实验基础代码/cache_lab_v0.05/soc_axi_lite_loongson/rtl/xilinx_ip/signed_mult/synth/signed_mult.vhd:73]
WARNING: [Synth 8-5640] Port 'pcasc' is missing in component declaration [c:/Users/HP/OneDrive/桌面/stu/计组/组成与结构实验5/cache实验基础代码/cache_lab_v0.05/soc_axi_lite_loongson/rtl/xilinx_ip/signed_mult/synth/signed_mult.vhd:73]
	Parameter C_VERBOSITY bound to: 0 - type: integer 
	Parameter C_MODEL_TYPE bound to: 0 - type: integer 
	Parameter C_OPTIMIZE_GOAL bound to: 1 - type: integer 
	Parameter C_XDEVICEFAMILY bound to: artix7 - type: string 
	Parameter C_HAS_CE bound to: 1 - type: integer 
	Parameter C_HAS_SCLR bound to: 1 - type: integer 
	Parameter C_LATENCY bound to: 8 - type: integer 
	Parameter C_A_WIDTH bound to: 32 - type: integer 
	Parameter C_A_TYPE bound to: 0 - type: integer 
	Parameter C_B_WIDTH bound to: 32 - type: integer 
	Parameter C_B_TYPE bound to: 0 - type: integer 
	Parameter C_OUT_HIGH bound to: 63 - type: integer 
	Parameter C_OUT_LOW bound to: 0 - type: integer 
	Parameter C_MULT_TYPE bound to: 1 - type: integer 
	Parameter C_CE_OVERRIDES_SCLR bound to: 0 - type: integer 
	Parameter C_CCM_IMP bound to: 0 - type: integer 
	Parameter C_B_VALUE bound to: 10000001 - type: string 
	Parameter C_HAS_ZERO_DETECT bound to: 0 - type: integer 
	Parameter C_ROUND_OUTPUT bound to: 0 - type: integer 
	Parameter C_ROUND_PT bound to: 0 - type: integer 
INFO: [Synth 8-3491] module 'mult_gen_v12_0_16' declared at 'c:/Users/HP/OneDrive/桌面/stu/计组/组成与结构实验5/cache实验基础代码/cache_lab_v0.05/soc_axi_lite_loongson/rtl/xilinx_ip/signed_mult/hdl/mult_gen_v12_0_vh_rfs.vhd:21013' bound to instance 'U0' of component 'mult_gen_v12_0_16' [c:/Users/HP/OneDrive/桌面/stu/计组/组成与结构实验5/cache实验基础代码/cache_lab_v0.05/soc_axi_lite_loongson/rtl/xilinx_ip/signed_mult/synth/signed_mult.vhd:126]
INFO: [Synth 8-256] done synthesizing module 'signed_mult' (6#1) [c:/Users/HP/OneDrive/桌面/stu/计组/组成与结构实验5/cache实验基础代码/cache_lab_v0.05/soc_axi_lite_loongson/rtl/xilinx_ip/signed_mult/synth/signed_mult.vhd:70]
WARNING: [Synth 8-3331] design delay_line__parameterized3 has unconnected port CLK
WARNING: [Synth 8-3331] design delay_line__parameterized3 has unconnected port CE
WARNING: [Synth 8-3331] design delay_line__parameterized3 has unconnected port SCLR
WARNING: [Synth 8-3331] design delay_line has unconnected port CLK
WARNING: [Synth 8-3331] design delay_line has unconnected port CE
WARNING: [Synth 8-3331] design delay_line has unconnected port SCLR
WARNING: [Synth 8-3331] design delay_line__parameterized0 has unconnected port CLK
WARNING: [Synth 8-3331] design delay_line__parameterized0 has unconnected port CE
WARNING: [Synth 8-3331] design delay_line__parameterized0 has unconnected port SCLR
WARNING: [Synth 8-3331] design dsp has unconnected port D_PORT[24]
WARNING: [Synth 8-3331] design dsp has unconnected port D_PORT[23]
WARNING: [Synth 8-3331] design dsp has unconnected port D_PORT[22]
WARNING: [Synth 8-3331] design dsp has unconnected port D_PORT[21]
WARNING: [Synth 8-3331] design dsp has unconnected port D_PORT[20]
WARNING: [Synth 8-3331] design dsp has unconnected port D_PORT[19]
WARNING: [Synth 8-3331] design dsp has unconnected port D_PORT[18]
WARNING: [Synth 8-3331] design dsp has unconnected port D_PORT[17]
WARNING: [Synth 8-3331] design dsp has unconnected port D_PORT[16]
WARNING: [Synth 8-3331] design dsp has unconnected port D_PORT[15]
WARNING: [Synth 8-3331] design dsp has unconnected port D_PORT[14]
WARNING: [Synth 8-3331] design dsp has unconnected port D_PORT[13]
WARNING: [Synth 8-3331] design dsp has unconnected port D_PORT[12]
WARNING: [Synth 8-3331] design dsp has unconnected port D_PORT[11]
WARNING: [Synth 8-3331] design dsp has unconnected port D_PORT[10]
WARNING: [Synth 8-3331] design dsp has unconnected port D_PORT[9]
WARNING: [Synth 8-3331] design dsp has unconnected port D_PORT[8]
WARNING: [Synth 8-3331] design dsp has unconnected port D_PORT[7]
WARNING: [Synth 8-3331] design dsp has unconnected port D_PORT[6]
WARNING: [Synth 8-3331] design dsp has unconnected port D_PORT[5]
WARNING: [Synth 8-3331] design dsp has unconnected port D_PORT[4]
WARNING: [Synth 8-3331] design dsp has unconnected port D_PORT[3]
WARNING: [Synth 8-3331] design dsp has unconnected port D_PORT[2]
WARNING: [Synth 8-3331] design dsp has unconnected port D_PORT[1]
WARNING: [Synth 8-3331] design dsp has unconnected port D_PORT[0]
WARNING: [Synth 8-3331] design dsp has unconnected port CARRY_IN
TclStackFree: incorrect freePtr. Call out of sequence?
[Sun May 11 10:30:01 2025] signed_mult_synth_1 finished
WARNING: [Vivado 12-8222] Failed run(s) : 'signed_mult_synth_1'
wait_on_run: Time (s): cpu = 00:00:04 ; elapsed = 00:00:42 . Memory (MB): peak = 1177.145 ; gain = 0.000
launch_simulation
Command: launch_simulation 
INFO: [Vivado 12-5698] Checking validity of IPs in the design for the 'XSim' simulator...
INFO: [Vivado 12-5682] Launching behavioral simulation in 'C:/Users/HP/OneDrive/桌面/stu/计组/组成与结构实验5/cache实验基础代码/cache_lab_v0.05/soc_axi_lite_loongson/run_vivado/mycpu_prj1/mycpu.sim/sim_1/behav/xsim'
INFO: [Vivado 12-4795] Using compiled simulation libraries for IPs
INFO: [SIM-utils-51] Simulation object is 'sim_1'
INFO: [USF-XSim-7] Finding pre-compiled libraries...
INFO: [USF-XSim-11] File 'F:/vivado/Vivado/2019.2/data/xsim/xsim.ini' copied to run dir:'C:/Users/HP/OneDrive/桌面/stu/计组/组成与结构实验5/cache实验基础代码/cache_lab_v0.05/soc_axi_lite_loongson/run_vivado/mycpu_prj1/mycpu.sim/sim_1/behav/xsim'
INFO: [SIM-utils-54] Inspecting design source files for 'tb_top' in fileset 'sim_1'...
INFO: [SIM-utils-43] Exported 'C:/Users/HP/OneDrive/桌面/stu/计组/组成与结构实验5/cache实验基础代码/cache_lab_v0.05/soc_axi_lite_loongson/run_vivado/mycpu_prj1/mycpu.sim/sim_1/behav/xsim/axi_ram.coe'
INFO: [SIM-utils-43] Exported 'C:/Users/HP/OneDrive/桌面/stu/计组/组成与结构实验5/cache实验基础代码/cache_lab_v0.05/soc_axi_lite_loongson/run_vivado/mycpu_prj1/mycpu.sim/sim_1/behav/xsim/axi_ram.mif'
INFO: [USF-XSim-97] Finding global include files...
INFO: [USF-XSim-98] Fetching design files from 'sim_1'...
INFO: [USF-XSim-2] XSim::Compile design
INFO: [USF-XSim-61] Executing 'COMPILE and ANALYZE' step in 'C:/Users/HP/OneDrive/桌面/stu/计组/组成与结构实验5/cache实验基础代码/cache_lab_v0.05/soc_axi_lite_loongson/run_vivado/mycpu_prj1/mycpu.sim/sim_1/behav/xsim'
"xvlog --incr --relax -prj tb_top_vlog.prj"
INFO: [VRFC 10-2263] Analyzing Verilog file "C:/Users/HP/OneDrive/桌面/stu/计组/组成与结构实验5/cache实验基础代码/cache_lab_v0.05/soc_axi_lite_loongson/rtl/xilinx_ip/clk_pll/clk_pll_clk_wiz.v" into library xil_defaultlib
INFO: [VRFC 10-311] analyzing module clk_pll_clk_wiz
INFO: [VRFC 10-2263] Analyzing Verilog file "C:/Users/HP/OneDrive/桌面/stu/计组/组成与结构实验5/cache实验基础代码/cache_lab_v0.05/soc_axi_lite_loongson/rtl/xilinx_ip/clk_pll/clk_pll.v" into library xil_defaultlib
INFO: [VRFC 10-311] analyzing module clk_pll
INFO: [VRFC 10-2263] Analyzing Verilog file "C:/Users/HP/OneDrive/桌面/stu/计组/组成与结构实验5/cache实验基础代码/cache_lab_v0.05/soc_axi_lite_loongson/rtl/xilinx_ip/axi_ram/sim/axi_ram.v" into library xil_defaultlib
INFO: [VRFC 10-311] analyzing module axi_ram
INFO: [VRFC 10-2263] Analyzing Verilog file "C:/Users/HP/OneDrive/桌面/stu/计组/组成与结构实验5/cache实验基础代码/cache_lab_v0.05/soc_axi_lite_loongson/rtl/xilinx_ip/axi_crossbar_1x2/sim/axi_crossbar_1x2.v" into library xil_defaultlib
INFO: [VRFC 10-311] analyzing module axi_crossbar_1x2
INFO: [VRFC 10-2263] Analyzing Verilog file "C:/Users/HP/OneDrive/桌面/stu/计组/组成与结构实验5/cache实验基础代码/cache_lab_v0.05/soc_axi_lite_loongson/rtl/xilinx_ip/axi_clock_converter/sim/axi_clock_converter.v" into library xil_defaultlib
INFO: [VRFC 10-311] analyzing module axi_clock_converter
INFO: [VRFC 10-2263] Analyzing Verilog file "C:/Users/HP/OneDrive/桌面/stu/计组/组成与结构实验5/cache实验基础代码/cache_lab_v0.05/soc_axi_lite_loongson/rtl/myCPU/EX/alu.v" into library xil_defaultlib
INFO: [VRFC 10-311] analyzing module alu
INFO: [VRFC 10-2458] undeclared symbol alu_srl, assumed default net type wire [C:/Users/HP/OneDrive/桌面/stu/计组/组成与结构实验5/cache实验基础代码/cache_lab_v0.05/soc_axi_lite_loongson/rtl/myCPU/EX/alu.v:86]
INFO: [VRFC 10-2458] undeclared symbol alu_sra, assumed default net type wire [C:/Users/HP/OneDrive/桌面/stu/计组/组成与结构实验5/cache实验基础代码/cache_lab_v0.05/soc_axi_lite_loongson/rtl/myCPU/EX/alu.v:87]
INFO: [VRFC 10-2458] undeclared symbol alu_srl_sa, assumed default net type wire [C:/Users/HP/OneDrive/桌面/stu/计组/组成与结构实验5/cache实验基础代码/cache_lab_v0.05/soc_axi_lite_loongson/rtl/myCPU/EX/alu.v:88]
INFO: [VRFC 10-2458] undeclared symbol alu_sra_sa, assumed default net type wire [C:/Users/HP/OneDrive/桌面/stu/计组/组成与结构实验5/cache实验基础代码/cache_lab_v0.05/soc_axi_lite_loongson/rtl/myCPU/EX/alu.v:89]
INFO: [VRFC 10-2263] Analyzing Verilog file "C:/Users/HP/OneDrive/桌面/stu/计组/组成与结构实验5/cache实验基础代码/cache_lab_v0.05/soc_axi_lite_loongson/rtl/myCPU/alu_decoder.v" into library xil_defaultlib
INFO: [VRFC 10-311] analyzing module alu_decoder
INFO: [VRFC 10-2263] Analyzing Verilog file "C:/Users/HP/OneDrive/桌面/stu/计组/组成与结构实验5/cache实验基础代码/cache_lab_v0.05/soc_axi_lite_loongson/rtl/axi_wrap/axi_wrap.v" into library xil_defaultlib
INFO: [VRFC 10-311] analyzing module axi_wrap
INFO: [VRFC 10-2263] Analyzing Verilog file "C:/Users/HP/OneDrive/桌面/stu/计组/组成与结构实验5/cache实验基础代码/cache_lab_v0.05/soc_axi_lite_loongson/rtl/ram_wrap/axi_wrap_ram.v" into library xil_defaultlib
INFO: [VRFC 10-311] analyzing module axi_wrap_ram
INFO: [VRFC 10-2263] Analyzing Verilog file "C:/Users/HP/OneDrive/桌面/stu/计组/组成与结构实验5/cache实验基础代码/cache_lab_v0.05/soc_axi_lite_loongson/rtl/myCPU/EX/branch_judge.v" into library xil_defaultlib
INFO: [VRFC 10-311] analyzing module branch_judge
INFO: [VRFC 10-2263] Analyzing Verilog file "C:/Users/HP/OneDrive/桌面/stu/计组/组成与结构实验5/cache实验基础代码/cache_lab_v0.05/soc_axi_lite_loongson/rtl/myCPU/ID/branch_predict_1_sim_netlist.v" into library xil_defaultlib
INFO: [VRFC 10-311] analyzing module branch_predict_1
INFO: [VRFC 10-311] analyzing module branch_predict_1_branch_predict
INFO: [VRFC 10-2263] Analyzing Verilog file "C:/Users/HP/OneDrive/桌面/stu/计组/组成与结构实验5/cache实验基础代码/cache_lab_v0.05/soc_axi_lite_loongson/rtl/myCPU/bridge_1x2.v" into library xil_defaultlib
INFO: [VRFC 10-311] analyzing module bridge_1x2
INFO: [VRFC 10-2263] Analyzing Verilog file "C:/Users/HP/OneDrive/桌面/stu/计组/组成与结构实验5/cache实验基础代码/cache_lab_v0.05/soc_axi_lite_loongson/rtl/myCPU/bridge_2x1.v" into library xil_defaultlib
INFO: [VRFC 10-311] analyzing module bridge_2x1
INFO: [VRFC 10-2263] Analyzing Verilog file "C:/Users/HP/OneDrive/桌面/stu/计组/组成与结构实验5/cache实验基础代码/cache_lab_v0.05/soc_axi_lite_loongson/rtl/myCPU/cache.v" into library xil_defaultlib
INFO: [VRFC 10-311] analyzing module cache
INFO: [VRFC 10-2263] Analyzing Verilog file "C:/Users/HP/OneDrive/桌面/stu/计组/组成与结构实验5/cache实验基础代码/cache_lab_v0.05/soc_axi_lite_loongson/rtl/CONFREG/confreg.v" into library xil_defaultlib
INFO: [VRFC 10-311] analyzing module confreg
INFO: [VRFC 10-2263] Analyzing Verilog file "C:/Users/HP/OneDrive/桌面/stu/计组/组成与结构实验5/cache实验基础代码/cache_lab_v0.05/soc_axi_lite_loongson/rtl/myCPU/MEM/cp0_reg.v" into library xil_defaultlib
INFO: [VRFC 10-311] analyzing module cp0_reg
INFO: [VRFC 10-2263] Analyzing Verilog file "C:/Users/HP/OneDrive/桌面/stu/计组/组成与结构实验5/cache实验基础代码/cache_lab_v0.05/soc_axi_lite_loongson/rtl/myCPU/cpu_axi_interface.v" into library xil_defaultlib
INFO: [VRFC 10-311] analyzing module cpu_axi_interface
INFO: [VRFC 10-2263] Analyzing Verilog file "C:/Users/HP/OneDrive/桌面/stu/计组/组成与结构实验5/cache实验基础代码/cache_lab_v0.05/soc_axi_lite_loongson/rtl/myCPU/d_cache.v" into library xil_defaultlib
INFO: [VRFC 10-311] analyzing module d_cache
INFO: [VRFC 10-2263] Analyzing Verilog file "C:/Users/HP/OneDrive/桌面/stu/计组/组成与结构实验5/cache实验基础代码/cache_lab_v0.05/soc_axi_lite_loongson/rtl/myCPU/d_sram_to_sram_like.v" into library xil_defaultlib
INFO: [VRFC 10-311] analyzing module d_sram_to_sram_like
INFO: [VRFC 10-2263] Analyzing Verilog file "C:/Users/HP/OneDrive/桌面/stu/计组/组成与结构实验5/cache实验基础代码/cache_lab_v0.05/soc_axi_lite_loongson/rtl/myCPU/datapath.v" into library xil_defaultlib
INFO: [VRFC 10-311] analyzing module datapath
INFO: [VRFC 10-2458] undeclared symbol stallF, assumed default net type wire [C:/Users/HP/OneDrive/桌面/stu/计组/组成与结构实验5/cache实验基础代码/cache_lab_v0.05/soc_axi_lite_loongson/rtl/myCPU/datapath.v:243]
INFO: [VRFC 10-2458] undeclared symbol stallM, assumed default net type wire [C:/Users/HP/OneDrive/桌面/stu/计组/组成与结构实验5/cache实验基础代码/cache_lab_v0.05/soc_axi_lite_loongson/rtl/myCPU/datapath.v:243]
INFO: [VRFC 10-2458] undeclared symbol mem_read_enE, assumed default net type wire [C:/Users/HP/OneDrive/桌面/stu/计组/组成与结构实验5/cache实验基础代码/cache_lab_v0.05/soc_axi_lite_loongson/rtl/myCPU/datapath.v:428]
INFO: [VRFC 10-2458] undeclared symbol mem_write_enE, assumed default net type wire [C:/Users/HP/OneDrive/桌面/stu/计组/组成与结构实验5/cache实验基础代码/cache_lab_v0.05/soc_axi_lite_loongson/rtl/myCPU/datapath.v:429]
INFO: [VRFC 10-2458] undeclared symbol mem_addrE, assumed default net type wire [C:/Users/HP/OneDrive/桌面/stu/计组/组成与结构实验5/cache实验基础代码/cache_lab_v0.05/soc_axi_lite_loongson/rtl/myCPU/datapath.v:462]
INFO: [VRFC 10-2263] Analyzing Verilog file "C:/Users/HP/OneDrive/桌面/stu/计组/组成与结构实验5/cache实验基础代码/cache_lab_v0.05/soc_axi_lite_loongson/rtl/myCPU/EX/div_radix2.v" into library xil_defaultlib
INFO: [VRFC 10-311] analyzing module div_radix2
INFO: [VRFC 10-2263] Analyzing Verilog file "C:/Users/HP/OneDrive/桌面/stu/计组/组成与结构实验5/cache实验基础代码/cache_lab_v0.05/soc_axi_lite_loongson/rtl/myCPU/PIPE/ex_mem.v" into library xil_defaultlib
INFO: [VRFC 10-311] analyzing module ex_mem
INFO: [VRFC 10-2263] Analyzing Verilog file "C:/Users/HP/OneDrive/桌面/stu/计组/组成与结构实验5/cache实验基础代码/cache_lab_v0.05/soc_axi_lite_loongson/rtl/myCPU/MEM/exception.v" into library xil_defaultlib
INFO: [VRFC 10-311] analyzing module exception
INFO: [VRFC 10-2263] Analyzing Verilog file "C:/Users/HP/OneDrive/桌面/stu/计组/组成与结构实验5/cache实验基础代码/cache_lab_v0.05/soc_axi_lite_loongson/rtl/myCPU/hazard.v" into library xil_defaultlib
INFO: [VRFC 10-311] analyzing module hazard
INFO: [VRFC 10-2263] Analyzing Verilog file "C:/Users/HP/OneDrive/桌面/stu/计组/组成与结构实验5/cache实验基础代码/cache_lab_v0.05/soc_axi_lite_loongson/rtl/myCPU/MEM/hilo_reg.v" into library xil_defaultlib
INFO: [VRFC 10-311] analyzing module hilo_reg
INFO: [VRFC 10-2263] Analyzing Verilog file "C:/Users/HP/OneDrive/桌面/stu/计组/组成与结构实验5/cache实验基础代码/cache_lab_v0.05/soc_axi_lite_loongson/rtl/myCPU/i_cache.v" into library xil_defaultlib
INFO: [VRFC 10-311] analyzing module i_cache
INFO: [VRFC 10-2263] Analyzing Verilog file "C:/Users/HP/OneDrive/桌面/stu/计组/组成与结构实验5/cache实验基础代码/cache_lab_v0.05/soc_axi_lite_loongson/rtl/myCPU/i_sram_to_sram_like.v" into library xil_defaultlib
INFO: [VRFC 10-311] analyzing module i_sram_to_sram_like
INFO: [VRFC 10-2263] Analyzing Verilog file "C:/Users/HP/OneDrive/桌面/stu/计组/组成与结构实验5/cache实验基础代码/cache_lab_v0.05/soc_axi_lite_loongson/rtl/myCPU/PIPE/id_ex.v" into library xil_defaultlib
INFO: [VRFC 10-311] analyzing module id_ex
INFO: [VRFC 10-2263] Analyzing Verilog file "C:/Users/HP/OneDrive/桌面/stu/计组/组成与结构实验5/cache实验基础代码/cache_lab_v0.05/soc_axi_lite_loongson/rtl/myCPU/PIPE/if_id.v" into library xil_defaultlib
INFO: [VRFC 10-311] analyzing module if_id
INFO: [VRFC 10-2263] Analyzing Verilog file "C:/Users/HP/OneDrive/桌面/stu/计组/组成与结构实验5/cache实验基础代码/cache_lab_v0.05/soc_axi_lite_loongson/rtl/myCPU/ID/imm_ext.v" into library xil_defaultlib
INFO: [VRFC 10-311] analyzing module imm_ext
INFO: [VRFC 10-2263] Analyzing Verilog file "C:/Users/HP/OneDrive/桌面/stu/计组/组成与结构实验5/cache实验基础代码/cache_lab_v0.05/soc_axi_lite_loongson/rtl/myCPU/utils/inst_ascii_decoder.v" into library xil_defaultlib
INFO: [VRFC 10-311] analyzing module inst_ascii_decoder
INFO: [VRFC 10-2263] Analyzing Verilog file "C:/Users/HP/OneDrive/桌面/stu/计组/组成与结构实验5/cache实验基础代码/cache_lab_v0.05/soc_axi_lite_loongson/rtl/myCPU/ID/jump_predict.v" into library xil_defaultlib
INFO: [VRFC 10-311] analyzing module jump_predict
INFO: [VRFC 10-2263] Analyzing Verilog file "C:/Users/HP/OneDrive/桌面/stu/计组/组成与结构实验5/cache实验基础代码/cache_lab_v0.05/soc_axi_lite_loongson/rtl/myCPU/main_decoder.v" into library xil_defaultlib
INFO: [VRFC 10-311] analyzing module main_decoder
INFO: [VRFC 10-2263] Analyzing Verilog file "C:/Users/HP/OneDrive/桌面/stu/计组/组成与结构实验5/cache实验基础代码/cache_lab_v0.05/soc_axi_lite_loongson/rtl/myCPU/MEM/mem_ctrl.v" into library xil_defaultlib
INFO: [VRFC 10-311] analyzing module mem_ctrl
INFO: [VRFC 10-2263] Analyzing Verilog file "C:/Users/HP/OneDrive/桌面/stu/计组/组成与结构实验5/cache实验基础代码/cache_lab_v0.05/soc_axi_lite_loongson/rtl/myCPU/PIPE/mem_wb.v" into library xil_defaultlib
INFO: [VRFC 10-311] analyzing module mem_wb
INFO: [VRFC 10-2263] Analyzing Verilog file "C:/Users/HP/OneDrive/桌面/stu/计组/组成与结构实验5/cache实验基础代码/cache_lab_v0.05/soc_axi_lite_loongson/rtl/myCPU/mips_core.v" into library xil_defaultlib
INFO: [VRFC 10-311] analyzing module mips_core
INFO: [VRFC 10-2263] Analyzing Verilog file "C:/Users/HP/OneDrive/桌面/stu/计组/组成与结构实验5/cache实验基础代码/cache_lab_v0.05/soc_axi_lite_loongson/rtl/myCPU/mmu.v" into library xil_defaultlib
INFO: [VRFC 10-311] analyzing module mmu
INFO: [VRFC 10-2263] Analyzing Verilog file "C:/Users/HP/OneDrive/桌面/stu/计组/组成与结构实验5/cache实验基础代码/cache_lab_v0.05/soc_axi_lite_loongson/rtl/myCPU/utils/mux4.v" into library xil_defaultlib
INFO: [VRFC 10-311] analyzing module mux4
INFO: [VRFC 10-2263] Analyzing Verilog file "C:/Users/HP/OneDrive/桌面/stu/计组/组成与结构实验5/cache实验基础代码/cache_lab_v0.05/soc_axi_lite_loongson/rtl/myCPU/utils/mux8.v" into library xil_defaultlib
INFO: [VRFC 10-311] analyzing module mux8
INFO: [VRFC 10-2263] Analyzing Verilog file "C:/Users/HP/OneDrive/桌面/stu/计组/组成与结构实验5/cache实验基础代码/cache_lab_v0.05/soc_axi_lite_loongson/rtl/myCPU/mycpu_top.v" into library xil_defaultlib
INFO: [VRFC 10-311] analyzing module mycpu_top
INFO: [VRFC 10-2263] Analyzing Verilog file "C:/Users/HP/OneDrive/桌面/stu/计组/组成与结构实验5/cache实验基础代码/cache_lab_v0.05/soc_axi_lite_loongson/rtl/myCPU/IF/pc_ctrl_1_sim_netlist.v" into library xil_defaultlib
INFO: [VRFC 10-311] analyzing module pc_ctrl_1
INFO: [VRFC 10-2263] Analyzing Verilog file "C:/Users/HP/OneDrive/桌面/stu/计组/组成与结构实验5/cache实验基础代码/cache_lab_v0.05/soc_axi_lite_loongson/rtl/myCPU/IF/pc_reg.v" into library xil_defaultlib
INFO: [VRFC 10-311] analyzing module pc_reg
INFO: [VRFC 10-2263] Analyzing Verilog file "C:/Users/HP/OneDrive/桌面/stu/计组/组成与结构实验5/cache实验基础代码/cache_lab_v0.05/soc_axi_lite_loongson/rtl/myCPU/ID/regfile.v" into library xil_defaultlib
INFO: [VRFC 10-311] analyzing module regfile
INFO: [VRFC 10-2263] Analyzing Verilog file "C:/Users/HP/OneDrive/桌面/stu/计组/组成与结构实验5/cache实验基础代码/cache_lab_v0.05/soc_axi_lite_loongson/rtl/soc_axi_lite_top.v" into library xil_defaultlib
INFO: [VRFC 10-311] analyzing module soc_axi_lite_top
INFO: [VRFC 10-2263] Analyzing Verilog file "C:/Users/HP/OneDrive/桌面/stu/计组/组成与结构实验5/cache实验基础代码/cache_lab_v0.05/soc_axi_lite_loongson/testbench/mycpu_tb.v" into library xil_defaultlib
INFO: [VRFC 10-311] analyzing module tb_top
INFO: [VRFC 10-2263] Analyzing Verilog file "C:/Users/HP/OneDrive/桌面/stu/计组/组成与结构实验5/cache实验基础代码/cache_lab_v0.05/soc_axi_lite_loongson/run_vivado/mycpu_prj1/mycpu.sim/sim_1/behav/xsim/glbl.v" into library xil_defaultlib
INFO: [VRFC 10-311] analyzing module glbl
"xvhdl --incr --relax -prj tb_top_vhdl.prj"
INFO: [VRFC 10-163] Analyzing VHDL file "C:/Users/HP/OneDrive/桌面/stu/计组/组成与结构实验5/cache实验基础代码/cache_lab_v0.05/soc_axi_lite_loongson/rtl/xilinx_ip/unsigned_mult/sim/unsigned_mult.vhd" into library xil_defaultlib
INFO: [VRFC 10-3107] analyzing entity 'unsigned_mult'
INFO: [VRFC 10-163] Analyzing VHDL file "C:/Users/HP/OneDrive/桌面/stu/计组/组成与结构实验5/cache实验基础代码/cache_lab_v0.05/soc_axi_lite_loongson/rtl/xilinx_ip/signed_mult/sim/signed_mult.vhd" into library xil_defaultlib
INFO: [VRFC 10-3107] analyzing entity 'signed_mult'
run_program: Time (s): cpu = 00:00:01 ; elapsed = 00:00:16 . Memory (MB): peak = 1177.145 ; gain = 0.000
INFO: [USF-XSim-69] 'compile' step finished in '16' seconds
INFO: [USF-XSim-3] XSim::Elaborate design
INFO: [USF-XSim-61] Executing 'ELABORATE' step in 'C:/Users/HP/OneDrive/桌面/stu/计组/组成与结构实验5/cache实验基础代码/cache_lab_v0.05/soc_axi_lite_loongson/run_vivado/mycpu_prj1/mycpu.sim/sim_1/behav/xsim'
"xelab -wto 8de8692e6f7648c084645fde77f29b66 --incr --debug typical --relax --mt 2 -L xil_defaultlib -L blk_mem_gen_v8_4_4 -L generic_baseblocks_v2_1_0 -L axi_infrastructure_v1_1_0 -L axi_register_slice_v2_1_20 -L fifo_generator_v13_2_5 -L axi_data_fifo_v2_1_19 -L axi_crossbar_v2_1_21 -L axi_clock_converter_v2_1_19 -L xbip_utils_v3_0_10 -L xbip_pipe_v3_0_6 -L xbip_bram18k_v3_0_6 -L mult_gen_v12_0_16 -L unisims_ver -L unimacro_ver -L secureip -L xpm --snapshot tb_top_behav xil_defaultlib.tb_top xil_defaultlib.glbl -log elaborate.log"
Vivado Simulator 2019.2
Copyright 1986-1999, 2001-2019 Xilinx, Inc. All Rights Reserved.
Running: F:/vivado/Vivado/2019.2/bin/unwrapped/win64.o/xelab.exe -wto 8de8692e6f7648c084645fde77f29b66 --incr --debug typical --relax --mt 2 -L xil_defaultlib -L blk_mem_gen_v8_4_4 -L generic_baseblocks_v2_1_0 -L axi_infrastructure_v1_1_0 -L axi_register_slice_v2_1_20 -L fifo_generator_v13_2_5 -L axi_data_fifo_v2_1_19 -L axi_crossbar_v2_1_21 -L axi_clock_converter_v2_1_19 -L xbip_utils_v3_0_10 -L xbip_pipe_v3_0_6 -L xbip_bram18k_v3_0_6 -L mult_gen_v12_0_16 -L unisims_ver -L unimacro_ver -L secureip -L xpm --snapshot tb_top_behav xil_defaultlib.tb_top xil_defaultlib.glbl -log elaborate.log 
Using 2 slave threads.
Starting static elaboration
Pass Through NonSizing Optimizer
WARNING: [VRFC 10-3091] actual bit length 4 differs from formal bit length 8 for port 'arlen' [C:/Users/HP/OneDrive/桌面/stu/计组/组成与结构实验5/cache实验基础代码/cache_lab_v0.05/soc_axi_lite_loongson/rtl/soc_axi_lite_top.v:327]
WARNING: [VRFC 10-3091] actual bit length 4 differs from formal bit length 8 for port 'awlen' [C:/Users/HP/OneDrive/桌面/stu/计组/组成与结构实验5/cache实验基础代码/cache_lab_v0.05/soc_axi_lite_loongson/rtl/soc_axi_lite_top.v:345]
WARNING: [VRFC 10-3091] actual bit length 4 differs from formal bit length 8 for port 'arlen' [C:/Users/HP/OneDrive/桌面/stu/计组/组成与结构实验5/cache实验基础代码/cache_lab_v0.05/soc_axi_lite_loongson/rtl/soc_axi_lite_top.v:692]
WARNING: [VRFC 10-3091] actual bit length 4 differs from formal bit length 8 for port 'awlen' [C:/Users/HP/OneDrive/桌面/stu/计组/组成与结构实验5/cache实验基础代码/cache_lab_v0.05/soc_axi_lite_loongson/rtl/soc_axi_lite_top.v:708]
WARNING: [VRFC 10-5021] port 'aclk2x' is not connected on this instance [/wrk/2019.2/continuous/2019_11_06_2708876/packages/customer/vivado/data/ip/xilinx/axi_crossbar_v2_1/hdl/axi_crossbar_v2_1_vl_rfs.v:3103]
Completed static elaboration
Starting simulation data flow analysis
Completed simulation data flow analysis
Time Resolution for simulation is 1ps
Compiling package std.standard
Compiling package std.textio
Compiling package ieee.std_logic_1164
Compiling package ieee.numeric_std
Compiling package mult_gen_v12_0_16.mult_gen_v12_0_16_viv_comp
Compiling package xbip_utils_v3_0_10.xbip_utils_v3_0_10_pkg
Compiling package mult_gen_v12_0_16.mult_gen_v12_0_16_pkg
Compiling package ieee.std_logic_arith
Compiling package ieee.std_logic_signed
Compiling package unisim.vcomponents
Compiling package mult_gen_v12_0_16.dsp_pkg
Compiling package ieee.vital_timing
Compiling package ieee.vital_primitives
Compiling package unisim.vpkg
Compiling module xil_defaultlib.main_decoder
Compiling module xil_defaultlib.alu_decoder
Compiling module xil_defaultlib.hazard
Compiling module unisims_ver.LUT6
Compiling module unisims_ver.LUT4
Compiling module unisims_ver.x_lut3_mux8
Compiling module unisims_ver.LUT3
Compiling module xil_defaultlib.pc_ctrl_1
Compiling module xil_defaultlib.mux8
Compiling module xil_defaultlib.pc_reg
Compiling module xil_defaultlib.if_id
Compiling module xil_defaultlib.inst_ascii_decoder
Compiling module xil_defaultlib.imm_ext
Compiling module xil_defaultlib.regfile
Compiling module unisims_ver.LUT5
Compiling module unisims_ver.x_lut2_mux4
Compiling module unisims_ver.LUT2
Compiling module unisims_ver.FDRE_default
Compiling module unisims_ver.MUXF7
Compiling module unisims_ver.MUXF8
Compiling module unisims_ver.FDSE_default
Compiling module xil_defaultlib.branch_predict_1_branch_predict
Compiling module xil_defaultlib.branch_predict_1
Compiling module xil_defaultlib.jump_predict
Compiling module xil_defaultlib.id_ex
Compiling module xil_defaultlib.div_radix2
Compiling architecture xilinx of entity mult_gen_v12_0_16.delay_line [\delay_line(c_xdevicefamily="art...]
Compiling architecture xilinx of entity mult_gen_v12_0_16.delay_line [\delay_line(c_xdevicefamily="art...]
Compiling architecture xilinx of entity mult_gen_v12_0_16.delay_line [\delay_line(c_xdevicefamily="art...]
Compiling architecture xilinx of entity mult_gen_v12_0_16.delay_line [\delay_line(c_xdevicefamily="art...]
Compiling architecture xilinx of entity mult_gen_v12_0_16.delay_line [\delay_line(c_xdevicefamily="art...]
Compiling architecture dsp48e1_v of entity unisim.DSP48E1 [\DSP48E1(alumodereg=0,carryinreg...]
Compiling architecture xilinx of entity mult_gen_v12_0_16.delay_line [\delay_line(c_xdevicefamily="art...]
Compiling architecture xilinx of entity mult_gen_v12_0_16.delay_line [\delay_line(c_xdevicefamily="art...]
Compiling architecture dsp48e1_v of entity unisim.DSP48E1 [\DSP48E1(a_input="CASCADE",bcasc...]
Compiling architecture dsp48e1_v of entity unisim.DSP48E1 [\DSP48E1(acascreg=2,areg=2,bcasc...]
Compiling architecture xilinx of entity mult_gen_v12_0_16.delay_line [\delay_line(c_xdevicefamily="art...]
Compiling architecture dsp48e1_v of entity unisim.DSP48E1 [\DSP48E1(acascreg=2,areg=2,a_inp...]
Compiling architecture xilinx of entity mult_gen_v12_0_16.delay_line [\delay_line(c_xdevicefamily="art...]
Compiling architecture xilinx of entity mult_gen_v12_0_16.op_resize [\op_resize(ai_width=32,bi_width=...]
Compiling architecture xilinx of entity mult_gen_v12_0_16.dsp [\dsp(c_xdevicefamily="artix7",c_...]
Compiling architecture xilinx of entity mult_gen_v12_0_16.mult_gen_v12_0_16_viv [\mult_gen_v12_0_16_viv(c_verbosi...]
Compiling architecture xilinx of entity mult_gen_v12_0_16.mult_gen_v12_0_16 [\mult_gen_v12_0_16(c_xdevicefami...]
Compiling architecture signed_mult_arch of entity xil_defaultlib.signed_mult [signed_mult_default]
Compiling architecture xilinx of entity mult_gen_v12_0_16.delay_line [\delay_line(c_xdevicefamily="art...]
Compiling architecture xilinx of entity mult_gen_v12_0_16.delay_line [\delay_line(c_xdevicefamily="art...]
Compiling architecture xilinx of entity mult_gen_v12_0_16.op_resize [\op_resize(ai_width=32,bi_width=...]
Compiling architecture xilinx of entity mult_gen_v12_0_16.dsp [\dsp(c_xdevicefamily="artix7",c_...]
Compiling architecture xilinx of entity mult_gen_v12_0_16.mult_gen_v12_0_16_viv [\mult_gen_v12_0_16_viv(c_verbosi...]
Compiling architecture xilinx of entity mult_gen_v12_0_16.mult_gen_v12_0_16 [\mult_gen_v12_0_16(c_xdevicefami...]
Compiling architecture unsigned_mult_arch of entity xil_defaultlib.unsigned_mult [unsigned_mult_default]
Compiling module xil_defaultlib.alu
Compiling module xil_defaultlib.mux4(WIDTH=5)
Compiling module xil_defaultlib.mux4
Compiling module xil_defaultlib.branch_judge
Compiling module xil_defaultlib.ex_mem
Compiling module xil_defaultlib.mem_ctrl
Compiling module xil_defaultlib.hilo_reg
Compiling module xil_defaultlib.exception
Compiling module xil_defaultlib.cp0_reg
Compiling module xil_defaultlib.mem_wb
Compiling module xil_defaultlib.datapath
Compiling module xil_defaultlib.i_sram_to_sram_like
Compiling module xil_defaultlib.d_sram_to_sram_like
Compiling module xil_defaultlib.mips_core
Compiling module xil_defaultlib.mmu
Compiling module xil_defaultlib.bridge_1x2
Compiling module xil_defaultlib.i_cache_default
Compiling module xil_defaultlib.d_cache_default
Compiling module xil_defaultlib.cache
Compiling module xil_defaultlib.bridge_2x1
Compiling module xil_defaultlib.cpu_axi_interface
Compiling module xil_defaultlib.mycpu_top
Compiling module xil_defaultlib.axi_wrap
Compiling module fifo_generator_v13_2_5.fifo_generator_v13_2_5_sync_stag...
Compiling module fifo_generator_v13_2_5.fifo_generator_v13_2_5_bhv_ver_a...
Compiling module fifo_generator_v13_2_5.fifo_generator_v13_2_5_bhv_ver_p...
Compiling module fifo_generator_v13_2_5.fifo_generator_v13_2_5_CONV_VER(...
Compiling module fifo_generator_v13_2_5.fifo_generator_vlog_beh(C_DATA_C...
Compiling module fifo_generator_v13_2_5.fifo_generator_v13_2_5_bhv_ver_a...
Compiling module fifo_generator_v13_2_5.fifo_generator_v13_2_5_bhv_ver_p...
Compiling module fifo_generator_v13_2_5.fifo_generator_v13_2_5_CONV_VER(...
Compiling module fifo_generator_v13_2_5.fifo_generator_vlog_beh(C_DATA_C...
Compiling module fifo_generator_v13_2_5.fifo_generator_v13_2_5_bhv_ver_a...
Compiling module fifo_generator_v13_2_5.fifo_generator_v13_2_5_bhv_ver_p...
Compiling module fifo_generator_v13_2_5.fifo_generator_v13_2_5_CONV_VER(...
Compiling module fifo_generator_v13_2_5.fifo_generator_vlog_beh(C_DATA_C...
Compiling module fifo_generator_v13_2_5.fifo_generator_vlog_beh(C_DATA_C...
Compiling module fifo_generator_v13_2_5.fifo_generator_v13_2_5_bhv_ver_a...
Compiling module fifo_generator_v13_2_5.fifo_generator_v13_2_5_bhv_ver_p...
Compiling module fifo_generator_v13_2_5.fifo_generator_v13_2_5_CONV_VER(...
Compiling module fifo_generator_v13_2_5.fifo_generator_vlog_beh(C_DATA_C...
Compiling module axi_clock_converter_v2_1_19.axi_clock_converter_v2_1_19_axi_...
Compiling module xil_defaultlib.axi_clock_converter
Compiling module generic_baseblocks_v2_1_0.generic_baseblocks_v2_1_0_carry_...
Compiling module generic_baseblocks_v2_1_0.generic_baseblocks_v2_1_0_compar...
Compiling module generic_baseblocks_v2_1_0.generic_baseblocks_v2_1_0_compar...
Compiling module generic_baseblocks_v2_1_0.generic_baseblocks_v2_1_0_compar...
Compiling module generic_baseblocks_v2_1_0.generic_baseblocks_v2_1_0_compar...
Compiling module generic_baseblocks_v2_1_0.generic_baseblocks_v2_1_0_compar...
Compiling module generic_baseblocks_v2_1_0.generic_baseblocks_v2_1_0_compar...
Compiling module axi_crossbar_v2_1_21.axi_crossbar_v2_1_21_addr_decode...
Compiling module axi_crossbar_v2_1_21.axi_crossbar_v2_1_21_arbiter_res...
Compiling module generic_baseblocks_v2_1_0.generic_baseblocks_v2_1_0_mux_en...
Compiling module unisims_ver.SRLC32E_default
Compiling module axi_data_fifo_v2_1_19.axi_data_fifo_v2_1_19_ndeep_srl(...
Compiling module axi_data_fifo_v2_1_19.axi_data_fifo_v2_1_19_axic_srl_f...
Compiling module axi_crossbar_v2_1_21.axi_crossbar_v2_1_21_si_transact...
Compiling module generic_baseblocks_v2_1_0.generic_baseblocks_v2_1_0_mux_en...
Compiling module axi_crossbar_v2_1_21.axi_crossbar_v2_1_21_si_transact...
Compiling module axi_crossbar_v2_1_21.axi_crossbar_v2_1_21_splitter
Compiling module axi_data_fifo_v2_1_19.axi_data_fifo_v2_1_19_ndeep_srl(...
Compiling module axi_data_fifo_v2_1_19.axi_data_fifo_v2_1_19_axic_reg_s...
Compiling module axi_crossbar_v2_1_21.axi_crossbar_v2_1_21_wdata_route...
Compiling module axi_crossbar_v2_1_21.axi_crossbar_v2_1_21_wdata_mux(C...
Compiling module axi_data_fifo_v2_1_19.axi_data_fifo_v2_1_19_axic_srl_f...
Compiling module axi_infrastructure_v1_1_0.axi_infrastructure_v1_1_0_axi2ve...
Compiling module axi_infrastructure_v1_1_0.axi_infrastructure_v1_1_0_vector...
Compiling module axi_register_slice_v2_1_20.axi_register_slice_v2_1_20_axic_...
Compiling module axi_register_slice_v2_1_20.axi_register_slice_v2_1_20_axic_...
Compiling module axi_register_slice_v2_1_20.axi_register_slice_v2_1_20_axic_...
Compiling module axi_register_slice_v2_1_20.axi_register_slice_v2_1_20_axic_...
Compiling module axi_register_slice_v2_1_20.axi_register_slice_v2_1_20_axi_r...
Compiling module axi_crossbar_v2_1_21.axi_crossbar_v2_1_21_wdata_mux(C...
Compiling module axi_data_fifo_v2_1_19.axi_data_fifo_v2_1_19_axic_srl_f...
Compiling module axi_crossbar_v2_1_21.axi_crossbar_v2_1_21_addr_arbite...
Compiling module axi_crossbar_v2_1_21.axi_crossbar_v2_1_21_decerr_slav...
Compiling module axi_crossbar_v2_1_21.axi_crossbar_v2_1_21_crossbar(C_...
Compiling module axi_crossbar_v2_1_21.axi_crossbar_v2_1_21_axi_crossba...
Compiling module xil_defaultlib.axi_crossbar_1x2
Compiling module blk_mem_gen_v8_4_4.beh_vlog_ff_clr_v8_4
Compiling module blk_mem_gen_v8_4_4.beh_vlog_ff_pre_v8_4
Compiling module blk_mem_gen_v8_4_4.STATE_LOGIC_v8_4(INIT=64'b010101...
Compiling module blk_mem_gen_v8_4_4.STATE_LOGIC_v8_4(INIT=64'b101111...
Compiling module blk_mem_gen_v8_4_4.STATE_LOGIC_v8_4(INIT=64'b101010...
Compiling module blk_mem_gen_v8_4_4.STATE_LOGIC_v8_4(INIT=64'b010101...
Compiling module blk_mem_gen_v8_4_4.STATE_LOGIC_v8_4(INIT=64'b010001...
Compiling module blk_mem_gen_v8_4_4.STATE_LOGIC_v8_4(INIT=64'b010001...
Compiling module blk_mem_gen_v8_4_4.STATE_LOGIC_v8_4(INIT=64'b011010...
Compiling module blk_mem_gen_v8_4_4.STATE_LOGIC_v8_4(INIT=64'b111111...
Compiling module blk_mem_gen_v8_4_4.STATE_LOGIC_v8_4(INIT=64'b011000...
Compiling module blk_mem_gen_v8_4_4.STATE_LOGIC_v8_4(INIT=64'b011111...
Compiling module blk_mem_gen_v8_4_4.STATE_LOGIC_v8_4(INIT=64'b0111)
Compiling module blk_mem_gen_v8_4_4.STATE_LOGIC_v8_4(INIT=64'b111110...
Compiling module blk_mem_gen_v8_4_4.STATE_LOGIC_v8_4(INIT=64'b01000)
Compiling module blk_mem_gen_v8_4_4.STATE_LOGIC_v8_4(INIT=64'b100010...
Compiling module blk_mem_gen_v8_4_4.write_netlist_v8_4(C_AXI_TYPE=1)
Compiling module blk_mem_gen_v8_4_4.blk_mem_axi_write_wrapper_beh_v8...
Compiling module blk_mem_gen_v8_4_4.beh_vlog_ff_ce_clr_v8_4
Compiling module blk_mem_gen_v8_4_4.STATE_LOGIC_v8_4(INIT=64'b01011)
Compiling module blk_mem_gen_v8_4_4.STATE_LOGIC_v8_4(INIT=64'b0100)
Compiling module blk_mem_gen_v8_4_4.STATE_LOGIC_v8_4(INIT=64'b111011...
Compiling module blk_mem_gen_v8_4_4.STATE_LOGIC_v8_4(INIT=64'b010001...
Compiling module blk_mem_gen_v8_4_4.STATE_LOGIC_v8_4(INIT=64'b010000...
Compiling module blk_mem_gen_v8_4_4.STATE_LOGIC_v8_4(INIT=64'b011111...
Compiling module blk_mem_gen_v8_4_4.STATE_LOGIC_v8_4(INIT=64'b01)
Compiling module blk_mem_gen_v8_4_4.STATE_LOGIC_v8_4(INIT=64'b010000...
Compiling module blk_mem_gen_v8_4_4.STATE_LOGIC_v8_4(INIT=64'b010001...
Compiling module blk_mem_gen_v8_4_4.STATE_LOGIC_v8_4(INIT=64'b011101...
Compiling module blk_mem_gen_v8_4_4.STATE_LOGIC_v8_4(INIT=64'b111111...
Compiling module blk_mem_gen_v8_4_4.STATE_LOGIC_v8_4(INIT=64'b010101...
Compiling module blk_mem_gen_v8_4_4.STATE_LOGIC_v8_4(INIT=64'b111100...
Compiling module blk_mem_gen_v8_4_4.beh_vlog_muxf7_v8_4
Compiling module blk_mem_gen_v8_4_4.STATE_LOGIC_v8_4(INIT=64'b010101...
Compiling module blk_mem_gen_v8_4_4.STATE_LOGIC_v8_4(INIT=64'b011100...
Compiling module blk_mem_gen_v8_4_4.STATE_LOGIC_v8_4(INIT=64'b011111...
Compiling module blk_mem_gen_v8_4_4.STATE_LOGIC_v8_4(INIT=64'b010001...
Compiling module blk_mem_gen_v8_4_4.STATE_LOGIC_v8_4(INIT=64'b010001...
Compiling module blk_mem_gen_v8_4_4.STATE_LOGIC_v8_4(INIT=64'b011100...
Compiling module blk_mem_gen_v8_4_4.read_netlist_v8_4(C_ADDRB_WIDTH=...
Compiling module blk_mem_gen_v8_4_4.blk_mem_axi_read_wrapper_beh_v8_...
Compiling module blk_mem_gen_v8_4_4.blk_mem_gen_v8_4_4_output_stage(...
Compiling module blk_mem_gen_v8_4_4.blk_mem_gen_v8_4_4_output_stage(...
Compiling module blk_mem_gen_v8_4_4.blk_mem_gen_v8_4_4_softecc_outpu...
Compiling module blk_mem_gen_v8_4_4.blk_mem_gen_v8_4_4_mem_module(C_...
Compiling module blk_mem_gen_v8_4_4.blk_mem_gen_v8_4_4(C_FAMILY="art...
Compiling module xil_defaultlib.axi_ram
Compiling module xil_defaultlib.axi_wrap_ram
Compiling module xil_defaultlib.confreg(SIMULATION=1'b1)
Compiling module xil_defaultlib.soc_axi_lite_top(SIMULATION=1'b1...
Compiling module xil_defaultlib.tb_top
WARNING: [XSIM 43-3373] "C:/Users/HP/OneDrive/桌面/stu/计组/组成与结构实验5/cache实验基础代码/cache_lab_v0.05/soc_axi_lite_loongson/testbench/mycpu_tb.v" Line 128. System function $fscanf is used as system task. This system function should have a LHS e.g. x=$fscanf().
Compiling module xil_defaultlib.glbl
Built simulation snapshot tb_top_behav

****** Webtalk v2019.2 (64-bit)
  **** SW Build 2708876 on Wed Nov  6 21:40:23 MST 2019
  **** IP Build 2700528 on Thu Nov  7 00:09:20 MST 2019
    ** Copyright 1986-2019 Xilinx, Inc. All Rights Reserved.

source C:/Users/HP/OneDrive/桌面/stu/计组/组成与结构实验5/cache实验基础代码/cache_lab_v0.05/soc_axi_lite_loongson/run_vivado/mycpu_prj1/mycpu.sim/sim_1/behav/xsim/xsim.dir/tb_top_behav/webtalk/xsim_webtalk.tcl -notrace
INFO: [Common 17-206] Exiting Webtalk at Sun May 11 10:31:38 2025...
run_program: Time (s): cpu = 00:00:06 ; elapsed = 00:01:17 . Memory (MB): peak = 1177.145 ; gain = 0.000
INFO: [USF-XSim-69] 'elaborate' step finished in '77' seconds
INFO: [USF-XSim-4] XSim::Simulate design
INFO: [USF-XSim-61] Executing 'SIMULATE' step in 'C:/Users/HP/OneDrive/桌面/stu/计组/组成与结构实验5/cache实验基础代码/cache_lab_v0.05/soc_axi_lite_loongson/run_vivado/mycpu_prj1/mycpu.sim/sim_1/behav/xsim'
INFO: [USF-XSim-98] *** Running xsim
   with args "tb_top_behav -key {Behavioral:sim_1:Functional:tb_top} -tclbatch {tb_top.tcl} -log {simulate.log}"
INFO: [USF-XSim-8] Loading simulator feature
Vivado Simulator 2019.2
Time resolution is 1 ps
source tb_top.tcl
# set curr_wave [current_wave_config]
# if { [string length $curr_wave] == 0 } {
#   if { [llength [get_objects]] > 0} {
#     add_wave /
#     set_property needs_save false [current_wave_config]
#   } else {
#      send_msg_id Add_Wave-1 WARNING "No top level signals found. Simulator will start without a wave window. If you want to open a wave window go to 'File->New Waveform Configuration' or type 'create_wave_config' in the TCL console."
#   }
# }
# log_wave -r /
WARNING: [Simtcl 6-197] One or more HDL objects could not be logged because of object type or size limitations.  To see details please rerun the command with -verbose (-v).
# run 1000ns
WARNING: Behavioral models for independent clock FIFO configurations do not model synchronization delays. The behavioral models are functionally correct, and will represent the behavior of the configured FIFO. See the FIFO Generator User Guide for more information.
WARNING: Behavioral models for independent clock FIFO configurations do not model synchronization delays. The behavioral models are functionally correct, and will represent the behavior of the configured FIFO. See the FIFO Generator User Guide for more information.
WARNING: Behavioral models for independent clock FIFO configurations do not model synchronization delays. The behavioral models are functionally correct, and will represent the behavior of the configured FIFO. See the FIFO Generator User Guide for more information.
WARNING: Behavioral models for independent clock FIFO configurations do not model synchronization delays. The behavioral models are functionally correct, and will represent the behavior of the configured FIFO. See the FIFO Generator User Guide for more information.
WARNING: Behavioral models for independent clock FIFO configurations do not model synchronization delays. The behavioral models are functionally correct, and will represent the behavior of the configured FIFO. See the FIFO Generator User Guide for more information.
 Block Memory Generator module loading initial data...
 Block Memory Generator data initialization complete.
Block Memory Generator module tb_top.soc_lite.u_axi_ram.ram.inst.axi_mem_module.blk_mem_gen_v8_4_4_inst is using a behavioral model for simulation which will not precisely model memory collision behavior.
run: Time (s): cpu = 00:00:08 ; elapsed = 00:00:05 . Memory (MB): peak = 1278.727 ; gain = 0.000
xsim: Time (s): cpu = 00:00:28 ; elapsed = 00:00:15 . Memory (MB): peak = 1278.727 ; gain = 73.836
INFO: [USF-XSim-96] XSim completed. Design snapshot 'tb_top_behav' loaded.
INFO: [USF-XSim-97] XSim simulation ran for 1000ns
launch_simulation: Time (s): cpu = 00:00:44 ; elapsed = 00:01:54 . Memory (MB): peak = 1278.727 ; gain = 101.582
close_sim
INFO: [Simtcl 6-16] Simulation closed
close_sim: Time (s): cpu = 00:00:05 ; elapsed = 00:00:09 . Memory (MB): peak = 1299.305 ; gain = 4.047
launch_simulation
Command: launch_simulation 
INFO: [Vivado 12-5698] Checking validity of IPs in the design for the 'XSim' simulator...
INFO: [Vivado 12-5682] Launching behavioral simulation in 'C:/Users/HP/OneDrive/桌面/stu/计组/组成与结构实验5/cache实验基础代码/cache_lab_v0.05/soc_axi_lite_loongson/run_vivado/mycpu_prj1/mycpu.sim/sim_1/behav/xsim'
INFO: [Vivado 12-4795] Using compiled simulation libraries for IPs
INFO: [SIM-utils-51] Simulation object is 'sim_1'
INFO: [USF-XSim-7] Finding pre-compiled libraries...
INFO: [USF-XSim-11] File 'F:/vivado/Vivado/2019.2/data/xsim/xsim.ini' copied to run dir:'C:/Users/HP/OneDrive/桌面/stu/计组/组成与结构实验5/cache实验基础代码/cache_lab_v0.05/soc_axi_lite_loongson/run_vivado/mycpu_prj1/mycpu.sim/sim_1/behav/xsim'
INFO: [SIM-utils-54] Inspecting design source files for 'tb_top' in fileset 'sim_1'...
INFO: [SIM-utils-43] Exported 'C:/Users/HP/OneDrive/桌面/stu/计组/组成与结构实验5/cache实验基础代码/cache_lab_v0.05/soc_axi_lite_loongson/run_vivado/mycpu_prj1/mycpu.sim/sim_1/behav/xsim/axi_ram.coe'
INFO: [SIM-utils-43] Exported 'C:/Users/HP/OneDrive/桌面/stu/计组/组成与结构实验5/cache实验基础代码/cache_lab_v0.05/soc_axi_lite_loongson/run_vivado/mycpu_prj1/mycpu.sim/sim_1/behav/xsim/axi_ram.mif'
INFO: [USF-XSim-97] Finding global include files...
INFO: [USF-XSim-98] Fetching design files from 'sim_1'...
INFO: [USF-XSim-2] XSim::Compile design
INFO: [USF-XSim-61] Executing 'COMPILE and ANALYZE' step in 'C:/Users/HP/OneDrive/桌面/stu/计组/组成与结构实验5/cache实验基础代码/cache_lab_v0.05/soc_axi_lite_loongson/run_vivado/mycpu_prj1/mycpu.sim/sim_1/behav/xsim'
"xvlog --incr --relax -prj tb_top_vlog.prj"
"xvhdl --incr --relax -prj tb_top_vhdl.prj"
run_program: Time (s): cpu = 00:00:01 ; elapsed = 00:00:07 . Memory (MB): peak = 1299.305 ; gain = 0.000
INFO: [USF-XSim-69] 'compile' step finished in '8' seconds
INFO: [USF-XSim-3] XSim::Elaborate design
INFO: [USF-XSim-61] Executing 'ELABORATE' step in 'C:/Users/HP/OneDrive/桌面/stu/计组/组成与结构实验5/cache实验基础代码/cache_lab_v0.05/soc_axi_lite_loongson/run_vivado/mycpu_prj1/mycpu.sim/sim_1/behav/xsim'
"xelab -wto 8de8692e6f7648c084645fde77f29b66 --incr --debug typical --relax --mt 2 -L xil_defaultlib -L blk_mem_gen_v8_4_4 -L generic_baseblocks_v2_1_0 -L axi_infrastructure_v1_1_0 -L axi_register_slice_v2_1_20 -L fifo_generator_v13_2_5 -L axi_data_fifo_v2_1_19 -L axi_crossbar_v2_1_21 -L axi_clock_converter_v2_1_19 -L xbip_utils_v3_0_10 -L xbip_pipe_v3_0_6 -L xbip_bram18k_v3_0_6 -L mult_gen_v12_0_16 -L unisims_ver -L unimacro_ver -L secureip -L xpm --snapshot tb_top_behav xil_defaultlib.tb_top xil_defaultlib.glbl -log elaborate.log"
Vivado Simulator 2019.2
Copyright 1986-1999, 2001-2019 Xilinx, Inc. All Rights Reserved.
Running: F:/vivado/Vivado/2019.2/bin/unwrapped/win64.o/xelab.exe -wto 8de8692e6f7648c084645fde77f29b66 --incr --debug typical --relax --mt 2 -L xil_defaultlib -L blk_mem_gen_v8_4_4 -L generic_baseblocks_v2_1_0 -L axi_infrastructure_v1_1_0 -L axi_register_slice_v2_1_20 -L fifo_generator_v13_2_5 -L axi_data_fifo_v2_1_19 -L axi_crossbar_v2_1_21 -L axi_clock_converter_v2_1_19 -L xbip_utils_v3_0_10 -L xbip_pipe_v3_0_6 -L xbip_bram18k_v3_0_6 -L mult_gen_v12_0_16 -L unisims_ver -L unimacro_ver -L secureip -L xpm --snapshot tb_top_behav xil_defaultlib.tb_top xil_defaultlib.glbl -log elaborate.log 
Using 2 slave threads.
Starting static elaboration
Pass Through NonSizing Optimizer
WARNING: [VRFC 10-3091] actual bit length 4 differs from formal bit length 8 for port 'arlen' [C:/Users/HP/OneDrive/桌面/stu/计组/组成与结构实验5/cache实验基础代码/cache_lab_v0.05/soc_axi_lite_loongson/rtl/soc_axi_lite_top.v:327]
WARNING: [VRFC 10-3091] actual bit length 4 differs from formal bit length 8 for port 'awlen' [C:/Users/HP/OneDrive/桌面/stu/计组/组成与结构实验5/cache实验基础代码/cache_lab_v0.05/soc_axi_lite_loongson/rtl/soc_axi_lite_top.v:345]
WARNING: [VRFC 10-3091] actual bit length 4 differs from formal bit length 8 for port 'arlen' [C:/Users/HP/OneDrive/桌面/stu/计组/组成与结构实验5/cache实验基础代码/cache_lab_v0.05/soc_axi_lite_loongson/rtl/soc_axi_lite_top.v:692]
WARNING: [VRFC 10-3091] actual bit length 4 differs from formal bit length 8 for port 'awlen' [C:/Users/HP/OneDrive/桌面/stu/计组/组成与结构实验5/cache实验基础代码/cache_lab_v0.05/soc_axi_lite_loongson/rtl/soc_axi_lite_top.v:708]
WARNING: [VRFC 10-5021] port 'aclk2x' is not connected on this instance [/wrk/2019.2/continuous/2019_11_06_2708876/packages/customer/vivado/data/ip/xilinx/axi_crossbar_v2_1/hdl/axi_crossbar_v2_1_vl_rfs.v:3103]
Completed static elaboration
INFO: [XSIM 43-4323] No Change in HDL. Linking previously generated obj files to create kernel
run_program: Time (s): cpu = 00:00:03 ; elapsed = 00:00:31 . Memory (MB): peak = 1299.305 ; gain = 0.000
INFO: [USF-XSim-69] 'elaborate' step finished in '31' seconds
INFO: [USF-XSim-4] XSim::Simulate design
INFO: [USF-XSim-61] Executing 'SIMULATE' step in 'C:/Users/HP/OneDrive/桌面/stu/计组/组成与结构实验5/cache实验基础代码/cache_lab_v0.05/soc_axi_lite_loongson/run_vivado/mycpu_prj1/mycpu.sim/sim_1/behav/xsim'
INFO: [USF-XSim-98] *** Running xsim
   with args "tb_top_behav -key {Behavioral:sim_1:Functional:tb_top} -tclbatch {tb_top.tcl} -log {simulate.log}"
INFO: [USF-XSim-8] Loading simulator feature
Vivado Simulator 2019.2
Time resolution is 1 ps
source tb_top.tcl
# set curr_wave [current_wave_config]
# if { [string length $curr_wave] == 0 } {
#   if { [llength [get_objects]] > 0} {
#     add_wave /
#     set_property needs_save false [current_wave_config]
#   } else {
#      send_msg_id Add_Wave-1 WARNING "No top level signals found. Simulator will start without a wave window. If you want to open a wave window go to 'File->New Waveform Configuration' or type 'create_wave_config' in the TCL console."
#   }
# }
# log_wave -r /
WARNING: [Simtcl 6-197] One or more HDL objects could not be logged because of object type or size limitations.  To see details please rerun the command with -verbose (-v).
# run 1000ns
WARNING: Behavioral models for independent clock FIFO configurations do not model synchronization delays. The behavioral models are functionally correct, and will represent the behavior of the configured FIFO. See the FIFO Generator User Guide for more information.
WARNING: Behavioral models for independent clock FIFO configurations do not model synchronization delays. The behavioral models are functionally correct, and will represent the behavior of the configured FIFO. See the FIFO Generator User Guide for more information.
WARNING: Behavioral models for independent clock FIFO configurations do not model synchronization delays. The behavioral models are functionally correct, and will represent the behavior of the configured FIFO. See the FIFO Generator User Guide for more information.
WARNING: Behavioral models for independent clock FIFO configurations do not model synchronization delays. The behavioral models are functionally correct, and will represent the behavior of the configured FIFO. See the FIFO Generator User Guide for more information.
WARNING: Behavioral models for independent clock FIFO configurations do not model synchronization delays. The behavioral models are functionally correct, and will represent the behavior of the configured FIFO. See the FIFO Generator User Guide for more information.
 Block Memory Generator module loading initial data...
 Block Memory Generator data initialization complete.
Block Memory Generator module tb_top.soc_lite.u_axi_ram.ram.inst.axi_mem_module.blk_mem_gen_v8_4_4_inst is using a behavioral model for simulation which will not precisely model memory collision behavior.
xsim: Time (s): cpu = 00:00:14 ; elapsed = 00:00:10 . Memory (MB): peak = 1299.305 ; gain = 0.000
INFO: [USF-XSim-96] XSim completed. Design snapshot 'tb_top_behav' loaded.
INFO: [USF-XSim-97] XSim simulation ran for 1000ns
launch_simulation: Time (s): cpu = 00:00:22 ; elapsed = 00:00:53 . Memory (MB): peak = 1299.305 ; gain = 0.000
run all
==============================================================
Test begin!
shell1 test begin.

